<?xml version="1.0" encoding="utf-8"?>
<ClinicalDocument xmlns="urn:hl7-org:v3" xmlns:sdtc="urn:hl7-org:sdtc" xmlns:xsi="http://www.w3.org/2001/XMLSchema-instance" xmlns:xs="http://www.w3.org/2001/XMLSchema" xmlns:fn="http://www.w3.org/2005/xpath-functions">
  <realmCode code="US" />
  <typeId root="2.16.840.1.113883.1.3" extension="POCD_HD000040" />
  <templateId root="2.16.840.1.113883.10.20.22.1.1" extension="2015-08-01" />
  <templateId root="2.16.840.1.113883.10.20.22.1.1" />
  <templateId root="2.16.840.1.113883.10.20.22.1.2" extension="2015-08-01" />
  <templateId root="2.16.840.1.113883.10.20.22.1.2" />
  <id root="2.16.840.1.113883.3.669" extension="4120822e-495d-4290-bf4a-101876b47c55" />
  <code code="34133-9" displayName="Summarization of Episode Note" codeSystemName="LOINC" codeSystem="2.16.840.1.113883.6.1" />
  <title>Myra Jones Export Summary</title>
  <effectiveTime value="20170124020120-0500" />
  <confidentialityCode code="N" displayName="Normal Sharing" codeSystem="2.16.840.1.113883.5.25" codeSystemName="HL7 Confidentiality" />
  <languageCode code="en-US" />
  <recordTarget>
    <patientRole>
      <id extension="257" root="2.16.840.1.113883.3.669" />
      <addr>
        <streetAddressLine>1357 Amber Drive</streetAddressLine>
        <city>BEAVERTON</city>
        <state>OR</state>
        <postalCode>97006</postalCode>
        <country>US</country>
      </addr>
      <telecom value="tel:+1-816-276-6909" use="HP" />
      <patient>
        <name use="L">
          <prefix qualifier="AC">Mrs.</prefix>
          <given qualifier="CL">Myra</given>
          <family>Jones</family>
        </name>
        <administrativeGenderCode code="F" displayName="Female" codeSystemName="HL7 AdministrativeGenderCodes" codeSystem="2.16.840.1.113883.5.1">
          <originalText>AdministrativeGender codes are: M (Male), F (Female) or UNK (Unknown).</originalText>
        </administrativeGenderCode>
        <birthTime value="19470501" />
        <maritalStatusCode code="M" displayName="Married" codeSystemName="MaritalStatusCode" codeSystem="2.16.840.1.113883.5.2" />
        <religiousAffiliationCode code="1013" displayName="Christian" codeSystemName="Religious Affiliation" codeSystem="2.16.840.1.113883.5.1076" />
        <raceCode code="2106-3" displayName="White" codeSystemName="CDC Race and Ethnicity" codeSystem="2.16.840.1.113883.6.238" />
        <ethnicGroupCode code="2186-5" displayName="Not Hispanic or Latino" codeSystemName="CDC Race and Ethnicity" codeSystem="2.16.840.1.113883.6.238" />
        <languageCommunication>
          <languageCode code="en" />
          <preferenceInd value="true" />
        </languageCommunication>
      </patient>
      <providerOrganization>
        <id root="2.16.840.1.113883.3.669" extension="0001" />
        <name>Neighborhood Physcians Practice</name>
        <telecom value="tel:+1-555-555-1002" use="WP" />
        <addr>
          <streetAddressLine>2472, Rocky Place</streetAddressLine>
          <city>BEAVERTON</city>
          <state>OR</state>
          <postalCode>97006</postalCode>
          <country>US</country>
        </addr>
      </providerOrganization>
    </patientRole>
  </recordTarget>
  <author>
    <time value="20170124020120-0000" />
    <assignedAuthor>
      <id root="2.16.840.1.113883.4.6" />
      <addr nullFlavor="NI" />
      <telecom nullFlavor="NI" />
      <assignedPerson>
        <name use="L">
          <prefix>Mr.</prefix>
          <given>Matt</given>
          <family>Anderson</family>
        </name>
      </assignedPerson>
    </assignedAuthor>
  </author>
  <informant>
    <assignedEntity>
      <id root="2.16.840.1.113883.3.669" extension="28" />
      <addr nullFlavor="NI" />
      <telecom nullFlavor="NI" />
      <assignedPerson>
        <name use="L">
          <prefix>Mr.</prefix>
          <given>Matt</given>
          <family>Anderson</family>
        </name>
      </assignedPerson>
    </assignedEntity>
  </informant>
  <custodian>
    <assignedCustodian>
      <representedCustodianOrganization>
        <id root="2.16.840.1.113883.3.669" extension="0001" />
        <name>Neighborhood Physcians Practice</name>
        <telecom value="tel:+1-555-555-1002" use="WP" />
        <addr>
          <streetAddressLine>2472, Rocky Place</streetAddressLine>
          <city>BEAVERTON</city>
          <state>OR</state>
          <postalCode>97006</postalCode>
          <country>US</country>
        </addr>
      </representedCustodianOrganization>
    </assignedCustodian>
  </custodian>
  <participant typeCode="IND">
    <time nullFlavor="UNK" />
    <associatedEntity classCode="PRS">
      <addr>
        <streetAddressLine>1357 Amber Drive</streetAddressLine>
        <city>Beaverton</city>
        <state>OR</state>
        <postalCode>97006</postalCode>
        <country>US</country>
      </addr>
      <telecom value="tel:+1-555-555-2006" use="WP" />
      <associatedPerson>
        <name use="L">
          <prefix>Mr.</prefix>
          <given>Ralph</given>
          <family>Jones</family>
        </name>
      </associatedPerson>
    </associatedEntity>
  </participant>
  <participant typeCode="IND">
    <time nullFlavor="UNK" />
    <associatedEntity classCode="PRS">
      <addr>
        <streetAddressLine>1357 Amber Drive</streetAddressLine>
        <city>Beaverton</city>
        <state>OR</state>
        <postalCode>97006</postalCode>
        <country>US</country>
      </addr>
      <telecom value="tel:+1-555-555-2006" use="WP" />
      <associatedPerson>
        <name use="L">
          <prefix>Mr.</prefix>
          <given>Frank</given>
          <family>Jones</family>
        </name>
      </associatedPerson>
    </associatedEntity>
  </participant>
  <documentationOf>
    <serviceEvent classCode="PCPR">
      <effectiveTime>
        <low nullFlavor="UNK" />
        <high nullFlavor="UNK" />
      </effectiveTime>
    </serviceEvent>
  </documentationOf>
  <component>
    <structuredBody>
      <component>
        <section>
          <templateId root="2.16.840.1.113883.10.20.22.2.6.1" extension="2015-08-01" />
          <templateId root="2.16.840.1.113883.10.20.22.2.6" />
          <templateId root="2.16.840.1.113883.10.20.22.2.6.1" />
          <code code="48765-2" codeSystem="2.16.840.1.113883.6.1" />
          <title>Allergies and Adverse Reactions</title>
          <text>
            <table border="1" width="100%">
              <thead>
                <tr>
                  <th>Substance</th>
                  <th>Reaction</th>
                  <th>Severity</th>
                  <th>Status</th>
                </tr>
              </thead>
              <tbody>
                <tr>
                  <td>
                    <content ID="allergy-1">Aspirin</content>
                  </td>
                  <td>Hives</td>
                  <td>Mild to Moderate</td>
                  <td>active</td>
                </tr>
                <tr>
                  <td>
                    <content ID="allergy-2">Codeine</content>
                  </td>
                  <td>Shortness of Breath</td>
                  <td>Moderate</td>
                  <td>active</td>
                </tr>
              </tbody>
            </table>
          </text>
          <entry typeCode="DRIV">
            <act classCode="ACT" moodCode="EVN">
              <templateId root="2.16.840.1.113883.10.20.22.4.30" extension="2015-08-01" />
              <templateId root="2.16.840.1.113883.10.20.22.4.30" />
              <id root="79fdfb03-e2a9-4ddf-ab17-c2cdfb753a99" />
              <code code="48765-2" codeSystem="2.16.840.1.113883.6.1" codeSystemName="LOINC" displayName="ALLERGIES AND ADVERSE REACTIONS" />
              <statusCode code="active" />
              <effectiveTime>
                <low value="20080501" />
              </effectiveTime>
              <entryRelationship typeCode="SUBJ">
                <observation classCode="OBS" moodCode="EVN">
                  <templateId root="2.16.840.1.113883.10.20.22.4.7" extension="2014-06-09" />
                  <templateId root="2.16.840.1.113883.10.20.22.4.7" />
                  <id root="ea256c84-9256-446f-b8c0-4170cbab095d" />
                  <code code="ASSERTION" codeSystem="2.16.840.1.113883.5.4" />
                  <statusCode code="completed" />
                  <effectiveTime>
                    <low value="20080501" />
                    <high nullFlavor="UNK" />
                  </effectiveTime>
                  <value xsi:type="CD" code="416098002" displayName="Drug Allergy" codeSystemName="SNOMED CT" codeSystem="2.16.840.1.113883.6.96" />
                  <participant typeCode="CSM">
                    <participantRole classCode="MANU">
                      <playingEntity classCode="MMAT">
                        <code code="1191" displayName="Aspirin" codeSystemName="RxNorm" codeSystem="2.16.840.1.113883.6.88">
                          <originalText>
                            <reference value="#allergy-1" />
                          </originalText>
                        </code>
                        <name>Aspirin</name>
                      </playingEntity>
                    </participantRole>
                  </participant>
                  <entryRelationship typeCode="SUBJ" inversionInd="true">
                    <observation classCode="OBS" moodCode="EVN">
                      <templateId root="2.16.840.1.113883.10.20.22.4.28" />
                      <code code="33999-4" displayName="Status" codeSystem="2.16.840.1.113883.6.1" codeSystemName="LOINC" />
                      <statusCode code="completed" />
                      <value codeSystem="2.16.840.1.113883.6.96" codeSystemName="SNOMED CT" xsi:type="CE" displayName="active" code="55561003" />
                    </observation>
                  </entryRelationship>
                  <entryRelationship typeCode="MFST" inversionInd="true">
                    <observation classCode="OBS" moodCode="EVN">
                      <templateId root="2.16.840.1.113883.10.20.22.4.9" extension="2014-06-09" />
                      <templateId root="2.16.840.1.113883.10.20.22.4.9" />
                      <id root="79fdfb03-e2a9-4ddf-ab17-c2cdfb753a99" />
                      <code code="ASSERTION" codeSystem="2.16.840.1.113883.5.4" />
                      <text>
                        <reference value="#reaction-1" />
                      </text>
                      <statusCode code="completed" />
                      <value code="247472004" displayName="Hives" xsi:type="CD" codeSystemName="SNOMED CT" codeSystem="2.16.840.1.113883.6.96" />
                      <entryRelationship typeCode="SUBJ" inversionInd="true">
                        <observation classCode="OBS" moodCode="EVN">
                          <templateId root="2.16.840.1.113883.10.20.22.4.8" extension="2014-06-09" />
                          <templateId root="2.16.840.1.113883.10.20.22.4.8" />
                          <code code="SEV" displayName="Severity" codeSystemName="ActCode" codeSystem="2.16.840.1.113883.5.4" />
                          <statusCode code="completed" />
                          <value code="371923003" displayName="Mild to Moderate" xsi:type="CD" codeSystemName="SNOMED CT" codeSystem="2.16.840.1.113883.6.96" />
                        </observation>
                      </entryRelationship>
                    </observation>
                  </entryRelationship>
                </observation>
              </entryRelationship>
            </act>
          </entry>
          <entry typeCode="DRIV">
            <act classCode="ACT" moodCode="EVN">
              <templateId root="2.16.840.1.113883.10.20.22.4.30" extension="2015-08-01" />
              <templateId root="2.16.840.1.113883.10.20.22.4.30" />
              <id root="2ee3fd2b-1800-4870-bd06-b185944fab66" />
              <code code="48765-2" codeSystem="2.16.840.1.113883.6.1" codeSystemName="LOINC" displayName="ALLERGIES AND ADVERSE REACTIONS" />
              <statusCode code="active" />
              <effectiveTime>
                <low value="20060501" />
              </effectiveTime>
              <entryRelationship typeCode="SUBJ">
                <observation classCode="OBS" moodCode="EVN">
                  <templateId root="2.16.840.1.113883.10.20.22.4.7" extension="2014-06-09" />
                  <templateId root="2.16.840.1.113883.10.20.22.4.7" />
                  <id root="cc3e9a6e-eaf8-491e-9116-8690eaec3f08" />
                  <code code="ASSERTION" codeSystem="2.16.840.1.113883.5.4" />
                  <statusCode code="completed" />
                  <effectiveTime>
                    <low value="20060501" />
                    <high nullFlavor="UNK" />
                  </effectiveTime>
                  <value xsi:type="CD" code="416098002" displayName="Drug Allergy" codeSystemName="SNOMED CT" codeSystem="2.16.840.1.113883.6.96" />
                  <participant typeCode="CSM">
                    <participantRole classCode="MANU">
                      <playingEntity classCode="MMAT">
                        <code code="2670" displayName="Codeine" codeSystemName="RxNorm" codeSystem="2.16.840.1.113883.6.88">
                          <originalText>
                            <reference value="#allergy-2" />
                          </originalText>
                        </code>
                        <name>Codeine</name>
                      </playingEntity>
                    </participantRole>
                  </participant>
                  <entryRelationship typeCode="SUBJ" inversionInd="true">
                    <observation classCode="OBS" moodCode="EVN">
                      <templateId root="2.16.840.1.113883.10.20.22.4.28" />
                      <code code="33999-4" displayName="Status" codeSystem="2.16.840.1.113883.6.1" codeSystemName="LOINC" />
                      <statusCode code="completed" />
                      <value codeSystem="2.16.840.1.113883.6.96" codeSystemName="SNOMED CT" xsi:type="CE" displayName="active" code="55561003" />
                    </observation>
                  </entryRelationship>
                  <entryRelationship typeCode="MFST" inversionInd="true">
                    <observation classCode="OBS" moodCode="EVN">
                      <templateId root="2.16.840.1.113883.10.20.22.4.9" extension="2014-06-09" />
                      <templateId root="2.16.840.1.113883.10.20.22.4.9" />
                      <id root="79fdfb03-e2a9-4ddf-ab17-c2cdfb753a99" />
                      <code code="ASSERTION" codeSystem="2.16.840.1.113883.5.4" />
                      <text>
                        <reference value="#reaction-2" />
                      </text>
                      <statusCode code="completed" />
                      <value code="267036007" displayName="Shortness of Breath" xsi:type="CD" codeSystemName="SNOMED CT" codeSystem="2.16.840.1.113883.6.96" />
                      <entryRelationship typeCode="SUBJ" inversionInd="true">
                        <observation classCode="OBS" moodCode="EVN">
                          <templateId root="2.16.840.1.113883.10.20.22.4.8" extension="2014-06-09" />
                          <templateId root="2.16.840.1.113883.10.20.22.4.8" />
                          <code code="SEV" displayName="Severity" codeSystemName="ActCode" codeSystem="2.16.840.1.113883.5.4" />
                          <statusCode code="completed" />
                          <value code="6736007" displayName="Moderate" xsi:type="CD" codeSystemName="SNOMED CT" codeSystem="2.16.840.1.113883.6.96" />
                        </observation>
                      </entryRelationship>
                    </observation>
                  </entryRelationship>
                </observation>
              </entryRelationship>
            </act>
          </entry>
        </section>
      </component>
      <component>
        <section>
          <templateId root="2.16.840.1.113883.10.20.22.2.1.1" extension="2014-06-09" />
          <templateId root="2.16.840.1.113883.10.20.22.2.1" />
          <templateId root="2.16.840.1.113883.10.20.22.2.1.1" />
          <code code="10160-0" displayName="History of medication use" codeSystemName="LOINC" codeSystem="2.16.840.1.113883.6.1" />
          <title>Medications</title>
          <text>
            <table border="1" width="100%">
              <thead>
                <tr>
                  <th>Medication</th>
                  <th>Instructions</th>
                  <th>Date</th>
                </tr>
              </thead>
              <tbody>
                <tr>
                  <td>Albuterol 0.09 MG/ACTUAT inhalant powder</td>
                  <td>
                    <content ID="sig-1"> 0.09 MG/ACTUAT inhalant powder, 2 puffs once, every 12 hours</content>
                  </td>
                  <td>August 1, 2012</td>
                </tr>
              </tbody>
            </table>
          </text>
          <entry typeCode="DRIV">
            <substanceAdministration classCode="SBADM" moodCode="INT">
              <templateId root="2.16.840.1.113883.10.20.22.4.16" extension="2014-06-09" />
              <templateId root="2.16.840.1.113883.10.20.22.4.16" />
              <id root="26e4fbd6-cd57-49ae-ad46-161ffbc9187f" />
              <statusCode code="completed" />
              <effectiveTime xsi:type="IVL_TS">
                <low value="20120801" />
                <high nullFlavor="UNK" />
              </effectiveTime>
              <effectiveTime xsi:type="PIVL_TS" operator="A">
                <period value="12" unit="h" />
              </effectiveTime>
              <routeCode code="C38216" displayName="RESPIRATORY (INHALATION)" codeSystemName="NCI Thesaurus" codeSystem="2.16.840.1.113883.3.26.1.1" />
              <doseQuantity nullFlavor="NI" />
              <consumable>
                <manufacturedProduct classCode="MANU">
                  <templateId root="2.16.840.1.113883.10.20.22.4.23" extension="2014-06-09" />
                  <templateId root="2.16.840.1.113883.10.20.22.4.23" />
                  <manufacturedMaterial>
                    <code code="582498" displayName="Albuterol 0.09 MG/ACTUAT inhalant powder" codeSystemName="RxNorm" codeSystem="2.16.840.1.113883.6.88" />
                  </manufacturedMaterial>
                </manufacturedProduct>
              </consumable>
              <entryRelationship typeCode="COMP">
                <substanceAdministration classCode="SBADM" moodCode="INT">
                  <templateId root="2.16.840.1.113883.10.20.22.4.147" />
                  <code code="76662-6" codeSystem="2.16.840.1.113883.6.1" codeSystemName="LOINC" displayName="Medication Instructions" />
                  <text>
                    <reference value="#sig-1" />
                  </text>
                  <consumable>
                    <manufacturedProduct>
                      <manufacturedLabeledDrug nullFlavor="NA" />
                    </manufacturedProduct>
                  </consumable>
                </substanceAdministration>
              </entryRelationship>
            </substanceAdministration>
          </entry>
        </section>
      </component>
      <component>
        <section>
          <templateId root="2.16.840.1.113883.10.20.22.2.5" />
          <templateId root="2.16.840.1.113883.10.20.22.2.5" extension="2015-08-01" />
          <templateId root="2.16.840.1.113883.10.20.22.2.5.1" />
          <templateId root="2.16.840.1.113883.10.20.22.2.5.1" extension="2015-08-01" />
          <code code="11450-4" displayName="Problem List" codeSystemName="LOINC" codeSystem="2.16.840.1.113883.6.1" />
          <title>Problems</title>
          <text>
            <table border="1" width="100%">
              <thead>
                <tr>
                  <th>Condition</th>
                  <th>Date</th>
                  <th>Status</th>
                </tr>
              </thead>
              <tbody>
                <tr>
                  <td>
                    <content ID="problem-1">Pneumonia, unspecified organism</content>
                  </td>
                  <td>August 6, 2012 </td>
                  <td>active</td>
                </tr>
                <tr>
                  <td>
                    <content ID="problem-2">Unspecified asthma, uncomplicated</content>
                  </td>
                  <td>January 3, 2007 </td>
                  <td>active</td>
                </tr>
              </tbody>
            </table>
          </text>
          <entry typeCode="DRIV">
            <act classCode="ACT" moodCode="EVN">
              <templateId root="2.16.840.1.113883.10.20.22.4.3" />
              <templateId root="2.16.840.1.113883.10.20.22.4.3" extension="2015-08-01" />
              <id root="55c5e375-54b1-42b5-8e9f-cd513ba28456" />
              <code code="CONC" codeSystem="2.16.840.1.113883.5.6" displayName="Concern" />
              <statusCode code="active" />
              <effectiveTime>
                <low value="20120806000000" />
              </effectiveTime>
              <entryRelationship typeCode="SUBJ">
                <observation classCode="OBS" moodCode="EVN">
                  <templateId root="2.16.840.1.113883.10.20.22.4.4" />
                  <templateId root="2.16.840.1.113883.10.20.22.4.4" extension="2015-08-01" />
                  <id root="8b3efed3-705e-4621-afca-5348fb649457" />
                  <code code="282291009" displayName="Diagnosis" codeSystemName="SNOMED CT" codeSystem="2.16.840.1.113883.6.96">
                    <translation code="29308-4" codeSystem="2.16.840.1.113883.6.1" codeSystemName="LOINC" displayName="Diagnosis" />
                  </code>
                  <text>
                    <reference value="#problem-1" />
                  </text>
                  <statusCode code="completed" />
                  <effectiveTime>
                    <low value="20120806000000" />
                  </effectiveTime>
                  <value xsi:type="CD" code="233604007" displayName="Pneumonia, unspecified organism" codeSystemName="SNOMED CT" codeSystem="2.16.840.1.113883.6.96" />
                </observation>
              </entryRelationship>
            </act>
          </entry>
          <entry typeCode="DRIV">
            <act classCode="ACT" moodCode="EVN">
              <templateId root="2.16.840.1.113883.10.20.22.4.3" />
              <templateId root="2.16.840.1.113883.10.20.22.4.3" extension="2015-08-01" />
              <id root="da89da9e-fe18-4fd3-8776-9f0258cb612b" />
              <code code="CONC" codeSystem="2.16.840.1.113883.5.6" displayName="Concern" />
              <statusCode code="active" />
              <effectiveTime>
                <low value="20070103000000" />
              </effectiveTime>
              <entryRelationship typeCode="SUBJ">
                <observation classCode="OBS" moodCode="EVN">
                  <templateId root="2.16.840.1.113883.10.20.22.4.4" />
                  <templateId root="2.16.840.1.113883.10.20.22.4.4" extension="2015-08-01" />
                  <id root="4201f0ed-b496-4630-b40b-464c21c287c9" />
                  <code code="282291009" displayName="Diagnosis" codeSystemName="SNOMED CT" codeSystem="2.16.840.1.113883.6.96">
                    <translation code="29308-4" codeSystem="2.16.840.1.113883.6.1" codeSystemName="LOINC" displayName="Diagnosis" />
                  </code>
                  <text>
                    <reference value="#problem-2" />
                  </text>
                  <statusCode code="completed" />
                  <effectiveTime>
                    <low value="20070103000000" />
                  </effectiveTime>
                  <value xsi:type="CD" code="195967001" displayName="Unspecified asthma, uncomplicated" codeSystemName="SNOMED CT" codeSystem="2.16.840.1.113883.6.96" />
                </observation>
              </entryRelationship>
            </act>
          </entry>
        </section>
      </component>
      <component>
        <section>
          <templateId root="2.16.840.1.113883.10.20.22.2.22" />
          <templateId root="2.16.840.1.113883.10.20.22.2.22.1" />
          <templateId root="2.16.840.1.113883.10.20.22.2.22.1" extension="2015-08-01" />
          <code code="46240-8" displayName="HISTORY OF ENCOUNTERS" codeSystem="2.16.840.1.113883.6.1" codeSystemName="LOINC" />
          <title>Encounter Diagnosis</title>
          <text>
            <paragraph>Not included in this report / available at patient request.</paragraph>
          </text>
          <entry typeCode="DRIV">
            <encounter classCode="ENC" moodCode="EVN">
              <templateId root="2.16.840.1.113883.10.20.22.4.49" />
              <templateId root="2.16.840.1.113883.10.20.22.4.49" extension="2015-08-01" />
              <id root="2a620155-9d11-439e-92b3-5d9815ff4de8" />
              <code nullFlavor="NI" />
              <effectiveTime nullFlavor="UNK" />
              <participant typeCode="LOC">
                <participantRole classCode="SDLOC">
                  <templateId root="2.16.840.1.113883.10.20.22.4.32" />
                  <code nullFlavor="NI" />
                  <addr nullFlavor="NI" />
                  <telecom nullFlavor="NI" />
                </participantRole>
              </participant>
            </encounter>
          </entry>
        </section>
      </component>
      <component>
        <section nullFlavor="NI">
          <templateId root="2.16.840.1.113883.10.20.22.2.2.1" />
          <templateId root="2.16.840.1.113883.10.20.22.2.2.1" extension="2014-06-09" />
          <code code="11369-6" displayName="History of immunizations" codeSystem="2.16.840.1.113883.6.1" codeSystemName="LOINC" />
          <title>Immunizations</title>
          <text>
            <content ID="immun-1">Not included in this report / available at patient request.</content>
          </text>
          <entry typeCode="DRIV">
            <substanceAdministration classCode="SBADM" moodCode="EVN" negationInd="true">
              <templateId root="2.16.840.1.113883.10.20.22.4.52" />
              <templateId root="2.16.840.1.113883.10.20.22.4.52" extension="2015-08-01" />
              <id root="12dcd70d-2676-4906-b42a-5942f144a3db" />
              <statusCode code="completed" />
              <effectiveTime nullFlavor="NI" />
              <consumable>
                <manufacturedProduct classCode="MANU">
                  <templateId root="2.16.840.1.113883.10.20.22.4.54" />
                  <templateId root="2.16.840.1.113883.10.20.22.4.54" extension="2014-06-09" />
                  <manufacturedMaterial>
                    <code nullFlavor="OTH">
                      <originalText>Vaccination</originalText>
                      <translation code="71181003" displayName="vaccine" codeSystem="2.16.840.1.113883.6.96" codeSystemName="SNOMED-CT" />
                    </code>
                    <lotNumberText nullFlavor="NI" />
                  </manufacturedMaterial>
                </manufacturedProduct>
              </consumable>
            </substanceAdministration>
          </entry>
        </section>
      </component>
      <component>
        <section>
          <templateId root="2.16.840.1.113883.10.20.22.2.4" />
          <templateId root="2.16.840.1.113883.10.20.22.2.4.1" />
          <templateId root="2.16.840.1.113883.10.20.22.2.4.1" extension="2015-08-01" />
          <code code="8716-3" displayName="Vital signs" codeSystem="2.16.840.1.113883.6.1" codeSystemName="LOINC" />
          <title>Vital Signs</title>
          <text>Not included in this report / available at patient request.</text>
          <entry typeCode="DRIV">
            <organizer classCode="CLUSTER" moodCode="EVN">
              <templateId root="2.16.840.1.113883.10.20.22.4.26" />
              <templateId root="2.16.840.1.113883.10.20.22.4.26" extension="2015-08-01" />
              <id root="9258223e-ce9e-4547-b8b2-7b9e3d0a3d9d" />
              <code code="46680005" displayName="Vital signs" codeSystem="2.16.840.1.113883.6.96" codeSystemName="SNOMED CT">
                <translation code="74728-7" codeSystem="2.16.840.1.113883.6.1" codeSystemName="LOINC" displayName="Vital signs, weight, height, head circumference, oximetry, BMI, and BSA panel" />
              </code>
              <statusCode code="completed" />
              <effectiveTime nullFlavor="NI" />
              <component>
                <observation classCode="OBS" moodCode="EVN" nullFlavor="NI">
                  <templateId root="2.16.840.1.113883.10.20.22.4.27" />
                  <templateId root="2.16.840.1.113883.10.20.22.4.27" extension="2014-06-09" />
                  <id root="526601ad-4469-4821-b2f8-dd7134ba3cda" />
                  <code nullFlavor="NI" />
                  <statusCode code="completed" />
                  <effectiveTime nullFlavor="NI" />
                  <value xsi:type="PQ" nullFlavor="NI" />
                </observation>
              </component>
            </organizer>
          </entry>
        </section>
      </component>
      <component>
        <section nullFlavor="NI">
          <templateId root="2.16.840.1.113883.10.20.22.2.17" />
          <templateId root="2.16.840.1.113883.10.20.22.2.17" extension="2015-08-01" />
          <code code="29762-2" codeSystem="2.16.840.1.113883.6.1" displayName="Social History" />
          <title>Social History</title>
          <text>
            <content ID="soc-1" />Not included in this report / available at patient request.
        </text>
          <entry typeCode="DRIV">
            <observation classCode="OBS" moodCode="EVN">
              <templateId root="2.16.840.1.113883.10.20.22.4.78" />
              <templateId root="2.16.840.1.113883.10.20.22.4.78" extension="2014-06-09" />
              <id root="115d555d-a2f4-4cf0-9456-1a1f58cc54fe" />
              <code code="72166-2" codeSystem="2.16.840.1.113883.6.1" displayName="Tobacco smoking status NHIS" />
              <statusCode code="completed" />
              <effectiveTime nullFlavor="NI" />
              <value xsi:type="CD" nullFlavor="NI">
                <originalText>
                  <reference value="#soc-1" />
                </originalText>
              </value>
            </observation>
          </entry>
        </section>
      </component>
      <component>
        <section>
          <templateId root="2.16.840.1.113883.10.20.22.2.7.1" />
          <templateId root="2.16.840.1.113883.10.20.22.2.7.1" extension="2014-06-09" />
          <code code="47519-4" displayName="History of Procedures" codeSystem="2.16.840.1.113883.6.1" codeSystemName="LOINC" />
          <title>Procedures</title>
          <text>
            <content ID="proc-1">Not included in this report / available at patient request.</content>
          </text>
          <entry>
            <procedure classCode="PROC" moodCode="EVN" negationInd="true">
              <templateId root="2.16.840.1.113883.10.20.22.4.14" />
              <templateId root="2.16.840.1.113883.10.20.22.4.14" extension="2014-06-09" />
              <id root="4643eda7-98f7-4ac9-bde4-5e0c9f4dcca1" />
              <code nullFlavor="NI">
                <originalText>
                  <reference value="#proc-1" />
                </originalText>
              </code>
              <statusCode code="completed" />
              <effectiveTime nullFlavor="NA" />
            </procedure>
          </entry>
        </section>
      </component>
      <component>
        <section nullFlavor="NI">
          <templateId root="2.16.840.1.113883.10.20.22.2.3" />
          <templateId root="2.16.840.1.113883.10.20.22.2.3.1" />
          <templateId root="2.16.840.1.113883.10.20.22.2.3.1" extension="2015-08-01" />
          <code code="30954-2" displayName="Lab Result" codeSystem="2.16.840.1.113883.6.1" codeSystemName="LOINC" />
          <title>Results</title>
          <text>
            <content ID="results1">Not included in this report / available at patient request.</content>
          </text>
          <entry typeCode="DRIV">
            <organizer classCode="BATTERY" moodCode="EVN">
              <templateId root="2.16.840.1.113883.10.20.22.4.1" />
              <id root="d3e2a547-a90a-48cf-9cf1-a1ff08dd9900" />
              <code nullFlavor="NI" />
              <statusCode code="completed" />
              <effectiveTime>
                <low nullFlavor="NI" />
                <high value="20131210071200-0500" />
              </effectiveTime>
              <component>
                <observation classCode="OBS" moodCode="EVN">
                  <templateId root="2.16.840.1.113883.10.20.22.4.2" />
                  <id root="b5e2df86-1428-413c-b2fb-42a483403861" />
                  <code nullFlavor="NI" />
                  <text>
                    <reference value="#results1" />
                  </text>
                  <statusCode code="completed" />
                  <effectiveTime>
                    <low nullFlavor="NI" />
                    <high value="20131210071200-0500" />
                  </effectiveTime>
                  <value xsi:type="PQ" nullFlavor="NI" />
                </observation>
              </component>
            </organizer>
          </entry>
        </section>
      </component>
      <component>
        <section>
          <templateId root="2.16.840.1.113883.10.20.22.2.23" />
          <templateId root="2.16.840.1.113883.10.20.22.2.23" extension="2014-06-09" />
          <code code="46264-8" codeSystem="2.16.840.1.113883.6.1" codeSystemName="LOINC" displayName="Medical Equipment" />
          <title>Implantable Devices</title>
          <text>
            <content ID="Implant">No Implanted Devices</content>
          </text>
          <entry>
            <procedure classCode="PROC" moodCode="EVN">
              <templateId root="2.16.840.1.113883.10.20.22.4.14" extension="2014-06-09" />
              <id root="6af8592e-7206-47db-83c4-149036f8a402" />
              <code nullFlavor="UNK" />
              <statusCode code="active" />
              <effectiveTime>
                <low nullFlavor="NI" />
                <high nullFlavor="NI" />
              </effectiveTime>
            </procedure>
          </entry>
        </section>
      </component>
      <component>
        <section nullFlavor="NI">
          <templateId root="2.16.840.1.113883.10.20.22.2.8" />
          <code codeSystem="2.16.840.1.113883.6.1" codeSystemName="LOINC" code="51848-0" displayName="ASSESSMENTS" />
          <title>Assessments</title>
          <text>Not included in this report / available at patient request.</text>
        </section>
      </component>
      <component>
        <section nullFlavor="NI">
          <templateId root="2.16.840.1.113883.10.20.22.2.10" />
          <templateId root="2.16.840.1.113883.10.20.22.2.10" extension="2014-06-09" />
          <code code="18776-5" codeSystem="2.16.840.1.113883.6.1" codeSystemName="LOINC" displayName="Treatment Plan" />
          <title>Treatment Plan</title>
          <text>Not included in this report / available at patient request.</text>
        </section>
      </component>
      <component>
        <section nullFlavor="NI">
          <templateId root="2.16.840.1.113883.10.20.22.2.60" />
          <code code="61146-7" displayName="Goals" codeSystem="2.16.840.1.113883.6.1" codeSystemName="LOINC" />
          <title>Goals</title>
          <text>Not included in this report / available at patient request.</text>
        </section>
      </component>
      <component>
        <section nullFlavor="NI">
          <templateId root="2.16.840.1.113883.10.20.22.2.58" />
          <code code="75310-3" displayName="Health Concerns Document" codeSystem="2.16.840.1.113883.6.1" codeSystemName="LOINC" />
          <title>Health Concerns</title>
          <text>Not included in this report / available at patient request.</text>
        </section>
      </component>
      <component>
        <section nullFlavor="NI">
          <templateId root="1.3.6.1.4.1.19376.1.5.3.1.3.1" />
          <templateId root="1.3.6.1.4.1.19376.1.5.3.1.3.1" extension="2014-06-09" />
          <code code="42349-1" displayName="REASON FOR REFERRAL" codeSystem="2.16.840.1.113883.6.1" codeSystemName="LOINC" />
          <title>Reason For Referral</title>
          <text>Not included in this report / available at patient request.</text>
        </section>
      </component>
      <component>
        <section nullFlavor="NI">
          <templateId root="2.16.840.1.113883.10.20.22.2.14" extension="2014-06-09" />
          <templateId root="2.16.840.1.113883.10.20.22.2.14" />
          <code code="47420-5" codeSystem="2.16.840.1.113883.6.1" codeSystemName="LOINC" displayName="Functional Status" />
          <title>Functional Status</title>
          <text>Not included in this report / available at patient request.</text>
        </section>
      </component>
      <component>
        <section nullFlavor="NI">
          <templateId root="2.16.840.1.113883.10.20.22.2.56" extension="2015-08-01" />
          <code code="10190-7" codeSystem="2.16.840.1.113883.6.1" codeSystemName="LOINC" displayName="MENTAL STATUS" />
          <title>Cognitive Status</title>
          <text>Not included in this report / available at patient request.</text>
        </section>
      </component>
    </structuredBody>
  </component>
</ClinicalDocument>