<?xml version="1.0" encoding="UTF-8"?>
<?xml-stylesheet type="text/xsl" href="http://userareas.cpsi.com/downloads/cda.xsl" ?>
<ClinicalDocument xmlns="urn:hl7-org:v3" xmlns:sdtc="urn:hl7-org:sdtc" xmlns:type="http://www.w3.org/2001/XMLSchema-instance">
  <realmCode code="US" />
  <typeId extension="POCD_HD000040" root="2.16.840.1.113883.1.3" />
  <templateId root="2.16.840.1.113883.10.20.22.1.1" />
  <templateId root="2.16.840.1.113883.10.20.22.1.1" extension="2015-08-01" />
  <templateId root="2.16.840.1.113883.10.20.22.1.2" />
  <templateId root="2.16.840.1.113883.10.20.22.1.2" extension="2015-08-01" />
  <id root="16ca4106-ae4c-40e4-8c70-dd1da28b623d" />
  <code code="34133-9" codeSystem="2.16.840.1.113883.6.1" codeSystemName="LOINC" displayName="Patient Summary 2.1" />
  <title>Patient Summary 2.1</title>
  <effectiveTime value="20170725" />
  <confidentialityCode codeSystem="2.16.840.1.113883.5.25" codeSystemName="Confidentiality" code="N" displayName="normal" />
  <languageCode code="en-US" />
  <recordTarget>
    <patientRole>
      <id root="12fa8f78-3929-4376-859c-fff7e749a8c8" />
      <addr use="HP">
        <streetAddressLine>1357 Amber Dr</streetAddressLine>
        <city>BEAVERTON</city>
        <state>OR</state>
        <postalCode>97006</postalCode>
        <country>US</country>
      </addr>
      <telecom value="5557231544" use="HP" />
      <telecom value="5557771234" use="MC" />
      <telecom nullFlavor="UNK" use="WP" />
      <patient>
        <name use="L">
          <given>ALICE</given>
          <given>JONES</given>
          <family>Newman</family>
        </name>
        <name>
          <given>Alicia</given>
          <given>JONES</given>
          <family>Newman</family>
        </name>
        <administrativeGenderCode code="F" codeSystem="2.16.840.1.113883.5.1" displayName="Female" />
        <birthTime value="19700501" />
        <raceCode codeSystem="2.16.840.1.113883.6.238" codeSystemName="Race and Ethnicity - CDC" code="2106-3" displayName="WHITE" />
        <sdtc:raceCode codeSystem="2.16.840.1.113883.6.238" codeSystemName="Race and Ethnicity - CDC" code="2108-9" displayName="White European" />
        <ethnicGroupCode codeSystem="2.16.840.1.113883.6.238" codeSystemName="Race and Ethnicity - CDC" code="2186-5" displayName="Not Hispanic or Latino" />
        <languageCommunication>
          <languageCode code="en" />
        </languageCommunication>
      </patient>
      <providerOrganization>
        <id root="b887f27f-4239-4b62-9522-a8354dd307a6" />
        <name>Neighborhood Physician Practic</name>
        <telecom value="5555551002" use="WP" />
        <addr use="HP">
          <streetAddressLine>2472 Rocky Place</streetAddressLine>
          <city>Beaverton</city>
          <state>OR</state>
          <postalCode>97006</postalCode>
          <country>US</country>
        </addr>
      </providerOrganization>
    </patientRole>
  </recordTarget>
  <author>
    <time value="20170725" />
    <assignedAuthor>
      <id root="3f1e3e15-31c3-432c-9ad1-ede65ad357d9" />
      <id root="7f808f84-a847-4d7a-b353-d1823532e6a7" />
      <addr use="HP">
        <streetAddressLine>2472 Rocky Place</streetAddressLine>
        <city>Beaverton</city>
        <state>OR</state>
        <postalCode>97006</postalCode>
        <country>US</country>
      </addr>
      <telecom value="5555551002" />
      <assignedPerson>
        <name nullFlavor="NI" />
      </assignedPerson>
    </assignedAuthor>
  </author>
  <custodian>
    <assignedCustodian>
      <representedCustodianOrganization>
        <id root="b887f27f-4239-4b62-9522-a8354dd307a6" />
        <name>Neighborhood Physician Practic</name>
        <telecom value="5555551002" />
        <addr use="HP">
          <streetAddressLine>2472 Rocky Place</streetAddressLine>
          <city>Beaverton</city>
          <state>OR</state>
          <postalCode>97006</postalCode>
          <country>US</country>
        </addr>
      </representedCustodianOrganization>
    </assignedCustodian>
  </custodian>
  <documentationOf>
    <serviceEvent classCode="PCPR">
      <effectiveTime>
        <low value="20150622" />
        <high value="20150622" />
      </effectiveTime>
      <performer typeCode="PRF">
        <functionCode codeSystem="2.16.840.1.113883.5.88" codeSystemName="ParticipationFunction" displayName="Office Contact" nullFlavor="NI">
          <originalText>Office Contact</originalText>
        </functionCode>
        <assignedEntity>
          <id root="cf91ff05-ed2a-4d40-b274-527de89a0d20" />
          <addr use="HP">
            <streetAddressLine>2472 Rocky Place</streetAddressLine>
            <city>Beaverton</city>
            <state>OR</state>
            <postalCode>97006</postalCode>
          </addr>
          <telecom value="5555551002" />
          <assignedPerson>
            <name>
              <family>Tracy Davis</family>
            </name>
          </assignedPerson>
          <representedOrganization>
            <id root="1aa6ca1f-4279-47fb-b71f-317f80c5fab2" />
            <name>Neighborhood Physician Pr</name>
            <telecom value="2516398100" />
            <addr use="HP">
              <streetAddressLine>2472 Rocky Place</streetAddressLine>
              <city>Beaverton</city>
              <state>OR</state>
              <postalCode>97006</postalCode>
            </addr>
          </representedOrganization>
        </assignedEntity>
      </performer>
      <performer typeCode="PRF">
        <functionCode codeSystem="2.16.840.1.113883.5.88" codeSystemName="ParticipationFunction" code="NURSE" displayName="Registered Nurse">
          <originalText>Registered Nurse</originalText>
        </functionCode>
        <assignedEntity>
          <id root="4a04ed9e-1173-49a5-bb43-eba32afb030d" />
          <addr use="HP">
            <streetAddressLine>2472 Rocky Place</streetAddressLine>
            <city>Beaverton</city>
            <state>OR</state>
            <postalCode>97006</postalCode>
          </addr>
          <telecom value="5555551002" />
          <assignedPerson>
            <name>
              <family>Tracy Davis</family>
            </name>
          </assignedPerson>
          <representedOrganization>
            <id root="b887f27f-4239-4b62-9522-a8354dd307a6" />
            <name>Thrive Provider EHR</name>
            <telecom value="5555551002" />
            <addr use="HP">
              <streetAddressLine>2472 Rocky Place</streetAddressLine>
              <city>Beaverton</city>
              <state>OR</state>
              <postalCode>97006</postalCode>
            </addr>
          </representedOrganization>
        </assignedEntity>
      </performer>
      <performer typeCode="PRF">
        <functionCode codeSystem="2.16.840.1.113883.5.88" codeSystemName="ParticipationFunction" code="ATTENDING" displayName="Attending">
          <originalText>Attending</originalText>
        </functionCode>
        <assignedEntity>
          <id root="e9a15c27-6fe3-41ac-bfd1-4aec8255715b" />
          <addr use="HP">
            <streetAddressLine>2472 Rocky Place</streetAddressLine>
            <city>Beaverton</city>
            <state>OR</state>
            <postalCode>97006</postalCode>
          </addr>
          <telecom value="5555551002" />
          <assignedPerson>
            <name>
              <family>Albert Davis</family>
            </name>
          </assignedPerson>
          <representedOrganization>
            <id root="b887f27f-4239-4b62-9522-a8354dd307a6" />
            <name>Thrive Provider EHR</name>
            <telecom value="5555551002" />
            <addr use="HP">
              <streetAddressLine>2472 Rocky Place</streetAddressLine>
              <city>Beaverton</city>
              <state>OR</state>
              <postalCode>97006</postalCode>
            </addr>
          </representedOrganization>
        </assignedEntity>
      </performer>
      <performer typeCode="PRF">
        <functionCode codeSystem="2.16.840.1.113883.5.88" codeSystemName="ParticipationFunction" displayName="Referring Provider" nullFlavor="NI">
          <originalText>Referring Provider</originalText>
        </functionCode>
        <assignedEntity>
          <id root="b8b04d05-d014-4784-a276-fbc102c34f0d" />
          <addr use="HP">
            <streetAddressLine>2472 Rocky Place</streetAddressLine>
            <city>Beaverton</city>
            <state>OR</state>
            <postalCode>97006</postalCode>
          </addr>
          <telecom value="5555551002" />
          <assignedPerson>
            <name>
              <family>Albert Davis</family>
            </name>
          </assignedPerson>
        </assignedEntity>
      </performer>
    </serviceEvent>
  </documentationOf>
  <componentOf>
    <encompassingEncounter>
      <id root="7c6b85f5-b0c5-4ebf-af5b-b72438e2fe73" />
      <effectiveTime>
        <low value="20150622114200" />
        <high value="20150622154600" />
      </effectiveTime>
    </encompassingEncounter>
  </componentOf>
  <component>
    <structuredBody>
      <component>
        <section>
          <templateId root="2.16.840.1.113883.10.20.22.2.14" />
          <code code="47420-5" codeSystem="2.16.840.1.113883.6.1" codeSystemName="LOINC" displayName="Functional Status" />
          <title>Functional Status</title>
          <text><table>
   <thead>
      <tr>
         <th>Description</th>
         <th>Date</th>
         <th>Code</th>
         <th>Code System</th>
      </tr>
   </thead>
   <tbody>
      <tr ID="functionalStatus1">
         <td>Dependence on walking stick</td>
         <td>05/01/2005</td>
         <td>105504002</td>
         <td>SNOMED-CT</td>
      </tr>
   </tbody>
</table></text>
          <entry>
            <organizer classCode="CLUSTER" moodCode="EVN">
              <templateId root="2.16.840.1.113883.10.20.22.4.66" extension="2014-06-09" />
              <id root="3d99c7fc-1204-4fae-975d-536e19651b60" />
              <code code="54522-8" codeSystem="2.16.840.1.113883.6.1" codeSystemName="LOINC" displayName="Functional Status" />
              <statusCode code="completed" />
              <component>
                <observation classCode="OBS" moodCode="EVN">
                  <templateId root="2.16.840.1.113883.10.20.22.4.67" extension="2014-06-09" />
                  <id root="e386ddf8-2e97-4a9f-b3d8-82eaddaacb7c" />
                  <code code="54522-8" codeSystem="2.16.840.1.113883.6.1" codeSystemName="LOINC" displayName="Functional Status" />
                  <statusCode code="completed" />
                  <effectiveTime value="20050501" />
                  <value xmlns:xsi="http://www.w3.org/2001/XMLSchema-instance" xsi:type="CD" codeSystem="2.16.840.1.113883.6.96" code="105504002" displayName="Dependence on walking stick" />
                </observation>
              </component>
              <component>
                <observation classCode="OBS" moodCode="EVN" nullFlavor="NI">
                  <templateId root="2.16.840.1.113883.10.20.22.4.128" />
                  <id root="d9bb9e36-88b4-4635-862e-bb111736b941" />
                  <code nullFlavor="NI" />
                  <statusCode code="completed" />
                  <effectiveTime nullFlavor="UNK" />
                  <value xmlns:xsi="http://www.w3.org/2001/XMLSchema-instance" xsi:type="CD" nullFlavor="UNK" />
                </observation>
              </component>
            </organizer>
          </entry>
        </section>
      </component>
      <component>
        <section>
          <templateId root="2.16.840.1.113883.10.20.22.2.2.1" />
          <code code="11369-6" codeSystem="2.16.840.1.113883.6.1" codeSystemName="LOINC" displayName="History of Immunization Narrative" />
          <title>Immunization</title>
          <text><table>
   <thead>
      <tr>
         <th>Immunization</th>
         <th>Date</th>
         <th>Status</th>
         <th>Additional Notes</th>
         <th>Code</th>
         <th>Code System</th>
      </tr>
   </thead>
   <tbody>
      <tr ID="immunization0">
         <td>influenza, unspecified formulation</td>
         <td>05/10/2014</td>
         <td>Completed</td>
         <td/>
         <td>88</td>
         <td>CVX</td>
      </tr>
      <tr ID="immunization1">
         <td>DTaP, 5 pertussis antigens</td>
         <td>01/04/2012</td>
         <td>Completed</td>
         <td/>
         <td>106</td>
         <td>CVX</td>
      </tr>
      <tr ID="immunization2">
         <td>influenza, intradermal, quadrivalent, preservative free</td>
         <td>06/22/2015</td>
         <td>Canceled</td>
         <td>Patient Objection</td>
         <td>166</td>
         <td>CVX</td>
      </tr>
   </tbody>
</table></text>
          <entry typeCode="DRIV">
            <substanceAdministration classCode="SBADM" moodCode="EVN" negationInd="false">
              <templateId root="2.16.840.1.113883.10.20.22.4.52" extension="2015-08-01" />
              <templateId root="2.16.840.1.113883.10.20.22.4.52" />
              <id root="a1e01301-b92b-4fb1-be05-8e291d161018" />
              <statusCode code="completed" />
              <effectiveTime value="20140510" />
              <consumable>
                <manufacturedProduct classCode="MANU">
                  <templateId root="2.16.840.1.113883.10.20.22.4.54" extension="2014-06-09" />
                  <templateId root="2.16.840.1.113883.10.20.22.4.54" />
                  <manufacturedMaterial>
                    <code codeSystem="2.16.840.1.113883.12.292" codeSystemName="CVX Vaccines Administered - Vaccine Set" code="88" displayName="influenza, unspecified formulation" />
                    <lotNumberText nullFlavor="UNK" />
                  </manufacturedMaterial>
                </manufacturedProduct>
              </consumable>
            </substanceAdministration>
          </entry>
          <entry typeCode="DRIV">
            <substanceAdministration classCode="SBADM" moodCode="EVN" negationInd="false">
              <templateId root="2.16.840.1.113883.10.20.22.4.52" extension="2015-08-01" />
              <templateId root="2.16.840.1.113883.10.20.22.4.52" />
              <id root="eefcc129-5141-4e67-9d06-f73689de5caf" />
              <statusCode code="completed" />
              <effectiveTime value="20120104" />
              <consumable>
                <manufacturedProduct classCode="MANU">
                  <templateId root="2.16.840.1.113883.10.20.22.4.54" extension="2014-06-09" />
                  <templateId root="2.16.840.1.113883.10.20.22.4.54" />
                  <manufacturedMaterial>
                    <code codeSystem="2.16.840.1.113883.12.292" codeSystemName="CVX Vaccines Administered - Vaccine Set" code="106" displayName="DTaP, 5 pertussis antigens" />
                    <lotNumberText nullFlavor="UNK" />
                  </manufacturedMaterial>
                </manufacturedProduct>
              </consumable>
            </substanceAdministration>
          </entry>
          <entry typeCode="DRIV">
            <substanceAdministration classCode="SBADM" moodCode="EVN" negationInd="true">
              <templateId root="2.16.840.1.113883.10.20.22.4.52" extension="2015-08-01" />
              <templateId root="2.16.840.1.113883.10.20.22.4.52" />
              <id root="2e8e5246-8698-41e6-b50d-464d2f858ed0" />
              <statusCode code="cancelled" />
              <effectiveTime value="20150622" />
              <consumable>
                <manufacturedProduct classCode="MANU">
                  <templateId root="2.16.840.1.113883.10.20.22.4.54" extension="2014-06-09" />
                  <templateId root="2.16.840.1.113883.10.20.22.4.54" />
                  <manufacturedMaterial>
                    <code codeSystem="2.16.840.1.113883.12.292" codeSystemName="CVX Vaccines Administered - Vaccine Set" code="166" displayName="influenza, intradermal, quadrivalent, preservative free" />
                    <lotNumberText nullFlavor="UNK" />
                  </manufacturedMaterial>
                </manufacturedProduct>
              </consumable>
              <entryRelationship typeCode="RSON">
                <observation classCode="OBS" moodCode="EVN">
                  <templateId root="2.16.840.1.113883.10.20.22.4.53" />
                  <id root="c7365bb6-d429-41dd-97f4-c9e91d18a793" />
                  <code code="PATOBJ" codeSystem="2.16.840.1.113883.5.8" codeSystemName="HL7 ActNoImmunizationReason" displayName="Patient Objection" />
                  <statusCode code="completed" />
                </observation>
              </entryRelationship>
            </substanceAdministration>
          </entry>
        </section>
      </component>
      <component>
        <section>
          <templateId root="2.16.840.1.113883.10.20.22.2.56" />
          <code code="10190-7" codeSystem="2.16.840.1.113883.6.1" codeSystemName="LOINC" displayName="Mental Status" />
          <title>Mental Status</title>
          <text><table>
   <thead>
      <tr>
         <th>Description</th>
         <th>Date</th>
         <th>Code</th>
         <th>Code System</th>
      </tr>
   </thead>
   <tbody>
      <tr ID="mentalStatus1">
         <td>Amnesia</td>
         <td>05/01/2005</td>
         <td>48167000</td>
         <td>SNOMED-CT</td>
      </tr>
   </tbody>
</table></text>
          <entry>
            <organizer classCode="CLUSTER" moodCode="EVN">
              <templateId root="2.16.840.1.113883.10.20.22.4.74" extension="2015-08-01" />
              <id root="c8ea78ef-ad70-4ddc-8ff8-65851637c615" />
              <id root="5ab62988-8be9-4e09-9704-401714917bd7" />
              <code code="373930000" codeSystem="2.16.840.1.113883.6.96" codeSystemName="SNOMED CT" displayName="Cognitive Function Finding" />
              <statusCode code="completed" />
              <effectiveTime xmlns:xsi="http://www.w3.org/2001/XMLSchema-instance" xsi:type="IVL_TS">
                <low value="20050501000000" />
                <high value="20050501000000" />
              </effectiveTime>
              <component>
                <observation classCode="OBS" moodCode="EVN">
                  <templateId root="2.16.840.1.113883.10.20.22.4.74" />
                  <id root="69015eeb-66d6-414d-9b61-04009cc562aa" />
                  <code code="373930000" codeSystem="2.16.840.1.113883.6.96" codeSystemName="SNOMED CT" displayName="Cognitive Function Finding">
                    <translation code="75275-8" codeSystem="2.16.840.1.113883.6.1" codeSystemName="LOINC" displayName="Cognitive Function" />
                  </code>
                  <statusCode code="completed" />
                  <effectiveTime value="20050501000000" />
                  <value xmlns:xsi="http://www.w3.org/2001/XMLSchema-instance" xsi:type="CD" codeSystem="2.16.840.1.113883.6.96" code="48167000" displayName="Amnesia" />
                </observation>
              </component>
            </organizer>
          </entry>
        </section>
      </component>
      <component>
        <section>
          <templateId root="2.16.840.1.113883.10.20.22.2.3.1" extension="2015-08-01" />
          <templateId root="2.16.840.1.113883.10.20.22.2.3.1" />
          <code code="30954-2" codeSystem="2.16.840.1.113883.6.1" codeSystemName="LOINC" displayName="RELEVANT DIAGNOSTIC TESTS AND/OR LABORATORY DATA" />
          <title>Results</title>
          <text><table>
   <tbody>
      <tr>
         <td colspan="5">Urinalysis macro (dispstick) panel - Collect Date/Time: 06/22/2015 19:08</td>
      </tr>
      <tr>
         <td colspan="5">Value Labs</td>
      </tr>
      <tr>
         <td colspan="5">ID: 2.16.840.1.113883.4.7 - 01D1111111</td>
      </tr>
      <tr>
         <td colspan="5">2474 Rocky Place, Beaverton, OR, 97006</td>
      </tr>
      <tr>
         <td>LOINC: 24357-6</td>
      </tr>
      <tr>
         <td>Test</td>
         <td>Value</td>
         <td>Unit</td>
         <td>Reference Range</td>
         <td>Code</td>
         <td>Code System</td>
      </tr>
      <tr ID="result1">
         <td>Color of Urine</td>
         <td>YELLOW</td>
         <td/>
         <td>YELLOW</td>
         <td>5778-6</td>
         <td>LOINC</td>
      </tr>
      <tr ID="result2">
         <td>Appearance of Urine</td>
         <td>CLEAR</td>
         <td/>
         <td>CLEAR</td>
         <td>5767-9</td>
         <td>LOINC</td>
      </tr>
      <tr ID="result3">
         <td>Specific Gravity</td>
         <td>1.015</td>
         <td>1</td>
         <td>L=1.005    H=1.030</td>
         <td>5811-5</td>
         <td>LOINC</td>
      </tr>
      <tr ID="result4">
         <td>pH of Urine</td>
         <td>5.0</td>
         <td>[pH]</td>
         <td>L=5.0      H=8.0</td>
         <td>5803-2</td>
         <td>LOINC</td>
      </tr>
      <tr ID="result5">
         <td>Glucose in Urine</td>
         <td>50</td>
         <td>mg/dL</td>
         <td>Neg</td>
         <td>5792-7</td>
         <td>LOINC</td>
      </tr>
      <tr ID="result6">
         <td>Ketones in Urine</td>
         <td>Negative</td>
         <td/>
         <td>Negative</td>
         <td>5797-6</td>
         <td>LOINC</td>
      </tr>
      <tr ID="result7">
         <td>Protein in Urine</td>
         <td>100</td>
         <td>mg/dL</td>
         <td>negative</td>
         <td>5804-0</td>
         <td>LOINC</td>
      </tr>
   </tbody>
</table></text>
          <entry typeCode="DRIV">
            <organizer classCode="BATTERY" moodCode="EVN">
              <templateId root="2.16.840.1.113883.10.20.22.4.1" extension="2015-08-01" />
              <id root="79ec8cb7-43dc-466b-baf6-7307015e3cb2" />
              <code code="24357-6" codeSystem="2.16.840.1.113883.6.1" codeSystemName="LOINC" displayName="Urinalysis macro (dispstick) panel" />
              <statusCode code="completed" />
              <effectiveTime xmlns:xsi="http://www.w3.org/2001/XMLSchema-instance" xsi:type="IVL_TS">
                <low value="20150622190800" />
                <high value="20150622190900" />
              </effectiveTime>
              <author>
                <templateId root="2.16.840.1.113883.10.20.22.4.119" />
                <time value="20150622190800-0500" />
                <assignedAuthor>
                  <id root="be251caf-fcd7-430b-9a79-5419a9ffec42" />
                  <representedOrganization>
                    <id root="2.16.840.1.113883.4.7" extension="01D1111111" />
                    <name>Value Labs</name>
                    <addr use="HP">
                      <streetAddressLine>2474 Rocky Place</streetAddressLine>
                      <city>Beaverton</city>
                      <state>OR</state>
                      <postalCode>97006</postalCode>
                    </addr>
                  </representedOrganization>
                </assignedAuthor>
              </author>
              <component>
                <observation classCode="OBS" moodCode="EVN">
                  <templateId root="2.16.840.1.113883.10.20.22.4.2" extension="2015-08-01" />
                  <templateId root="2.16.840.1.113883.10.20.22.4.2" />
                  <id root="2661bdb7-c8c6-4ab2-b697-5deb1dad577b" />
                  <code code="5778-6" codeSystem="2.16.840.1.113883.6.1" codeSystemName="LOINC" displayName="Color of Urine" />
                  <statusCode code="completed" />
                  <effectiveTime xmlns:xsi="http://www.w3.org/2001/XMLSchema-instance" xsi:type="IVL_TS">
                    <low value="20170710190700" />
                    <high nullFlavor="UNK" />
                  </effectiveTime>
                  <value xmlns:xsi="http://www.w3.org/2001/XMLSchema-instance" xsi:type="ST" nullFlavor="OTH">YELLOW</value>
                  <referenceRange>
                    <observationRange>
                      <text>YELLOW</text>
                      <value xmlns:xsi="http://www.w3.org/2001/XMLSchema-instance" xsi:type="ST" nullFlavor="NA" />
                    </observationRange>
                  </referenceRange>
                </observation>
              </component>
              <component>
                <observation classCode="OBS" moodCode="EVN">
                  <templateId root="2.16.840.1.113883.10.20.22.4.2" extension="2015-08-01" />
                  <templateId root="2.16.840.1.113883.10.20.22.4.2" />
                  <id root="aa2f6bb0-10fe-4478-9508-32f737a20f49" />
                  <code code="5767-9" codeSystem="2.16.840.1.113883.6.1" codeSystemName="LOINC" displayName="Appearance of Urine" />
                  <statusCode code="completed" />
                  <effectiveTime xmlns:xsi="http://www.w3.org/2001/XMLSchema-instance" xsi:type="IVL_TS">
                    <low value="20170710190700" />
                    <high nullFlavor="UNK" />
                  </effectiveTime>
                  <value xmlns:xsi="http://www.w3.org/2001/XMLSchema-instance" xsi:type="ST" nullFlavor="OTH">CLEAR</value>
                  <referenceRange>
                    <observationRange>
                      <text>CLEAR</text>
                      <value xmlns:xsi="http://www.w3.org/2001/XMLSchema-instance" xsi:type="ST" nullFlavor="NA" />
                    </observationRange>
                  </referenceRange>
                </observation>
              </component>
              <component>
                <observation classCode="OBS" moodCode="EVN">
                  <templateId root="2.16.840.1.113883.10.20.22.4.2" extension="2015-08-01" />
                  <templateId root="2.16.840.1.113883.10.20.22.4.2" />
                  <id root="4188f22f-df7e-4dc8-9d2a-8361e3c75464" />
                  <code code="5811-5" codeSystem="2.16.840.1.113883.6.1" codeSystemName="LOINC" displayName="Specific Gravity" />
                  <statusCode code="completed" />
                  <effectiveTime xmlns:xsi="http://www.w3.org/2001/XMLSchema-instance" xsi:type="IVL_TS">
                    <low value="20170710190700" />
                    <high nullFlavor="UNK" />
                  </effectiveTime>
                  <value xmlns:xsi="http://www.w3.org/2001/XMLSchema-instance" xsi:type="PQ" value="1.015" unit="1" />
                  <referenceRange>
                    <observationRange>
                      <text>L=1.005    H=1.030</text>
                      <value xmlns:xsi="http://www.w3.org/2001/XMLSchema-instance" xsi:type="ST" nullFlavor="NA" />
                    </observationRange>
                  </referenceRange>
                </observation>
              </component>
              <component>
                <observation classCode="OBS" moodCode="EVN">
                  <templateId root="2.16.840.1.113883.10.20.22.4.2" extension="2015-08-01" />
                  <templateId root="2.16.840.1.113883.10.20.22.4.2" />
                  <id root="bf25b6a5-4105-4251-8266-c21bc5d3b24f" />
                  <code code="5803-2" codeSystem="2.16.840.1.113883.6.1" codeSystemName="LOINC" displayName="pH of Urine" />
                  <statusCode code="completed" />
                  <effectiveTime xmlns:xsi="http://www.w3.org/2001/XMLSchema-instance" xsi:type="IVL_TS">
                    <low value="20170710190700" />
                    <high nullFlavor="UNK" />
                  </effectiveTime>
                  <value xmlns:xsi="http://www.w3.org/2001/XMLSchema-instance" xsi:type="PQ" value="5.0" unit="[pH]" />
                  <referenceRange>
                    <observationRange>
                      <text>L=5.0      H=8.0</text>
                      <value xmlns:xsi="http://www.w3.org/2001/XMLSchema-instance" xsi:type="ST" nullFlavor="NA" />
                    </observationRange>
                  </referenceRange>
                </observation>
              </component>
              <component>
                <observation classCode="OBS" moodCode="EVN">
                  <templateId root="2.16.840.1.113883.10.20.22.4.2" extension="2015-08-01" />
                  <templateId root="2.16.840.1.113883.10.20.22.4.2" />
                  <id root="bc09f21e-1e79-4ce4-a5bc-3dc918051514" />
                  <code code="5792-7" codeSystem="2.16.840.1.113883.6.1" codeSystemName="LOINC" displayName="Glucose in Urine" />
                  <statusCode code="completed" />
                  <effectiveTime xmlns:xsi="http://www.w3.org/2001/XMLSchema-instance" xsi:type="IVL_TS">
                    <low value="20170710190700" />
                    <high nullFlavor="UNK" />
                  </effectiveTime>
                  <value xmlns:xsi="http://www.w3.org/2001/XMLSchema-instance" xsi:type="PQ" value="50" unit="mg/dL" />
                  <referenceRange>
                    <observationRange>
                      <text>Neg</text>
                      <value xmlns:xsi="http://www.w3.org/2001/XMLSchema-instance" xsi:type="ST" nullFlavor="NA" />
                    </observationRange>
                  </referenceRange>
                </observation>
              </component>
              <component>
                <observation classCode="OBS" moodCode="EVN">
                  <templateId root="2.16.840.1.113883.10.20.22.4.2" extension="2015-08-01" />
                  <templateId root="2.16.840.1.113883.10.20.22.4.2" />
                  <id root="9f86334d-d98c-495f-9ca2-9dd8ad0a051e" />
                  <code code="5797-6" codeSystem="2.16.840.1.113883.6.1" codeSystemName="LOINC" displayName="Ketones in Urine" />
                  <statusCode code="completed" />
                  <effectiveTime xmlns:xsi="http://www.w3.org/2001/XMLSchema-instance" xsi:type="IVL_TS">
                    <low value="20170710190700" />
                    <high nullFlavor="UNK" />
                  </effectiveTime>
                  <value xmlns:xsi="http://www.w3.org/2001/XMLSchema-instance" xsi:type="ST" nullFlavor="OTH">Negative</value>
                  <referenceRange>
                    <observationRange>
                      <text>Negative</text>
                      <value xmlns:xsi="http://www.w3.org/2001/XMLSchema-instance" xsi:type="ST" nullFlavor="NA" />
                    </observationRange>
                  </referenceRange>
                </observation>
              </component>
              <component>
                <observation classCode="OBS" moodCode="EVN">
                  <templateId root="2.16.840.1.113883.10.20.22.4.2" extension="2015-08-01" />
                  <templateId root="2.16.840.1.113883.10.20.22.4.2" />
                  <id root="e3faa803-516d-431a-9333-e46903f444e5" />
                  <code code="5804-0" codeSystem="2.16.840.1.113883.6.1" codeSystemName="LOINC" displayName="Protein in Urine" />
                  <statusCode code="completed" />
                  <effectiveTime xmlns:xsi="http://www.w3.org/2001/XMLSchema-instance" xsi:type="IVL_TS">
                    <low value="20170710190700" />
                    <high nullFlavor="UNK" />
                  </effectiveTime>
                  <value xmlns:xsi="http://www.w3.org/2001/XMLSchema-instance" xsi:type="PQ" value="100" unit="mg/dL" />
                  <referenceRange>
                    <observationRange>
                      <text>negative</text>
                      <value xmlns:xsi="http://www.w3.org/2001/XMLSchema-instance" xsi:type="ST" nullFlavor="NA" />
                    </observationRange>
                  </referenceRange>
                </observation>
              </component>
            </organizer>
          </entry>
        </section>
      </component>
      <component>
        <section>
          <templateId root="2.16.840.1.113883.10.20.22.2.17" extension="2015-08-01" />
          <templateId root="2.16.840.1.113883.10.20.22.2.17" />
          <code code="29762-2" codeSystem="2.16.840.1.113883.6.1" codeSystemName="LOINC" displayName="Social History" />
          <title>Social History</title>
          <text><table>
   <thead>
      <tr>
         <th>Type</th>
         <th>Status</th>
         <th>Start Date</th>
         <th>End Date</th>
         <th>Code</th>
         <th>Code System</th>
      </tr>
   </thead>
   <tbody>
      <tr ID="socialHistory1">
         <td>Smoking History</td>
         <td>Current every day smoker</td>
         <td>06/22/2015</td>
         <td/>
         <td>449868002</td>
         <td>SNOMED-CT</td>
      </tr>
   </tbody>
</table></text>
          <entry typeCode="DRIV">
            <observation classCode="OBS" moodCode="EVN">
              <templateId root="2.16.840.1.113883.10.20.22.4.78" extension="2014-06-09" />
              <id root="179c784f-52a2-4d5b-a977-3bd83a85c114" />
              <code code="72166-2" codeSystem="2.16.840.1.113883.6.1" codeSystemName="LOINC" displayName="Tobacco Smoking Status" />
              <statusCode code="completed" />
              <effectiveTime value="20150622" />
              <value xmlns:xsi="http://www.w3.org/2001/XMLSchema-instance" xsi:type="CD" codeSystem="2.16.840.1.113883.6.96" code="449868002" displayName="Current every day smoker" />
            </observation>
          </entry>
        </section>
      </component>
      <component>
        <section>
          <templateId root="2.16.840.1.113883.10.20.22.2.4.1" extension="2015-08-01" />
          <templateId root="2.16.840.1.113883.10.20.22.2.4.1" />
          <code code="8716-3" codeSystem="2.16.840.1.113883.6.1" codeSystemName="LOINC" displayName="Vital Signs" />
          <title>Vital Signs</title>
          <text><table>
   <thead>
      <tr>
         <th>Vital Sign</th>
         <th>Value</th>
         <th>Unit</th>
         <th>Date/Time</th>
         <th>Recent/Initial?</th>
         <th>Code</th>
         <th>Code System</th>
      </tr>
   </thead>
   <tbody>
      <tr ID="vitalSign0">
         <td>Body Mass Index</td>
         <td>28.09</td>
         <td>kg/m2</td>
         <td>06/22/2015 09:05</td>
         <td>Inital</td>
         <td>39156-5</td>
         <td>LOINC</td>
      </tr>
      <tr ID="vitalSign1">
         <td>Systolic Blood Pressure</td>
         <td>145</td>
         <td>mm[Hg]</td>
         <td>06/22/2015 09:05</td>
         <td>Inital</td>
         <td>8480-6</td>
         <td>LOINC</td>
      </tr>
      <tr ID="vitalSign2">
         <td>Diastolic Blood Pressure</td>
         <td>88</td>
         <td>mm[Hg]</td>
         <td>06/22/2015 09:05</td>
         <td>Inital</td>
         <td>8462-4</td>
         <td>LOINC</td>
      </tr>
      <tr ID="vitalSign3">
         <td>Body Surface Area</td>
         <td>2.08</td>
         <td>m2</td>
         <td>06/22/2015 09:05</td>
         <td>Inital</td>
         <td>3140-1</td>
         <td>LOINC</td>
      </tr>
      <tr ID="vitalSign4">
         <td>Height</td>
         <td>177.0126</td>
         <td>cm</td>
         <td>06/22/2015 09:05</td>
         <td>Inital</td>
         <td>8302-2</td>
         <td>LOINC</td>
      </tr>
      <tr ID="vitalSign5">
         <td>O2 Saturation</td>
         <td>95</td>
         <td>%</td>
         <td>06/22/2015 09:05</td>
         <td>Inital</td>
         <td>59408-5</td>
         <td>LOINC</td>
      </tr>
      <tr ID="vitalSign6">
         <td>Pulse</td>
         <td>80.0</td>
         <td>/min</td>
         <td>06/22/2015 09:05</td>
         <td>Inital</td>
         <td>8867-4</td>
         <td>LOINC</td>
      </tr>
      <tr ID="vitalSign7">
         <td>Respiration</td>
         <td>18</td>
         <td>/min</td>
         <td>06/22/2015 09:05</td>
         <td>Inital</td>
         <td>9279-1</td>
         <td>LOINC</td>
      </tr>
      <tr ID="vitalSign8">
         <td>Temperature</td>
         <td>38.0</td>
         <td>Cel</td>
         <td>06/22/2015 09:05</td>
         <td>Inital</td>
         <td>8310-5</td>
         <td>LOINC</td>
      </tr>
      <tr ID="vitalSign9">
         <td>Weight</td>
         <td>88.00</td>
         <td>kg</td>
         <td>06/22/2015 09:05</td>
         <td>Inital</td>
         <td>29463-7</td>
         <td>LOINC</td>
      </tr>
      <tr ID="vitalSign10">
         <td>Fraction of Inspired Oxygen</td>
         <td>36</td>
         <td>%</td>
         <td>06/22/2015 09:05</td>
         <td>Inital</td>
         <td>3150-0</td>
         <td>LOINC</td>
      </tr>
   </tbody>
</table></text>
          <entry typeCode="DRIV">
            <organizer classCode="CLUSTER" moodCode="EVN">
              <templateId root="2.16.840.1.113883.10.20.22.4.26" extension="2015-08-01" />
              <id root="3dbe0cf6-b47e-4553-b754-b3f0dbd8bae7" />
              <code code="46680005" codeSystem="2.16.840.1.113883.6.96" codeSystemName="SNOMED CT" displayName="Vital Signs">
                <translation code="74728-7" codeSystem="2.16.840.1.113883.6.1" displayName="Vital signs, weight, height, head circumference, oximetry, BMI, and BSA panel" codeSystemName="LOINC" />
              </code>
              <statusCode code="completed" />
              <effectiveTime>
                <low value="20150622" />
                <high value="20150622" />
              </effectiveTime>
              <component>
                <observation classCode="OBS" moodCode="EVN">
                  <templateId root="2.16.840.1.113883.10.20.22.4.27" extension="2014-06-09" />
                  <templateId root="2.16.840.1.113883.10.20.22.4.27" />
                  <id root="50eb0945-02f7-4c87-91c9-88a0b837bcfc" />
                  <code code="39156-5" codeSystem="2.16.840.1.113883.6.1" codeSystemName="LOINC" displayName="BMI (Body Mass Index)" />
                  <statusCode code="completed" />
                  <effectiveTime value="20150622" />
                  <value xmlns:xsi="http://www.w3.org/2001/XMLSchema-instance" xsi:type="PQ" unit="kg/m2" value="28.09" />
                </observation>
              </component>
              <component>
                <observation classCode="OBS" moodCode="EVN">
                  <templateId root="2.16.840.1.113883.10.20.22.4.27" extension="2014-06-09" />
                  <templateId root="2.16.840.1.113883.10.20.22.4.27" />
                  <id root="506bee3e-2452-4bb6-8588-f81ada8ef931" />
                  <code code="8480-6" codeSystem="2.16.840.1.113883.6.1" codeSystemName="LOINC" displayName="BP Systolic" />
                  <statusCode code="completed" />
                  <effectiveTime value="20150622" />
                  <value xmlns:xsi="http://www.w3.org/2001/XMLSchema-instance" xsi:type="PQ" unit="mm[Hg]" value="145" />
                </observation>
              </component>
              <component>
                <observation classCode="OBS" moodCode="EVN">
                  <templateId root="2.16.840.1.113883.10.20.22.4.27" extension="2014-06-09" />
                  <templateId root="2.16.840.1.113883.10.20.22.4.27" />
                  <id root="ab4520d1-2b44-40e7-9e21-209471b081f7" />
                  <code code="8462-4" codeSystem="2.16.840.1.113883.6.1" codeSystemName="LOINC" displayName="BP Diastolic" />
                  <statusCode code="completed" />
                  <effectiveTime value="20150622" />
                  <value xmlns:xsi="http://www.w3.org/2001/XMLSchema-instance" xsi:type="PQ" unit="mm[Hg]" value="88" />
                </observation>
              </component>
              <component>
                <observation classCode="OBS" moodCode="EVN">
                  <templateId root="2.16.840.1.113883.10.20.22.4.27" extension="2014-06-09" />
                  <templateId root="2.16.840.1.113883.10.20.22.4.27" />
                  <id root="7aa9216f-698d-4f67-b462-02f1aff0559b" />
                  <code code="3140-1" codeSystem="2.16.840.1.113883.6.1" codeSystemName="LOINC" displayName="Body Surface" />
                  <statusCode code="completed" />
                  <effectiveTime value="20150622" />
                  <value xmlns:xsi="http://www.w3.org/2001/XMLSchema-instance" xsi:type="PQ" unit="m2" value="2.08" />
                </observation>
              </component>
              <component>
                <observation classCode="OBS" moodCode="EVN">
                  <templateId root="2.16.840.1.113883.10.20.22.4.27" extension="2014-06-09" />
                  <templateId root="2.16.840.1.113883.10.20.22.4.27" />
                  <id root="875a14cf-1ff6-4492-b19c-2c530467f9f5" />
                  <code code="8302-2" codeSystem="2.16.840.1.113883.6.1" codeSystemName="LOINC" displayName="Height" />
                  <statusCode code="completed" />
                  <effectiveTime value="20150622" />
                  <value xmlns:xsi="http://www.w3.org/2001/XMLSchema-instance" xsi:type="PQ" unit="cm" value="177.0126" />
                </observation>
              </component>
              <component>
                <observation classCode="OBS" moodCode="EVN">
                  <templateId root="2.16.840.1.113883.10.20.22.4.27" extension="2014-06-09" />
                  <templateId root="2.16.840.1.113883.10.20.22.4.27" />
                  <id root="01cf72ca-c537-405b-bd2d-25668dc010e3" />
                  <code code="59408-5" codeSystem="2.16.840.1.113883.6.1" codeSystemName="LOINC" displayName="O2 % BldC Oximetry" />
                  <statusCode code="completed" />
                  <effectiveTime value="20150622" />
                  <value xmlns:xsi="http://www.w3.org/2001/XMLSchema-instance" xsi:type="PQ" unit="%" value="95" />
                </observation>
              </component>
              <component>
                <observation classCode="OBS" moodCode="EVN">
                  <templateId root="2.16.840.1.113883.10.20.22.4.27" extension="2014-06-09" />
                  <templateId root="2.16.840.1.113883.10.20.22.4.27" />
                  <id root="269fc1c2-b321-4da6-a87c-66f371b236b2" />
                  <code code="8867-4" codeSystem="2.16.840.1.113883.6.1" codeSystemName="LOINC" displayName="Heart Rate" />
                  <statusCode code="completed" />
                  <effectiveTime value="20150622" />
                  <value xmlns:xsi="http://www.w3.org/2001/XMLSchema-instance" xsi:type="PQ" unit="/min" value="80.0" />
                </observation>
              </component>
              <component>
                <observation classCode="OBS" moodCode="EVN">
                  <templateId root="2.16.840.1.113883.10.20.22.4.27" extension="2014-06-09" />
                  <templateId root="2.16.840.1.113883.10.20.22.4.27" />
                  <id root="8601c7ec-ac9e-4045-9919-1b0591432664" />
                  <code code="9279-1" codeSystem="2.16.840.1.113883.6.1" codeSystemName="LOINC" displayName="Respiratory Rate" />
                  <statusCode code="completed" />
                  <effectiveTime value="20150622" />
                  <value xmlns:xsi="http://www.w3.org/2001/XMLSchema-instance" xsi:type="PQ" unit="/min" value="18" />
                </observation>
              </component>
              <component>
                <observation classCode="OBS" moodCode="EVN">
                  <templateId root="2.16.840.1.113883.10.20.22.4.27" extension="2014-06-09" />
                  <templateId root="2.16.840.1.113883.10.20.22.4.27" />
                  <id root="91e3f1ad-1952-49f8-8de1-319ea2bc8afc" />
                  <code code="8310-5" codeSystem="2.16.840.1.113883.6.1" codeSystemName="LOINC" displayName="Body Temperature" />
                  <statusCode code="completed" />
                  <effectiveTime value="20150622" />
                  <value xmlns:xsi="http://www.w3.org/2001/XMLSchema-instance" xsi:type="PQ" unit="Cel" value="38.0" />
                </observation>
              </component>
              <component>
                <observation classCode="OBS" moodCode="EVN">
                  <templateId root="2.16.840.1.113883.10.20.22.4.27" extension="2014-06-09" />
                  <templateId root="2.16.840.1.113883.10.20.22.4.27" />
                  <id root="2bcbef50-9784-481b-a0b1-b0595f37364d" />
                  <code code="29463-7" codeSystem="2.16.840.1.113883.6.1" codeSystemName="LOINC" displayName="Weight Measured" />
                  <statusCode code="completed" />
                  <effectiveTime value="20150622" />
                  <value xmlns:xsi="http://www.w3.org/2001/XMLSchema-instance" xsi:type="PQ" unit="kg" value="88.00" />
                </observation>
              </component>
              <component>
                <observation classCode="OBS" moodCode="EVN">
                  <templateId root="2.16.840.1.113883.10.20.22.4.27" extension="2014-06-09" />
                  <templateId root="2.16.840.1.113883.10.20.22.4.27" />
                  <id root="51ec1f49-ffab-4e16-a898-403394fdc296" />
                  <code code="3150-0" codeSystem="2.16.840.1.113883.6.1" codeSystemName="LOINC" displayName="Inhaled Oxygen Concentration" />
                  <statusCode code="completed" />
                  <effectiveTime value="20150622" />
                  <value xmlns:xsi="http://www.w3.org/2001/XMLSchema-instance" xsi:type="PQ" unit="%" value="36" />
                </observation>
              </component>
            </organizer>
          </entry>
        </section>
      </component>
      <component>
        <section>
          <templateId root="2.16.840.1.113883.10.20.22.2.1.1" extension="2014-06-09" />
          <templateId root="2.16.840.1.113883.10.20.22.2.1.1" />
          <templateId root="2.16.840.1.113883.10.20.34.2.1" extension="2014-06-09" />
          <templateId root="2.16.840.1.113883.10.20.34.2.1" />
          <code code="10160-0" codeSystem="2.16.840.1.113883.6.1" codeSystemName="LOINC" displayName="HISTORY OF MEDICATION USE" />
          <title>Medications</title>
          <text><table>
   <thead>
      <tr>
         <th>Medication</th>
         <th>Start Date</th>
         <th>End Date</th>
         <th>Route</th>
         <th>Frequency</th>
         <th>Dose</th>
         <th>Code</th>
         <th>Code System</th>
      </tr>
   </thead>
   <tbody>
      <tr>
         <td>cefTRIAXone 10GM Intravenous Powder for Solution</td>
         <td>06/22/2015</td>
         <td>Unknown</td>
         <td>INJECTABLE</td>
         <td>TWO TIMES DAILY</td>
         <td>1 UNIT</td>
         <td>309090</td>
         <td>RxNorm</td>
      </tr>
      <tr>
         <td>Aranesp 0.5MG/1ML Injection Solution</td>
         <td>06/22/2015</td>
         <td>Unknown</td>
         <td>INJECTABLE</td>
         <td>WEEKLY</td>
         <td>1 UNIT</td>
         <td>731241</td>
         <td>RxNorm</td>
      </tr>
      <tr>
         <td>Tylenol Extra Strength 500MG Oral Tablet</td>
         <td>06/22/2015</td>
         <td>Unknown</td>
         <td>ORAL</td>
         <td>AS NEEDED</td>
         <td>1 UNIT</td>
         <td>209459</td>
         <td>RxNorm</td>
      </tr>
   </tbody>
</table></text>
          <entry typeCode="DRIV">
            <substanceAdministration classCode="SBADM" moodCode="EVN">
              <templateId root="2.16.840.1.113883.10.20.22.4.16" extension="2014-06-09" />
              <templateId root="2.16.840.1.113883.10.20.22.4.16" />
              <id root="8834fad2-3522-4a31-a1bb-fa8ce16f198d" />
              <statusCode code="active" />
              <effectiveTime xmlns:xsi="http://www.w3.org/2001/XMLSchema-instance" xsi:type="IVL_TS">
                <low value="20150622000000" />
                <high nullFlavor="UNK" />
              </effectiveTime>
              <effectiveTime xmlns:xsi="http://www.w3.org/2001/XMLSchema-instance" xsi:type="PIVL_TS" operator="A" institutionSpecified="true">
                <period value="12" unit="h" />
              </effectiveTime>
              <routeCode codeSystem="2.16.840.1.113883.3.26.1.1" codeSystemName="NCI Thesaurus" code="C28161" displayName="INJECTABLE" />
              <doseQuantity value="1" unit="U" />
              <consumable>
                <manufacturedProduct classCode="MANU">
                  <templateId root="2.16.840.1.113883.10.20.22.4.23" extension="2014-06-09" />
                  <templateId root="2.16.840.1.113883.10.20.22.4.23" />
                  <id root="2251f187-6407-4916-86fd-b19d421c7761" />
                  <manufacturedMaterial>
                    <code code="309090" codeSystem="2.16.840.1.113883.6.88" codeSystemName="RXNORM" displayName="cefTRIAXone 10GM Intravenous Powder for Solution" />
                  </manufacturedMaterial>
                </manufacturedProduct>
              </consumable>
            </substanceAdministration>
          </entry>
          <entry typeCode="DRIV">
            <substanceAdministration classCode="SBADM" moodCode="EVN">
              <templateId root="2.16.840.1.113883.10.20.22.4.16" extension="2014-06-09" />
              <templateId root="2.16.840.1.113883.10.20.22.4.16" />
              <id root="01f5a5a2-b0c7-4111-bb07-e54213b98cda" />
              <statusCode code="active" />
              <effectiveTime xmlns:xsi="http://www.w3.org/2001/XMLSchema-instance" xsi:type="IVL_TS">
                <low value="20150622000000" />
                <high nullFlavor="UNK" />
              </effectiveTime>
              <effectiveTime xmlns:xsi="http://www.w3.org/2001/XMLSchema-instance" xsi:type="PIVL_TS" operator="A" institutionSpecified="true">
                <period value="7" unit="d" />
              </effectiveTime>
              <routeCode codeSystem="2.16.840.1.113883.3.26.1.1" codeSystemName="NCI Thesaurus" code="C28161" displayName="INJECTABLE" />
              <doseQuantity value="1" unit="U" />
              <consumable>
                <manufacturedProduct classCode="MANU">
                  <templateId root="2.16.840.1.113883.10.20.22.4.23" extension="2014-06-09" />
                  <templateId root="2.16.840.1.113883.10.20.22.4.23" />
                  <id root="c6a7d491-8d2d-4900-9435-23eb77135091" />
                  <manufacturedMaterial>
                    <code code="731241" codeSystem="2.16.840.1.113883.6.88" codeSystemName="RXNORM" displayName="Aranesp 0.5MG/1ML Injection Solution" />
                  </manufacturedMaterial>
                </manufacturedProduct>
              </consumable>
            </substanceAdministration>
          </entry>
          <entry typeCode="DRIV">
            <substanceAdministration classCode="SBADM" moodCode="EVN">
              <templateId root="2.16.840.1.113883.10.20.22.4.16" extension="2014-06-09" />
              <templateId root="2.16.840.1.113883.10.20.22.4.16" />
              <id root="a7751119-5ec1-49af-a6f3-6ac151063807" />
              <statusCode code="active" />
              <effectiveTime xmlns:xsi="http://www.w3.org/2001/XMLSchema-instance" xsi:type="IVL_TS">
                <low value="20150622000000" />
                <high nullFlavor="UNK" />
              </effectiveTime>
              <effectiveTime xmlns:xsi="http://www.w3.org/2001/XMLSchema-instance" xsi:type="PIVL_TS" operator="A" institutionSpecified="true">
                <period value="24" unit="h" />
              </effectiveTime>
              <routeCode codeSystem="2.16.840.1.113883.3.26.1.1" codeSystemName="NCI Thesaurus" code="C38288" displayName="ORAL" />
              <doseQuantity value="1" unit="U" />
              <consumable>
                <manufacturedProduct classCode="MANU">
                  <templateId root="2.16.840.1.113883.10.20.22.4.23" extension="2014-06-09" />
                  <templateId root="2.16.840.1.113883.10.20.22.4.23" />
                  <id root="326b7536-ac6f-4716-8a1c-2e9d83bb6795" />
                  <manufacturedMaterial>
                    <code code="209459" codeSystem="2.16.840.1.113883.6.88" codeSystemName="RXNORM" displayName="Tylenol Extra Strength 500MG Oral Tablet" />
                  </manufacturedMaterial>
                </manufacturedProduct>
              </consumable>
            </substanceAdministration>
          </entry>
        </section>
      </component>
      <component>
        <section>
          <templateId root="2.16.840.1.113883.10.20.22.2.8" />
          <code code="51848-0" codeSystem="2.16.840.1.113883.6.1" codeSystemName="LOINC" displayName="Evaluation Note" />
          <title>Assessment</title>
          <text><table>
   <tbody>
      <tr>
         <td>
            <paragraph>You had the following problems:</paragraph>
            <list>
               <item>ESSENTIAL HYPERTENSION</item>
               <item>SEVERE HYPOTHYROIDISM</item>
               <item>CHRONIC REJECTION OF RENAL TRANSPLANT</item>
               <item>FEVER</item>
            </list>
            <paragraph>Assessment<br/>The patient was found to have fever and Dr Davis is suspecting Anemia based on the patient history. So Dr Davis asked the patient to closely monitor the temperature and blood pressure and get admitted to Community Health Hospitals if the fever does not subside within a day. <br/>
            </paragraph>
         </td>
      </tr>
   </tbody>
</table></text>
        </section>
      </component>
      <component>
        <section>
          <templateId root="2.16.840.1.113883.10.20.22.2.41" />
          <code code="8653-8" codeSystem="2.16.840.1.113883.6.1" codeSystemName="LOINC" displayName="Hospital Discharge Instructions" />
          <title>Hospital Discharge Instructions</title>
          <text><table>
   <tbody>
      <tr>
         <td>
            <paragraph>Should you have any questions prior to discharge, please contact a member of your healthcare team. If you have left the hospital and have any questions, please contact your primary care physician.</paragraph>
         </td>
      </tr>
   </tbody>
</table></text>
        </section>
      </component>
      <component>
        <section>
          <templateId root="1.3.6.1.4.1.19376.1.5.3.1.3.1" extension="2014-06-09" />
          <code code="42349-1" codeSystem="2.16.840.1.113883.6.1" codeSystemName="LOINC" displayName="Reason for Referral" />
          <title>Reason For Referral</title>
          <text><table>
   <tbody>
      <tr ID="referralReason1">
         <td>
            <paragraph>Reason for Referral: Ms Alice Newman is being referred to Community Health Hospitals Inpatient facility because of the high fever noticed and suspected Anemia.</paragraph>
            <paragraph>Appointment Date: 06/22/2015</paragraph>
         </td>
      </tr>
   </tbody>
</table></text>
        </section>
      </component>
      <component>
        <section>
          <templateId root="2.16.840.1.113883.10.20.22.2.7.1" />
          <code code="47519-4" codeSystem="2.16.840.1.113883.6.1" codeSystemName="LOINC" displayName="PROCEDURES" />
          <title>Procedures</title>
          <text><table>
   <thead>
      <tr>
         <th>Procedure Name</th>
         <th>Date</th>
         <th>Status</th>
         <th>Code</th>
         <th>Code System</th>
      </tr>
   </thead>
   <tbody>
      <tr ID="procedure0">
         <td>Nebulizer therapy</td>
         <td>06/22/2015</td>
         <td>completed</td>
         <td>56251003</td>
         <td>SNOMED CT</td>
      </tr>
      <tr ID="procedure1">
         <td>Introduction of intravenous cardiac pacemaker system</td>
         <td>10/05/2011</td>
         <td>completed</td>
         <td>175135009</td>
         <td>SNOMED CT</td>
      </tr>
   </tbody>
</table>
<table>
   <thead>
      <tr>
         <th>Implanted</th>
         <th>UDI</th>
         <th>Status</th>
         <th>Assigning Authority</th>
      </tr>
   </thead>
   <tbody>
      <tr ID="implantdevice0">
         <td>Cardiac resynchronization therapy implantable defibrillator</td>
         <td>(01)00643169007222(17)160128(21)BLC200461H</td>
         <td>Active</td>
         <td>FDA</td>
      </tr>
   </tbody>
</table></text>
          <entry typeCode="DRIV">
            <procedure classCode="PROC" moodCode="EVN">
              <templateId root="2.16.840.1.113883.10.20.22.4.14" extension="2014-06-09" />
              <id root="e067b337-42e5-452a-a651-ca10f3ddafbb" />
              <code code="56251003" codeSystemName="SNOMED CT" codeSystem="2.16.840.1.113883.6.96" displayName="Nebulizer therapy" />
              <statusCode code="completed" />
              <effectiveTime value="20150622" />
            </procedure>
          </entry>
          <entry typeCode="DRIV">
            <procedure classCode="PROC" moodCode="EVN">
              <templateId root="2.16.840.1.113883.10.20.22.4.14" extension="2014-06-09" />
              <id root="e4c689c3-41e5-4c9b-a6ae-95ae8b5c6531" />
              <code code="175135009" codeSystemName="SNOMED CT" codeSystem="2.16.840.1.113883.6.96" displayName="Introduction of intravenous cardiac pacemaker system" />
              <statusCode code="completed" />
              <effectiveTime value="20111005" />
              <participant typeCode="DEV">
                <participantRole classCode="MANU">
                  <templateId root="2.16.840.1.113883.10.20.22.4.37" />
                  <id root="2.16.840.1.113883.3.3719" extension="(01)00643169007222(17)160128(21)BLC200461H" assigningAuthorityName="FDA" />
                  <playingDevice />
                  <scopingEntity>
                    <id root="2.16.840.1.113883.3.3719" />
                  </scopingEntity>
                </participantRole>
              </participant>
            </procedure>
          </entry>
        </section>
      </component>
      <component>
        <section>
          <templateId root="2.16.840.1.113883.10.20.22.2.5.1" />
          <templateId root="2.16.840.1.113883.10.20.22.2.5.1" extension="2015-08-01" />
          <code code="11450-4" codeSystem="2.16.840.1.113883.6.1" codeSystemName="LOINC" displayName="PROBLEM LIST" />
          <title>Problems</title>
          <text><table>
   <thead>
      <tr>
         <th>Problem</th>
         <th>Start Date</th>
         <th>Resolved Date</th>
         <th>Status</th>
         <th>Code</th>
         <th>Code System</th>
      </tr>
   </thead>
   <tbody>
      <tr ID="problem1">
         <td>ESSENTIAL HYPERTENSION</td>
         <td>10/05/2011</td>
         <td/>
         <td>active</td>
         <td>59621000</td>
         <td>SNOMED-CT</td>
      </tr>
      <tr ID="problem2">
         <td>SEVERE HYPOTHYROIDISM</td>
         <td>12/31/2006</td>
         <td/>
         <td>active</td>
         <td>83986005</td>
         <td>SNOMED-CT</td>
      </tr>
      <tr ID="problem3">
         <td>CHRONIC REJECTION OF RENAL TRANSPLANT</td>
         <td>12/31/2011</td>
         <td/>
         <td>active</td>
         <td>236578006</td>
         <td>SNOMED-CT</td>
      </tr>
      <tr ID="problem4">
         <td>FEVER</td>
         <td>06/22/2015</td>
         <td/>
         <td>active</td>
         <td>386661006</td>
         <td>SNOMED-CT</td>
      </tr>
      <tr ID="problem5">
         <td>OVERWEIGHT</td>
         <td>12/31/2006</td>
         <td>06/01/2007</td>
         <td>resolved</td>
         <td>238131007</td>
         <td>SNOMED-CT</td>
      </tr>
   </tbody>
</table></text>
          <entry>
            <act classCode="ACT" moodCode="EVN">
              <templateId root="2.16.840.1.113883.10.20.22.4.3" extension="2015-08-01" />
              <templateId root="2.16.840.1.113883.10.20.22.4.3" />
              <id root="5deb95a8-d84f-41f5-9b19-026869464d88" />
              <code code="CONC" codeSystem="2.16.840.1.113883.5.6" displayName="Concern" />
              <statusCode code="active" />
              <effectiveTime>
                <low value="20111005" />
              </effectiveTime>
              <entryRelationship typeCode="SUBJ">
                <observation classCode="OBS" moodCode="EVN">
                  <templateId root="2.16.840.1.113883.10.20.22.4.4" extension="2015-08-01" />
                  <templateId root="2.16.840.1.113883.10.20.22.4.4" />
                  <id root="a684e681-3322-4b96-ae5b-5b129847022c" />
                  <code code="55607006" codeSystem="2.16.840.1.113883.6.96" codeSystemName="SNOMED CT" displayName="Problem">
                    <translation code="75326-9" codeSystem="2.16.840.1.113883.6.1" codeSystemName="LOINC" displayName="Problem" />
                  </code>
                  <statusCode code="completed" />
                  <effectiveTime>
                    <low value="20111005" />
                  </effectiveTime>
                  <value xmlns:xsi="http://www.w3.org/2001/XMLSchema-instance" xsi:type="CD" codeSystem="2.16.840.1.113883.6.96" code="59621000" displayName="Essential hypertension" />
                </observation>
              </entryRelationship>
            </act>
          </entry>
          <entry>
            <act classCode="ACT" moodCode="EVN">
              <templateId root="2.16.840.1.113883.10.20.22.4.3" extension="2015-08-01" />
              <templateId root="2.16.840.1.113883.10.20.22.4.3" />
              <id root="347d2c98-8060-467d-97ca-3252388c2ff7" />
              <code code="CONC" codeSystem="2.16.840.1.113883.5.6" displayName="Concern" />
              <statusCode code="active" />
              <effectiveTime>
                <low value="20061231" />
              </effectiveTime>
              <entryRelationship typeCode="SUBJ">
                <observation classCode="OBS" moodCode="EVN">
                  <templateId root="2.16.840.1.113883.10.20.22.4.4" extension="2015-08-01" />
                  <templateId root="2.16.840.1.113883.10.20.22.4.4" />
                  <id root="0bc153ef-27e3-4d4c-85f1-467dc1a25d0f" />
                  <code code="55607006" codeSystem="2.16.840.1.113883.6.96" codeSystemName="SNOMED CT" displayName="Problem">
                    <translation code="75326-9" codeSystem="2.16.840.1.113883.6.1" codeSystemName="LOINC" displayName="Problem" />
                  </code>
                  <statusCode code="completed" />
                  <effectiveTime>
                    <low value="20061231" />
                  </effectiveTime>
                  <value xmlns:xsi="http://www.w3.org/2001/XMLSchema-instance" xsi:type="CD" codeSystem="2.16.840.1.113883.6.96" code="83986005" displayName="Severe hypothyroidism" />
                </observation>
              </entryRelationship>
            </act>
          </entry>
          <entry>
            <act classCode="ACT" moodCode="EVN">
              <templateId root="2.16.840.1.113883.10.20.22.4.3" extension="2015-08-01" />
              <templateId root="2.16.840.1.113883.10.20.22.4.3" />
              <id root="7aba250e-c42b-4891-b4ee-51058c1235b2" />
              <code code="CONC" codeSystem="2.16.840.1.113883.5.6" displayName="Concern" />
              <statusCode code="active" />
              <effectiveTime>
                <low value="20111231" />
              </effectiveTime>
              <entryRelationship typeCode="SUBJ">
                <observation classCode="OBS" moodCode="EVN">
                  <templateId root="2.16.840.1.113883.10.20.22.4.4" extension="2015-08-01" />
                  <templateId root="2.16.840.1.113883.10.20.22.4.4" />
                  <id root="3cdccc53-8f92-458a-b107-a6947e28308a" />
                  <code code="55607006" codeSystem="2.16.840.1.113883.6.96" codeSystemName="SNOMED CT" displayName="Problem">
                    <translation code="75326-9" codeSystem="2.16.840.1.113883.6.1" codeSystemName="LOINC" displayName="Problem" />
                  </code>
                  <statusCode code="completed" />
                  <effectiveTime>
                    <low value="20111231" />
                  </effectiveTime>
                  <value xmlns:xsi="http://www.w3.org/2001/XMLSchema-instance" xsi:type="CD" codeSystem="2.16.840.1.113883.6.96" code="236578006" displayName="Chronic rejection of renal transplant" />
                </observation>
              </entryRelationship>
            </act>
          </entry>
          <entry>
            <act classCode="ACT" moodCode="EVN">
              <templateId root="2.16.840.1.113883.10.20.22.4.3" extension="2015-08-01" />
              <templateId root="2.16.840.1.113883.10.20.22.4.3" />
              <id root="d323af3b-c895-4798-9183-2fdfe29106dd" />
              <code code="CONC" codeSystem="2.16.840.1.113883.5.6" displayName="Concern" />
              <statusCode code="active" />
              <effectiveTime>
                <low value="20150622" />
              </effectiveTime>
              <entryRelationship typeCode="SUBJ">
                <observation classCode="OBS" moodCode="EVN">
                  <templateId root="2.16.840.1.113883.10.20.22.4.4" extension="2015-08-01" />
                  <templateId root="2.16.840.1.113883.10.20.22.4.4" />
                  <id root="94d597be-de81-4b7f-8da2-449c8aa388f5" />
                  <code code="55607006" codeSystem="2.16.840.1.113883.6.96" codeSystemName="SNOMED CT" displayName="Problem">
                    <translation code="75326-9" codeSystem="2.16.840.1.113883.6.1" codeSystemName="LOINC" displayName="Problem" />
                  </code>
                  <statusCode code="completed" />
                  <effectiveTime>
                    <low value="20150622" />
                  </effectiveTime>
                  <value xmlns:xsi="http://www.w3.org/2001/XMLSchema-instance" xsi:type="CD" codeSystem="2.16.840.1.113883.6.96" code="386661006" displayName="Fever" />
                </observation>
              </entryRelationship>
            </act>
          </entry>
          <entry>
            <act classCode="ACT" moodCode="EVN">
              <templateId root="2.16.840.1.113883.10.20.22.4.3" extension="2015-08-01" />
              <templateId root="2.16.840.1.113883.10.20.22.4.3" />
              <id root="6d51c480-6a85-4990-b7e0-a0d74f141ba1" />
              <code code="CONC" codeSystem="2.16.840.1.113883.5.6" displayName="Concern" />
              <statusCode code="completed" />
              <effectiveTime>
                <low value="20061231" />
                <high value="20070601" />
              </effectiveTime>
              <entryRelationship typeCode="SUBJ">
                <observation classCode="OBS" moodCode="EVN">
                  <templateId root="2.16.840.1.113883.10.20.22.4.4" extension="2015-08-01" />
                  <templateId root="2.16.840.1.113883.10.20.22.4.4" />
                  <id root="83d1eef9-f108-4fae-804f-dc56323bd822" />
                  <code code="55607006" codeSystem="2.16.840.1.113883.6.96" codeSystemName="SNOMED CT" displayName="Problem">
                    <translation code="75326-9" codeSystem="2.16.840.1.113883.6.1" codeSystemName="LOINC" displayName="Problem" />
                  </code>
                  <statusCode code="completed" />
                  <effectiveTime>
                    <low value="20061231" />
                    <high value="20070601" />
                  </effectiveTime>
                  <value xmlns:xsi="http://www.w3.org/2001/XMLSchema-instance" xsi:type="CD" codeSystem="2.16.840.1.113883.6.96" code="238131007" displayName="Overweight" />
                </observation>
              </entryRelationship>
            </act>
          </entry>
        </section>
      </component>
      <component>
        <section>
          <templateId root="2.16.840.1.113883.10.20.22.2.6.1" />
          <templateId root="2.16.840.1.113883.10.20.22.2.6.1" extension="2015-08-01" />
          <code code="48765-2" codeSystem="2.16.840.1.113883.6.1" codeSystemName="LOINC" displayName="Allergies, adverse reactions, alerts" />
          <title>Allergies</title>
          <text><table>
   <thead>
      <tr>
         <th>Allergy Substance</th>
         <th>Reaction</th>
         <th>Severity</th>
         <th>Start Date</th>
         <th>Concern Status</th>
         <th>Code</th>
         <th>Code System</th>
      </tr>
   </thead>
   <tbody>
      <tr ID="Drug1">
         <td>AMPICILLIN</td>
         <td>Hives (SNOMED-CT: 247472004)</td>
         <td>Moderate</td>
         <td>05/10/1980</td>
         <td>Active</td>
         <td>733</td>
         <td>RxNorm</td>
      </tr>
      <tr ID="Drug2">
         <td>PENICILLIN G</td>
         <td>Hives (SNOMED-CT: 247472004)</td>
         <td>Moderate</td>
         <td>05/10/1980</td>
         <td>Active</td>
         <td>7980</td>
         <td>RxNorm</td>
      </tr>
   </tbody>
</table></text>
          <entry typeCode="DRIV">
            <act classCode="ACT" moodCode="EVN">
              <templateId root="2.16.840.1.113883.10.20.22.4.30" />
              <templateId root="2.16.840.1.113883.10.20.22.4.30" extension="2015-08-01" />
              <id root="c124dc39-1f39-4f0b-b7b9-91975d57aa4d" />
              <code code="CONC" codeSystem="2.16.840.1.113883.5.6" />
              <statusCode code="active" />
              <effectiveTime>
                <low value="20170706" />
              </effectiveTime>
              <entryRelationship typeCode="SUBJ">
                <observation classCode="OBS" moodCode="EVN">
                  <templateId root="2.16.840.1.113883.10.20.22.4.7" extension="2014-06-09" />
                  <templateId root="2.16.840.1.113883.10.20.22.4.7" />
                  <id root="de0d5253-6ba3-4659-9ceb-15add71a0716" />
                  <code code="ASSERTION" codeSystem="2.16.840.1.113883.5.4" />
                  <statusCode code="completed" />
                  <effectiveTime>
                    <low value="19800510" />
                  </effectiveTime>
                  <value xmlns:xsi="http://www.w3.org/2001/XMLSchema-instance" xsi:type="CD" codeSystem="2.16.840.1.113883.6.96" codeSystemName="SNOMED CT" code="416098002" displayName="Drug allergy (disorder)" />
                  <participant typeCode="CSM">
                    <participantRole classCode="MANU">
                      <playingEntity classCode="MMAT">
                        <code code="733" codeSystem="2.16.840.1.113883.6.88" codeSystemName="RXNORM" displayName="AMPICILLIN" />
                      </playingEntity>
                    </participantRole>
                  </participant>
                  <entryRelationship typeCode="MFST" inversionInd="true">
                    <observation classCode="OBS" moodCode="EVN">
                      <templateId root="2.16.840.1.113883.10.20.22.4.9" extension="2014-06-09" />
                      <templateId root="2.16.840.1.113883.10.20.22.4.9" />
                      <id root="d2530927-158c-4e24-9341-b6a0199104ed" />
                      <code code="ASSERTION" codeSystem="2.16.840.1.113883.5.4" />
                      <statusCode code="completed" />
                      <value xmlns:xsi="http://www.w3.org/2001/XMLSchema-instance" xsi:type="CD" code="247472004" codeSystem="2.16.840.1.113883.6.96" displayName="Hives" />
                    </observation>
                  </entryRelationship>
                  <entryRelationship typeCode="SUBJ" inversionInd="true">
                    <observation classCode="OBS" moodCode="EVN">
                      <templateId root="2.16.840.1.113883.10.20.22.4.8" extension="2014-06-09" />
                      <code code="SEV" displayName="Severity Observation" codeSystem="2.16.840.1.113883.5.4" codeSystemName="ActCode" />
                      <statusCode code="completed" />
                      <value xmlns:xsi="http://www.w3.org/2001/XMLSchema-instance" xsi:type="CD" code="6736007" displayName="Moderate" codeSystem="2.16.840.1.113883.6.96" codeSystemName="SNOMED CT" />
                    </observation>
                  </entryRelationship>
                </observation>
              </entryRelationship>
            </act>
          </entry>
          <entry typeCode="DRIV">
            <act classCode="ACT" moodCode="EVN">
              <templateId root="2.16.840.1.113883.10.20.22.4.30" />
              <templateId root="2.16.840.1.113883.10.20.22.4.30" extension="2015-08-01" />
              <id root="364107b5-65e1-43c4-a9fc-a98e25faf66a" />
              <code code="CONC" codeSystem="2.16.840.1.113883.5.6" />
              <statusCode code="active" />
              <effectiveTime>
                <low value="20170706" />
              </effectiveTime>
              <entryRelationship typeCode="SUBJ">
                <observation classCode="OBS" moodCode="EVN">
                  <templateId root="2.16.840.1.113883.10.20.22.4.7" extension="2014-06-09" />
                  <templateId root="2.16.840.1.113883.10.20.22.4.7" />
                  <id root="2e86a388-c8cd-454a-8d01-8b6be23741a7" />
                  <code code="ASSERTION" codeSystem="2.16.840.1.113883.5.4" />
                  <statusCode code="completed" />
                  <effectiveTime>
                    <low value="19800510" />
                  </effectiveTime>
                  <value xmlns:xsi="http://www.w3.org/2001/XMLSchema-instance" xsi:type="CD" codeSystem="2.16.840.1.113883.6.96" codeSystemName="SNOMED CT" code="416098002" displayName="Drug allergy (disorder)" />
                  <participant typeCode="CSM">
                    <participantRole classCode="MANU">
                      <playingEntity classCode="MMAT">
                        <code code="7980" codeSystem="2.16.840.1.113883.6.88" codeSystemName="RXNORM" displayName="PENICILLIN G" />
                      </playingEntity>
                    </participantRole>
                  </participant>
                  <entryRelationship typeCode="MFST" inversionInd="true">
                    <observation classCode="OBS" moodCode="EVN">
                      <templateId root="2.16.840.1.113883.10.20.22.4.9" extension="2014-06-09" />
                      <templateId root="2.16.840.1.113883.10.20.22.4.9" />
                      <id root="b36aebd1-488f-4888-946c-c07f40bd6b93" />
                      <code code="ASSERTION" codeSystem="2.16.840.1.113883.5.4" />
                      <statusCode code="completed" />
                      <value xmlns:xsi="http://www.w3.org/2001/XMLSchema-instance" xsi:type="CD" code="247472004" codeSystem="2.16.840.1.113883.6.96" displayName="Hives" />
                    </observation>
                  </entryRelationship>
                  <entryRelationship typeCode="SUBJ" inversionInd="true">
                    <observation classCode="OBS" moodCode="EVN">
                      <templateId root="2.16.840.1.113883.10.20.22.4.8" extension="2014-06-09" />
                      <code code="SEV" displayName="Severity Observation" codeSystem="2.16.840.1.113883.5.4" codeSystemName="ActCode" />
                      <statusCode code="completed" />
                      <value xmlns:xsi="http://www.w3.org/2001/XMLSchema-instance" xsi:type="CD" code="6736007" displayName="Moderate" codeSystem="2.16.840.1.113883.6.96" codeSystemName="SNOMED CT" />
                    </observation>
                  </entryRelationship>
                </observation>
              </entryRelationship>
            </act>
          </entry>
        </section>
      </component>
      <component>
        <section>
          <templateId root="2.16.840.1.113883.10.20.22.2.10" extension="2014-06-09" />
          <code code="18776-5" codeSystem="2.16.840.1.113883.6.1" codeSystemName="LOINC" displayName="Plan of Care Note" />
          <title>Plan of Treatment</title>
          <text><table>
   <tbody>
      <tr ID="treatmentplan1">
         <td>Urinalysis macro (dispstick) panel</td>
         <td>06/29/2015</td>
         <td>LOINC: 24357-6</td>
      </tr>
      <tr ID="treatmentplan2">
         <td/>
         <td colspan="2">06/22/2015</td>
      </tr>
      <tr ID="treatmentplan3">
         <td colspan="3">
            <paragraph>Plan<br/>i. Get an EKG done on 6/23/2015 <br/>ii. Get a Chest X-ray done on 6/23/2015 showing the Lower Respiratory Tract Structure. <br/>iii. Take Clindamycin 300mg three times a day as needed if pain does not subside/ <br/>iv. Schedule follow on visit with Neighborhood Physicians Practice on 7/1/2015. <br/>
            </paragraph>
         </td>
      </tr>
   </tbody>
</table></text>
          <entry>
            <observation classCode="OBS" moodCode="RQO">
              <templateId root="2.16.840.1.113883.10.20.22.4.44" extension="2014-06-09" />
              <id root="6e8e43ed-06e2-40a8-9538-a844b9d1dd36" />
              <code code="24357-6" codeSystem="2.16.840.1.113883.6.1" codeSystemName="LOINC" displayName="Urinalysis macro (dispstick) panel" />
              <statusCode code="active" />
              <effectiveTime value="20150629" />
            </observation>
          </entry>
          <entry>
            <encounter classCode="ENC" moodCode="APT">
              <templateId root="2.16.840.1.113883.10.20.22.4.40" extension="2014-06-09" />
              <id root="08af2f29-a666-4fd7-b5e3-43490b86a3ff" />
              <code nullFlavor="NI" />
              <statusCode code="active" />
            </encounter>
          </entry>
        </section>
      </component>
      <component>
        <section>
          <templateId root="2.16.840.1.113883.10.20.22.2.22.1" extension="2015-08-01" />
          <code code="46240-8" codeSystem="2.16.840.1.113883.6.1" codeSystemName="LOINC" displayName="History of encounters" />
          <title>Encounters</title>
          <text><table>
   <thead>
      <tr>
         <th>Encounter Diagnosis</th>
         <th>Start Date</th>
         <th>Code</th>
         <th>Code System</th>
      </tr>
   </thead>
   <tbody>
      <tr ID="encounterDiagnosis1">
         <td>Fever</td>
         <td>06/22/2015</td>
         <td>386661006</td>
         <td>SNOMED-CT</td>
      </tr>
   </tbody>
</table></text>
          <entry typeCode="DRIV">
            <encounter classCode="ENC" moodCode="EVN">
              <templateId root="2.16.840.1.113883.10.20.22.4.49" extension="2015-08-01" />
              <id root="13c8afd3-80f1-445d-9014-bc4e673a122f" />
              <code code="IMP" codeSystem="2.16.840.1.113883.5.4" displayName="Inpatient" />
              <effectiveTime value="20150622114200-0500" />
              <entryRelationship typeCode="REFR">
                <act classCode="ACT" moodCode="EVN">
                  <templateId root="2.16.840.1.113883.10.20.22.4.80" extension="2015-08-01" />
                  <code code="29308-4" codeSystem="2.16.840.1.113883.6.1" codeSystemName="LOINC" displayName="DIAGNOSIS" />
                  <entryRelationship typeCode="SUBJ">
                    <observation classCode="OBS" moodCode="EVN">
                      <templateId root="2.16.840.1.113883.10.20.22.4.4" extension="2015-08-01" />
                      <id root="cd1b2fe3-e058-414d-b402-9089f8f4297c" />
                      <code code="282291009" codeSystem="2.16.840.1.113883.6.96" codeSystemName="SNOMED CT" displayName="Diagnosis">
                        <translation code="29308-4" codeSystem="2.16.840.1.113883.6.1" codeSystemName="LOINC" displayName="Diagnosis" />
                      </code>
                      <statusCode code="completed" />
                      <effectiveTime>
                        <low value="20150622" />
                      </effectiveTime>
                      <value xmlns:xsi="http://www.w3.org/2001/XMLSchema-instance" xsi:type="CD" codeSystem="2.16.840.1.113883.6.96" code="386661006" displayName="Fever" />
                    </observation>
                  </entryRelationship>
                </act>
              </entryRelationship>
            </encounter>
          </entry>
        </section>
      </component>
      <component>
        <section>
          <templateId root="2.16.840.1.113883.10.20.22.2.60" />
          <code code="61146-7" codeSystem="2.16.840.1.113883.6.1" codeSystemName="LOINC" displayName="Goals" />
          <title>Goals</title>
          <text><table>
   <thead>
      <tr>
         <th>Goal</th>
      </tr>
   </thead>
   <tbody>
      <tr ID="goal1">
         <td>a. Get rid of intermittent fever that is occurring every few weeks.</td>
      </tr>
      <tr ID="goal2">
         <td>b. Need to gain more energy to do regular activities</td>
      </tr>
   </tbody>
</table></text>
          <entry typeCode="DRIV">
            <observation classCode="OBS" moodCode="GOL">
              <templateId root="2.16.840.1.113883.10.20.22.4.121" />
              <id nullFlavor="NI" />
              <code />
              <text>
                <reference value="#goal1" />
              </text>
              <statusCode code="active" />
              <effectiveTime value="20170707103519" />
              <author>
                <templateId root="2.16.840.1.113883.10.20.22.4.119" />
                <time value="20170707103519-0500" />
                <assignedAuthor>
                  <id root="16b71088-9635-437b-af3c-a4bc672065f6" />
                  <assignedPerson>
                    <name>
                      <given>Zack</given>
                      <family>Mann</family>
                    </name>
                  </assignedPerson>
                  <representedOrganization>
                    <name>Thrive Provider EHR</name>
                    <telecom value="5555551002" />
                    <addr use="HP">
                      <streetAddressLine>2472 Rocky Place</streetAddressLine>
                      <city>Beaverton</city>
                      <state>OR</state>
                      <postalCode>97006</postalCode>
                    </addr>
                  </representedOrganization>
                </assignedAuthor>
              </author>
            </observation>
          </entry>
          <entry typeCode="DRIV">
            <observation classCode="OBS" moodCode="GOL">
              <templateId root="2.16.840.1.113883.10.20.22.4.121" />
              <id nullFlavor="NI" />
              <code />
              <text>
                <reference value="#goal2" />
              </text>
              <statusCode code="active" />
              <effectiveTime value="20170707103540" />
              <author>
                <templateId root="2.16.840.1.113883.10.20.22.4.119" />
                <time value="20170707103540-0500" />
                <assignedAuthor>
                  <id root="4ba7703f-af73-4792-860a-345f06c59829" />
                  <assignedPerson>
                    <name>
                      <given>Zack</given>
                      <family>Mann</family>
                    </name>
                  </assignedPerson>
                  <representedOrganization>
                    <name>Thrive Provider EHR</name>
                    <telecom value="5555551002" />
                    <addr use="HP">
                      <streetAddressLine>2472 Rocky Place</streetAddressLine>
                      <city>Beaverton</city>
                      <state>OR</state>
                      <postalCode>97006</postalCode>
                    </addr>
                  </representedOrganization>
                </assignedAuthor>
              </author>
            </observation>
          </entry>
        </section>
      </component>
      <component>
        <section>
          <templateId root="2.16.840.1.113883.10.20.22.2.58" />
          <code code="75310-3" codeSystem="2.16.840.1.113883.6.1" codeSystemName="LOINC" displayName="Health Concerns Document" />
          <title>Health Concerns Section</title>
          <text><table>
   <thead>
      <tr>
         <th>Health Concern</th>
      </tr>
   </thead>
   <tbody>
      <tr>
         <td>Chronic sick </td>
      </tr>
      <tr>
         <td>Comment:</td>
      </tr>
      <tr>
         <td>
            <paragraph ID="Concern0">HealthCare Concerns refer to underlying clinical facts
i. Documented HyperTension problem
ii. Documented HypoThyroidism problem
iii. Watch Weight of patient</paragraph>
         </td>
      </tr>
   </tbody>
</table>
<table>
   <thead>
      <tr>
         <th>Health Concern</th>
      </tr>
   </thead>
   <tbody>
      <tr>
         <td>Chronic sick </td>
      </tr>
      <tr>
         <td>Comment:</td>
      </tr>
      <tr>
         <td>
            <paragraph ID="Concern1">Chronic Sickness exhibited by patient</paragraph>
         </td>
      </tr>
   </tbody>
</table></text>
          <entry>
            <observation classCode="OBS" moodCode="EVN">
              <templateId root="2.16.840.1.113883.10.20.22.4.5" extension="2014-06-09" />
              <id root="52abe34f-95a0-4fa7-a69a-333dee6a1c16" />
              <code code="11323-3" codeSystem="2.16.840.1.113883.6.1" displayName="Health status" />
              <text>
                <reference value="#Concern0" />
              </text>
              <statusCode code="completed" />
              <value xmlns:xsi="http://www.w3.org/2001/XMLSchema-instance" xsi:type="CD" codeSystem="2.16.840.1.113883.6.96" code="161901003" displayName="Chronic sick " />
            </observation>
          </entry>
          <entry>
            <act classCode="ACT" moodCode="EVN" negationInd="true">
              <templateId root="2.16.840.1.113883.10.20.22.4.132" extension="2015-08-01" />
              <id root="4d2f4570-4ea1-45c8-a120-af2a27393ac1" />
              <code code="75310-3" codeSystem="2.16.840.1.113883.6.1" codeSystemName="LOINC" displayName="Health Concern" />
              <text>
                <reference value="#Concern0" />
              </text>
              <statusCode code="active" />
              <effectiveTime value="20170707" />
            </act>
          </entry>
          <entry>
            <observation classCode="OBS" moodCode="EVN">
              <templateId root="2.16.840.1.113883.10.20.22.4.5" extension="2014-06-09" />
              <id root="da5c02ac-7a55-4ae3-99ff-4da5f929e5bd" />
              <code code="11323-3" codeSystem="2.16.840.1.113883.6.1" displayName="Health status" />
              <text>
                <reference value="#Concern1" />
              </text>
              <statusCode code="completed" />
              <value xmlns:xsi="http://www.w3.org/2001/XMLSchema-instance" xsi:type="CD" codeSystem="2.16.840.1.113883.6.96" code="161901003" displayName="Chronic sick " />
            </observation>
          </entry>
          <entry>
            <act classCode="ACT" moodCode="EVN" negationInd="true">
              <templateId root="2.16.840.1.113883.10.20.22.4.132" extension="2015-08-01" />
              <id root="eed84aa5-e9bf-4f99-af33-5c18ea423a3b" />
              <code code="75310-3" codeSystem="2.16.840.1.113883.6.1" codeSystemName="LOINC" displayName="Health Concern" />
              <text>
                <reference value="#Concern1" />
              </text>
              <statusCode code="active" />
              <effectiveTime value="20170707" />
            </act>
          </entry>
        </section>
      </component>
    </structuredBody>
  </component>
</ClinicalDocument>