<?xml version="1.0" encoding="UTF-8"?>
<?xml-stylesheet type="text/xsl" href="http://userareas.cpsi.com/downloads/cda.xsl" ?>
<ClinicalDocument xmlns="urn:hl7-org:v3" xmlns:sdtc="urn:hl7-org:sdtc" xmlns:type="http://www.w3.org/2001/XMLSchema-instance">
  <realmCode code="US" />
  <typeId extension="POCD_HD000040" root="2.16.840.1.113883.1.3" />
  <templateId root="2.16.840.1.113883.10.20.22.1.1" />
  <templateId root="2.16.840.1.113883.10.20.22.1.1" extension="2015-08-01" />
  <templateId root="2.16.840.1.113883.10.20.22.1.2" />
  <templateId root="2.16.840.1.113883.10.20.22.1.2" extension="2015-08-01" />
  <id root="b727c8f9-3108-4ae1-9c6c-2c0dd63ad9f3" />
  <code code="34133-9" codeSystem="2.16.840.1.113883.6.1" codeSystemName="LOINC" displayName="Patient Summary 2.1" />
  <title>Patient Summary 2.1</title>
  <effectiveTime value="20170725" />
  <confidentialityCode codeSystem="2.16.840.1.113883.5.25" codeSystemName="Confidentiality" code="N" displayName="normal" />
  <languageCode code="en-US" />
  <recordTarget>
    <patientRole>
      <id root="48f5f4ec-16fd-405d-b560-59b6c98c840c" />
      <addr use="HP">
        <streetAddressLine>1357 Amber Drive</streetAddressLine>
        <city>BEAVERTON</city>
        <state>OR</state>
        <postalCode>97006</postalCode>
        <country>US</country>
      </addr>
      <telecom value="5557231544" use="HP" />
      <telecom value="5557771234" use="MC" />
      <telecom nullFlavor="UNK" use="WP" />
      <patient>
        <name use="L">
          <given>jeremy</given>
          <given>v</given>
          <family>bates</family>
          <suffix>Jr</suffix>
        </name>
        <administrativeGenderCode code="M" codeSystem="2.16.840.1.113883.5.1" displayName="Male" />
        <birthTime value="19800801" />
        <raceCode codeSystem="2.16.840.1.113883.6.238" codeSystemName="Race and Ethnicity - CDC" nullFlavor="NI" displayName="UNKNOWN" />
        <sdtc:raceCode codeSystem="2.16.840.1.113883.6.238" codeSystemName="Race and Ethnicity - CDC" nullFlavor="NI" displayName="UNKNOWN" />
        <ethnicGroupCode codeSystem="2.16.840.1.113883.6.238" codeSystemName="Race and Ethnicity - CDC" nullFlavor="NI" displayName="UNKNOWN" />
        <languageCommunication>
          <languageCode code="en" />
        </languageCommunication>
      </patient>
      <providerOrganization>
        <id root="3235a8c8-396e-498b-99d5-b2c0fa43d85e" />
        <name>Neighborhood Physician Practic</name>
        <telecom value="5555551002" use="WP" />
        <addr use="HP">
          <streetAddressLine>2472 Rocky Place</streetAddressLine>
          <city>Beaverton</city>
          <state>OR</state>
          <postalCode>97006</postalCode>
          <country>US</country>
        </addr>
      </providerOrganization>
    </patientRole>
  </recordTarget>
  <author>
    <time value="20170725" />
    <assignedAuthor>
      <id root="2913c373-4ee5-44b2-b902-d4be4f4da454" />
      <id root="f4b558c0-2cb2-441e-9955-4ded44782c91" />
      <addr use="HP">
        <streetAddressLine>2472 Rocky Place</streetAddressLine>
        <city>Beaverton</city>
        <state>OR</state>
        <postalCode>97006</postalCode>
        <country>US</country>
      </addr>
      <telecom value="5555551002" />
      <assignedPerson>
        <name nullFlavor="NI" />
      </assignedPerson>
    </assignedAuthor>
  </author>
  <custodian>
    <assignedCustodian>
      <representedCustodianOrganization>
        <id root="3235a8c8-396e-498b-99d5-b2c0fa43d85e" />
        <name>Neighborhood Physician Practic</name>
        <telecom value="5555551002" />
        <addr use="HP">
          <streetAddressLine>2472 Rocky Place</streetAddressLine>
          <city>Beaverton</city>
          <state>OR</state>
          <postalCode>97006</postalCode>
          <country>US</country>
        </addr>
      </representedCustodianOrganization>
    </assignedCustodian>
  </custodian>
  <documentationOf>
    <serviceEvent classCode="PCPR">
      <effectiveTime>
        <low value="20150722" />
        <high value="20150722" />
      </effectiveTime>
      <performer typeCode="PRF">
        <functionCode codeSystem="2.16.840.1.113883.5.88" codeSystemName="ParticipationFunction" displayName="Office Contact" nullFlavor="NI">
          <originalText>Office Contact</originalText>
        </functionCode>
        <assignedEntity>
          <id root="6d0f049e-59b6-4664-8eae-818f4a927141" />
          <addr use="HP">
            <streetAddressLine>2472 Rocky Place</streetAddressLine>
            <city>Beaverton</city>
            <state>OR</state>
            <postalCode>97006</postalCode>
          </addr>
          <telecom value="5555551002" />
          <assignedPerson>
            <name>
              <family>Tracy Davis</family>
            </name>
          </assignedPerson>
          <representedOrganization>
            <id root="0408eb80-e945-497f-a220-a4f424b4326c" />
            <name>Neighborhood Physician Pr</name>
            <telecom value="2516398100" />
            <addr use="HP">
              <streetAddressLine>2472 Rocky Place</streetAddressLine>
              <city>Beaverton</city>
              <state>OR</state>
              <postalCode>97006</postalCode>
            </addr>
          </representedOrganization>
        </assignedEntity>
      </performer>
      <performer typeCode="PRF">
        <functionCode codeSystem="2.16.840.1.113883.5.88" codeSystemName="ParticipationFunction" code="NURSE" displayName="Registered Nurse">
          <originalText>Registered Nurse</originalText>
        </functionCode>
        <assignedEntity>
          <id root="f1d50624-e23c-44a6-aa39-4c88340144d9" />
          <addr use="HP">
            <streetAddressLine>2472 Rocky Place</streetAddressLine>
            <city>Beaverton</city>
            <state>OR</state>
            <postalCode>97006</postalCode>
          </addr>
          <telecom value="5555551002" />
          <assignedPerson>
            <name>
              <family>Tracy Davis</family>
            </name>
          </assignedPerson>
          <representedOrganization>
            <id root="3235a8c8-396e-498b-99d5-b2c0fa43d85e" />
            <name>Thrive Provider EHR</name>
            <telecom value="5555551002" />
            <addr use="HP">
              <streetAddressLine>2472 Rocky Place</streetAddressLine>
              <city>Beaverton</city>
              <state>OR</state>
              <postalCode>97006</postalCode>
            </addr>
          </representedOrganization>
        </assignedEntity>
      </performer>
      <performer typeCode="PRF">
        <functionCode codeSystem="2.16.840.1.113883.5.88" codeSystemName="ParticipationFunction" code="ATTENDING" displayName="Attending">
          <originalText>Attending</originalText>
        </functionCode>
        <assignedEntity>
          <id root="76c5eb4c-9c7f-4f05-b63c-f5ccacf84823" />
          <addr use="HP">
            <streetAddressLine>2472 ROCKY PLACE</streetAddressLine>
            <city>BEAVERTON</city>
            <state>OR</state>
            <postalCode>97006</postalCode>
          </addr>
          <telecom value="5555551002" />
          <assignedPerson>
            <name>
              <family>DAVIS ALBERT</family>
            </name>
          </assignedPerson>
          <representedOrganization>
            <id root="3235a8c8-396e-498b-99d5-b2c0fa43d85e" />
            <name>Thrive Provider EHR</name>
            <telecom value="5555551002" />
            <addr use="HP">
              <streetAddressLine>2472 Rocky Place</streetAddressLine>
              <city>Beaverton</city>
              <state>OR</state>
              <postalCode>97006</postalCode>
            </addr>
          </representedOrganization>
        </assignedEntity>
      </performer>
      <performer typeCode="PRF">
        <functionCode codeSystem="2.16.840.1.113883.5.88" codeSystemName="ParticipationFunction" displayName="Referring Provider" nullFlavor="NI">
          <originalText>Referring Provider</originalText>
        </functionCode>
        <assignedEntity>
          <id root="a20c5d6a-9ea4-40ee-b9e4-9274b2e20501" />
          <addr use="HP">
            <streetAddressLine>2472 ROCKY PLACE</streetAddressLine>
            <city>BEAVERTON</city>
            <state>OR</state>
            <postalCode>97006</postalCode>
          </addr>
          <telecom nullFlavor="UNK" />
          <assignedPerson>
            <name>
              <family>DAVIS ALBERT</family>
            </name>
          </assignedPerson>
        </assignedEntity>
      </performer>
    </serviceEvent>
  </documentationOf>
  <componentOf>
    <encompassingEncounter>
      <id root="83747730-23e4-4114-b56f-b9f4b6d7b021" />
      <effectiveTime>
        <low value="20150722000000" />
        <high value="20150722122700" />
      </effectiveTime>
    </encompassingEncounter>
  </componentOf>
  <component>
    <structuredBody>
      <component>
        <section nullFlavor="NI">
          <templateId root="2.16.840.1.113883.10.20.22.2.14" />
          <code code="47420-5" codeSystem="2.16.840.1.113883.6.1" codeSystemName="LOINC" displayName="Functional Status" />
          <title>Functional Status</title>
          <text><table><thead><tr><td></td></tr></thead><tbody><tr><td>No Data Found</td></tr></tbody></table></text>
        </section>
      </component>
      <component>
        <section nullFlavor="NI">
          <templateId root="2.16.840.1.113883.10.20.22.2.2.1" />
          <code code="11369-6" codeSystem="2.16.840.1.113883.6.1" codeSystemName="LOINC" displayName="History of Immunization Narrative" />
          <title>Immunization</title>
          <text><table><thead><tr><td></td></tr></thead><tbody><tr><td>No Data Found</td></tr></tbody></table></text>
        </section>
      </component>
      <component>
        <section nullFlavor="NI">
          <templateId root="2.16.840.1.113883.10.20.22.2.56" />
          <code code="10190-7" codeSystem="2.16.840.1.113883.6.1" codeSystemName="LOINC" displayName="Mental Status" />
          <title>Mental Status</title>
          <text><table><thead><tr><td></td></tr></thead><tbody><tr><td>No Data Found</td></tr></tbody></table></text>
        </section>
      </component>
      <component>
        <section nullFlavor="NI">
          <templateId root="2.16.840.1.113883.10.20.22.2.3.1" extension="2015-08-01" />
          <templateId root="2.16.840.1.113883.10.20.22.2.3.1" />
          <code code="30954-2" codeSystem="2.16.840.1.113883.6.1" codeSystemName="LOINC" displayName="RELEVANT DIAGNOSTIC TESTS AND/OR LABORATORY DATA" />
          <title>Results</title>
          <text><table><thead><tr><td></td></tr></thead><tbody><tr><td>No Data Found</td></tr></tbody></table></text>
        </section>
      </component>
      <component>
        <section>
          <templateId root="2.16.840.1.113883.10.20.22.2.17" extension="2015-08-01" />
          <templateId root="2.16.840.1.113883.10.20.22.2.17" />
          <code code="29762-2" codeSystem="2.16.840.1.113883.6.1" codeSystemName="LOINC" displayName="Social History" />
          <title>Social History</title>
          <text><table>
   <thead>
      <tr>
         <th>Type</th>
         <th>Status</th>
         <th>Start Date</th>
         <th>End Date</th>
         <th>Code</th>
         <th>Code System</th>
      </tr>
   </thead>
   <tbody>
      <tr ID="socialHistory1">
         <td>Smoking History</td>
         <td>Current every day smoker</td>
         <td>07/22/2015</td>
         <td/>
         <td>449868002</td>
         <td>SNOMED-CT</td>
      </tr>
   </tbody>
</table></text>
          <entry typeCode="DRIV">
            <observation classCode="OBS" moodCode="EVN">
              <templateId root="2.16.840.1.113883.10.20.22.4.78" extension="2014-06-09" />
              <id root="a45722c1-fd5c-45db-8477-3cb32e8b5d25" />
              <code code="72166-2" codeSystem="2.16.840.1.113883.6.1" codeSystemName="LOINC" displayName="Tobacco Smoking Status" />
              <statusCode code="completed" />
              <effectiveTime value="20150722" />
              <value xmlns:xsi="http://www.w3.org/2001/XMLSchema-instance" xsi:type="CD" codeSystem="2.16.840.1.113883.6.96" code="449868002" displayName="Current every day smoker" />
            </observation>
          </entry>
        </section>
      </component>
      <component>
        <section>
          <templateId root="2.16.840.1.113883.10.20.22.2.4.1" extension="2015-08-01" />
          <templateId root="2.16.840.1.113883.10.20.22.2.4.1" />
          <code code="8716-3" codeSystem="2.16.840.1.113883.6.1" codeSystemName="LOINC" displayName="Vital Signs" />
          <title>Vital Signs</title>
          <text><table>
   <thead>
      <tr>
         <th>Vital Sign</th>
         <th>Value</th>
         <th>Unit</th>
         <th>Date/Time</th>
         <th>Recent/Initial?</th>
         <th>Code</th>
         <th>Code System</th>
      </tr>
   </thead>
   <tbody>
      <tr ID="vitalSign0">
         <td>Body Mass Index</td>
         <td>28.09</td>
         <td>kg/m2</td>
         <td>07/22/2015 14:05</td>
         <td>Inital</td>
         <td>39156-5</td>
         <td>LOINC</td>
      </tr>
      <tr ID="vitalSign1">
         <td>Systolic Blood Pressure</td>
         <td>145</td>
         <td>mm[Hg]</td>
         <td>07/22/2015 14:05</td>
         <td>Inital</td>
         <td>8480-6</td>
         <td>LOINC</td>
      </tr>
      <tr ID="vitalSign2">
         <td>Diastolic Blood Pressure</td>
         <td>88</td>
         <td>mm[Hg]</td>
         <td>07/22/2015 14:05</td>
         <td>Inital</td>
         <td>8462-4</td>
         <td>LOINC</td>
      </tr>
      <tr ID="vitalSign3">
         <td>Body Surface Area</td>
         <td>2.08</td>
         <td>m2</td>
         <td>07/22/2015 14:05</td>
         <td>Inital</td>
         <td>3140-1</td>
         <td>LOINC</td>
      </tr>
      <tr ID="vitalSign4">
         <td>Height</td>
         <td>177.0126</td>
         <td>cm</td>
         <td>07/22/2015 14:05</td>
         <td>Inital</td>
         <td>8302-2</td>
         <td>LOINC</td>
      </tr>
      <tr ID="vitalSign5">
         <td>Weight</td>
         <td>88.00</td>
         <td>kg</td>
         <td>07/22/2015 14:05</td>
         <td>Inital</td>
         <td>29463-7</td>
         <td>LOINC</td>
      </tr>
   </tbody>
</table></text>
          <entry typeCode="DRIV">
            <organizer classCode="CLUSTER" moodCode="EVN">
              <templateId root="2.16.840.1.113883.10.20.22.4.26" extension="2015-08-01" />
              <id root="0c02d441-9f0a-4f98-a97a-1e9562b8bda9" />
              <code code="46680005" codeSystem="2.16.840.1.113883.6.96" codeSystemName="SNOMED CT" displayName="Vital Signs">
                <translation code="74728-7" codeSystem="2.16.840.1.113883.6.1" displayName="Vital signs, weight, height, head circumference, oximetry, BMI, and BSA panel" codeSystemName="LOINC" />
              </code>
              <statusCode code="completed" />
              <effectiveTime>
                <low value="20150722" />
                <high value="20150722" />
              </effectiveTime>
              <component>
                <observation classCode="OBS" moodCode="EVN">
                  <templateId root="2.16.840.1.113883.10.20.22.4.27" extension="2014-06-09" />
                  <templateId root="2.16.840.1.113883.10.20.22.4.27" />
                  <id root="b5d0a8ab-da48-4562-953f-04f9606ce645" />
                  <code code="39156-5" codeSystem="2.16.840.1.113883.6.1" codeSystemName="LOINC" displayName="BMI (Body Mass Index)" />
                  <statusCode code="completed" />
                  <effectiveTime value="20150722" />
                  <value xmlns:xsi="http://www.w3.org/2001/XMLSchema-instance" xsi:type="PQ" unit="kg/m2" value="28.09" />
                </observation>
              </component>
              <component>
                <observation classCode="OBS" moodCode="EVN">
                  <templateId root="2.16.840.1.113883.10.20.22.4.27" extension="2014-06-09" />
                  <templateId root="2.16.840.1.113883.10.20.22.4.27" />
                  <id root="af392c7a-0c75-4dcf-b6b5-2971e68e7c9d" />
                  <code code="8480-6" codeSystem="2.16.840.1.113883.6.1" codeSystemName="LOINC" displayName="BP Systolic" />
                  <statusCode code="completed" />
                  <effectiveTime value="20150722" />
                  <value xmlns:xsi="http://www.w3.org/2001/XMLSchema-instance" xsi:type="PQ" unit="mm[Hg]" value="145" />
                </observation>
              </component>
              <component>
                <observation classCode="OBS" moodCode="EVN">
                  <templateId root="2.16.840.1.113883.10.20.22.4.27" extension="2014-06-09" />
                  <templateId root="2.16.840.1.113883.10.20.22.4.27" />
                  <id root="4f48d845-90cc-4aba-90a5-2fa7eb12c9a5" />
                  <code code="8462-4" codeSystem="2.16.840.1.113883.6.1" codeSystemName="LOINC" displayName="BP Diastolic" />
                  <statusCode code="completed" />
                  <effectiveTime value="20150722" />
                  <value xmlns:xsi="http://www.w3.org/2001/XMLSchema-instance" xsi:type="PQ" unit="mm[Hg]" value="88" />
                </observation>
              </component>
              <component>
                <observation classCode="OBS" moodCode="EVN">
                  <templateId root="2.16.840.1.113883.10.20.22.4.27" extension="2014-06-09" />
                  <templateId root="2.16.840.1.113883.10.20.22.4.27" />
                  <id root="c4cfc592-b3fd-4208-b4db-6ce912f1cb92" />
                  <code code="3140-1" codeSystem="2.16.840.1.113883.6.1" codeSystemName="LOINC" displayName="Body Surface" />
                  <statusCode code="completed" />
                  <effectiveTime value="20150722" />
                  <value xmlns:xsi="http://www.w3.org/2001/XMLSchema-instance" xsi:type="PQ" unit="m2" value="2.08" />
                </observation>
              </component>
              <component>
                <observation classCode="OBS" moodCode="EVN">
                  <templateId root="2.16.840.1.113883.10.20.22.4.27" extension="2014-06-09" />
                  <templateId root="2.16.840.1.113883.10.20.22.4.27" />
                  <id root="2d00875f-8434-4838-b541-74b38735ab13" />
                  <code code="8302-2" codeSystem="2.16.840.1.113883.6.1" codeSystemName="LOINC" displayName="Height" />
                  <statusCode code="completed" />
                  <effectiveTime value="20150722" />
                  <value xmlns:xsi="http://www.w3.org/2001/XMLSchema-instance" xsi:type="PQ" unit="cm" value="177.0126" />
                </observation>
              </component>
              <component>
                <observation classCode="OBS" moodCode="EVN">
                  <templateId root="2.16.840.1.113883.10.20.22.4.27" extension="2014-06-09" />
                  <templateId root="2.16.840.1.113883.10.20.22.4.27" />
                  <id root="60f170a2-6c5d-4ffd-b97c-faa822ea23e4" />
                  <code code="29463-7" codeSystem="2.16.840.1.113883.6.1" codeSystemName="LOINC" displayName="Weight Measured" />
                  <statusCode code="completed" />
                  <effectiveTime value="20150722" />
                  <value xmlns:xsi="http://www.w3.org/2001/XMLSchema-instance" xsi:type="PQ" unit="kg" value="88.00" />
                </observation>
              </component>
            </organizer>
          </entry>
        </section>
      </component>
      <component>
        <section nullFlavor="NI">
          <templateId root="2.16.840.1.113883.10.20.22.2.1.1" extension="2014-06-09" />
          <templateId root="2.16.840.1.113883.10.20.22.2.1.1" />
          <templateId root="2.16.840.1.113883.10.20.34.2.1" extension="2014-06-09" />
          <templateId root="2.16.840.1.113883.10.20.34.2.1" />
          <code code="10160-0" codeSystem="2.16.840.1.113883.6.1" codeSystemName="LOINC" displayName="HISTORY OF MEDICATION USE" />
          <title>Medications</title>
          <text><table><thead><tr><td></td></tr></thead><tbody><tr><td>No Active Meds</td></tr></tbody></table></text>
        </section>
      </component>
      <component>
        <section>
          <templateId root="2.16.840.1.113883.10.20.22.2.8" />
          <code code="51848-0" codeSystem="2.16.840.1.113883.6.1" codeSystemName="LOINC" displayName="Evaluation Note" />
          <title>Assessment</title>
          <text><table>
   <tbody>
      <tr>
         <td>
            <paragraph>You had the following problems:</paragraph>
            <list>
               <item>This Patient has no active problems.</item>
            </list>
            <paragraph>Assessment<br/>The patient was found to be healthy and advised to follow his current routine of exercise, work, sleep and quality of life. <br/>
            </paragraph>
         </td>
      </tr>
   </tbody>
</table></text>
        </section>
      </component>
      <component>
        <section>
          <templateId root="2.16.840.1.113883.10.20.22.2.41" />
          <code code="8653-8" codeSystem="2.16.840.1.113883.6.1" codeSystemName="LOINC" displayName="Hospital Discharge Instructions" />
          <title>Hospital Discharge Instructions</title>
          <text><table>
   <tbody>
      <tr>
         <td>
            <paragraph>Should you have any questions prior to discharge, please contact a member of your healthcare team. If you have left the hospital and have any questions, please contact your primary care physician.</paragraph>
         </td>
      </tr>
   </tbody>
</table></text>
        </section>
      </component>
      <component>
        <section>
          <templateId root="1.3.6.1.4.1.19376.1.5.3.1.3.1" extension="2014-06-09" />
          <code code="42349-1" codeSystem="2.16.840.1.113883.6.1" codeSystemName="LOINC" displayName="Reason for Referral" />
          <title>Reason For Referral</title>
          <text><table>
   <tbody>
      <tr ID="referralReason1">
         <td/>
      </tr>
   </tbody>
</table></text>
        </section>
      </component>
      <component>
        <section nullFlavor="NI">
          <templateId root="2.16.840.1.113883.10.20.22.2.7.1" />
          <code code="47519-4" codeSystem="2.16.840.1.113883.6.1" codeSystemName="LOINC" displayName="PROCEDURES" />
          <title>Procedures</title>
          <text><table><thead><tr><td></td></tr></thead><tbody><tr><td>No Data Found</td></tr></tbody></table></text>
        </section>
      </component>
      <component>
        <section>
          <templateId root="2.16.840.1.113883.10.20.22.2.5.1" />
          <templateId root="2.16.840.1.113883.10.20.22.2.5.1" extension="2015-08-01" />
          <code code="11450-4" codeSystem="2.16.840.1.113883.6.1" codeSystemName="LOINC" displayName="PROBLEM LIST" />
          <title>Problems</title>
          <text><table>
   <thead>
      <tr>
         <th>Problem</th>
         <th>Start Date</th>
         <th>Resolved Date</th>
         <th>Status</th>
         <th>Code</th>
         <th>Code System</th>
      </tr>
   </thead>
   <tbody>
      <tr ID="problem1">
         <td>No Active Problems</td>
         <td/>
         <td/>
         <td>active</td>
         <td/>
         <td>SNOMED-CT</td>
      </tr>
   </tbody>
</table></text>
          <entry>
            <act classCode="ACT" moodCode="EVN">
              <templateId root="2.16.840.1.113883.10.20.22.4.3" extension="2015-08-01" />
              <templateId root="2.16.840.1.113883.10.20.22.4.3" />
              <id root="cfbc529c-d778-4b54-bf84-811e18380c52" />
              <code code="CONC" codeSystem="2.16.840.1.113883.5.6" displayName="Concern" />
              <statusCode code="active" />
              <effectiveTime>
                <low nullFlavor="UNK" />
              </effectiveTime>
              <entryRelationship typeCode="SUBJ">
                <observation classCode="OBS" moodCode="EVN" negationInd="true">
                  <templateId root="2.16.840.1.113883.10.20.22.4.4" extension="2015-08-01" />
                  <templateId root="2.16.840.1.113883.10.20.22.4.4" />
                  <id root="47662658-1434-4b08-bdc4-0bec0d2a8eef" />
                  <code code="55607006" codeSystem="2.16.840.1.113883.6.96" codeSystemName="SNOMED CT" displayName="Problem">
                    <translation code="75326-9" codeSystem="2.16.840.1.113883.6.1" codeSystemName="LOINC" displayName="Problem" />
                  </code>
                  <statusCode code="completed" />
                  <effectiveTime>
                    <low nullFlavor="UNK" />
                  </effectiveTime>
                  <value xmlns:xsi="http://www.w3.org/2001/XMLSchema-instance" xsi:type="CD" codeSystem="2.16.840.1.113883.6.96" code="55607006" displayName="Problem" />
                </observation>
              </entryRelationship>
            </act>
          </entry>
        </section>
      </component>
      <component>
        <section>
          <templateId root="2.16.840.1.113883.10.20.22.2.6.1" />
          <templateId root="2.16.840.1.113883.10.20.22.2.6.1" extension="2015-08-01" />
          <code code="48765-2" codeSystem="2.16.840.1.113883.6.1" codeSystemName="LOINC" displayName="Allergies, adverse reactions, alerts" />
          <title>Allergies</title>
          <text><table>
   <thead>
      <tr>
         <th>Allergy Substance</th>
         <th>Reaction</th>
         <th>Severity</th>
         <th>Start Date</th>
         <th>Concern Status</th>
         <th>Code</th>
         <th>Code System</th>
      </tr>
   </thead>
   <tbody>
      <tr ID="Drug1">
         <td>No Known Drug Allergies</td>
         <td/>
         <td/>
         <td/>
         <td>Active</td>
         <td/>
         <td>RxNorm</td>
      </tr>
   </tbody>
</table></text>
          <entry typeCode="DRIV">
            <act classCode="ACT" moodCode="EVN">
              <templateId root="2.16.840.1.113883.10.20.22.4.30" />
              <templateId root="2.16.840.1.113883.10.20.22.4.30" extension="2015-08-01" />
              <id root="6b85fbfe-2e18-4766-9409-716a5646ead2" />
              <code code="CONC" codeSystem="2.16.840.1.113883.5.6" />
              <statusCode code="active" />
              <effectiveTime>
                <low value="20170706" />
              </effectiveTime>
              <entryRelationship typeCode="SUBJ" negationInd="true">
                <observation classCode="OBS" moodCode="EVN">
                  <templateId root="2.16.840.1.113883.10.20.22.4.7" extension="2014-06-09" />
                  <templateId root="2.16.840.1.113883.10.20.22.4.7" />
                  <id root="5183c5bd-9185-4b42-9910-7d4c77fc0da3" />
                  <code code="ASSERTION" codeSystem="2.16.840.1.113883.5.4" />
                  <statusCode code="completed" />
                  <effectiveTime>
                    <low nullFlavor="UNK" />
                  </effectiveTime>
                  <value xmlns:xsi="http://www.w3.org/2001/XMLSchema-instance" xsi:type="CD" codeSystem="2.16.840.1.113883.6.96" codeSystemName="SNOMED CT" code="416098002" displayName="No known drug allergies" nullFlavor="OTH" />
                  <participant typeCode="CSM">
                    <participantRole classCode="MANU">
                      <playingEntity classCode="MMAT">
                        <code nullFlavor="UNK" />
                      </playingEntity>
                    </participantRole>
                  </participant>
                </observation>
              </entryRelationship>
            </act>
          </entry>
        </section>
      </component>
      <component>
        <section>
          <templateId root="2.16.840.1.113883.10.20.22.2.10" extension="2014-06-09" />
          <code code="18776-5" codeSystem="2.16.840.1.113883.6.1" codeSystemName="LOINC" displayName="Plan of Care Note" />
          <title>Plan of Treatment</title>
          <text><table>
   <tbody>
      <tr ID="treatmentplan1">
         <td/>
         <td colspan="2"/>
      </tr>
      <tr ID="treatmentplan2">
         <td colspan="3">
            <paragraph>Plan<br/>i. Schedule a visit for next year. <br/>
            </paragraph>
         </td>
      </tr>
   </tbody>
</table></text>
          <entry>
            <encounter classCode="ENC" moodCode="APT">
              <templateId root="2.16.840.1.113883.10.20.22.4.40" extension="2014-06-09" />
              <id root="523609fd-59d6-4438-8863-95867e224536" />
              <code nullFlavor="NI" />
              <statusCode code="active" />
              <effectiveTime nullFlavor="UNK" />
            </encounter>
          </entry>
        </section>
      </component>
      <component>
        <section>
          <templateId root="2.16.840.1.113883.10.20.22.2.22.1" extension="2015-08-01" />
          <code code="46240-8" codeSystem="2.16.840.1.113883.6.1" codeSystemName="LOINC" displayName="History of encounters" />
          <title>Encounters</title>
          <text><table>
   <thead>
      <tr>
         <th>Encounter Diagnosis</th>
         <th>Start Date</th>
         <th>Code</th>
         <th>Code System</th>
      </tr>
   </thead>
   <tbody>
      <tr ID="encounterDiagnosis1">
         <td>Encounter for general adult medical examination without abnormal findings</td>
         <td>07/22/2015</td>
         <td>268565007</td>
         <td>SNOMED-CT</td>
      </tr>
   </tbody>
</table></text>
          <entry typeCode="DRIV">
            <encounter classCode="ENC" moodCode="EVN">
              <templateId root="2.16.840.1.113883.10.20.22.4.49" extension="2015-08-01" />
              <id root="adbc11f8-6b2a-4c27-a080-72212e738350" />
              <code code="IMP" codeSystem="2.16.840.1.113883.5.4" displayName="Inpatient" />
              <effectiveTime value="20150722000000-0500" />
              <entryRelationship typeCode="REFR">
                <act classCode="ACT" moodCode="EVN">
                  <templateId root="2.16.840.1.113883.10.20.22.4.80" extension="2015-08-01" />
                  <code code="29308-4" codeSystem="2.16.840.1.113883.6.1" codeSystemName="LOINC" displayName="DIAGNOSIS" />
                  <entryRelationship typeCode="SUBJ">
                    <observation classCode="OBS" moodCode="EVN">
                      <templateId root="2.16.840.1.113883.10.20.22.4.4" extension="2015-08-01" />
                      <id root="3f8cb222-150c-436f-89ae-7812530815b0" />
                      <code code="282291009" codeSystem="2.16.840.1.113883.6.96" codeSystemName="SNOMED CT" displayName="Diagnosis">
                        <translation code="29308-4" codeSystem="2.16.840.1.113883.6.1" codeSystemName="LOINC" displayName="Diagnosis" />
                      </code>
                      <statusCode code="completed" />
                      <effectiveTime>
                        <low value="20150722" />
                      </effectiveTime>
                      <value xmlns:xsi="http://www.w3.org/2001/XMLSchema-instance" xsi:type="CD" codeSystem="2.16.840.1.113883.6.96" code="268565007" displayName="Encounter for general adult medical examination without abnormal findings" />
                    </observation>
                  </entryRelationship>
                </act>
              </entryRelationship>
            </encounter>
          </entry>
        </section>
      </component>
      <component>
        <section nullFlavor="NI">
          <templateId root="2.16.840.1.113883.10.20.22.2.60" />
          <code code="61146-7" codeSystem="2.16.840.1.113883.6.1" codeSystemName="LOINC" displayName="Goals" />
          <title>Goals</title>
          <text><table><thead><tr><td></td></tr></thead><tbody><tr><td>No Data Found</td></tr></tbody></table></text>
        </section>
      </component>
      <component>
        <section nullFlavor="NI">
          <templateId root="2.16.840.1.113883.10.20.22.2.58" />
          <code code="75310-3" codeSystem="2.16.840.1.113883.6.1" codeSystemName="LOINC" displayName="Health Concerns Document" />
          <title>Health Concerns Section</title>
          <text><table><thead><tr><td></td></tr></thead><tbody><tr><td>No Data Found</td></tr></tbody></table></text>
        </section>
      </component>
    </structuredBody>
  </component>
</ClinicalDocument>