<?xml version="1.0" encoding="UTF-8"?>
<?xml-stylesheet type="text/xsl" href="http://userareas.cpsi.com/downloads/cda.xsl" ?>
<ClinicalDocument xmlns="urn:hl7-org:v3" xmlns:sdtc="urn:hl7-org:sdtc" xmlns:type="http://www.w3.org/2001/XMLSchema-instance">
  <realmCode code="US" />
  <typeId extension="POCD_HD000040" root="2.16.840.1.113883.1.3" />
  <templateId root="2.16.840.1.113883.10.20.22.1.1" />
  <templateId root="2.16.840.1.113883.10.20.22.1.1" extension="2015-08-01" />
  <templateId root="2.16.840.1.113883.10.20.22.1.2" />
  <templateId root="2.16.840.1.113883.10.20.22.1.2" extension="2015-08-01" />
  <id root="9017d198-799c-4ba1-9b6d-081b658197ca" />
  <code code="34133-9" codeSystem="2.16.840.1.113883.6.1" codeSystemName="LOINC" displayName="Patient Summary 2.1" />
  <title>Patient Summary 2.1</title>
  <effectiveTime value="20170718" />
  <confidentialityCode codeSystem="2.16.840.1.113883.5.25" codeSystemName="Confidentiality" code="N" displayName="normal" />
  <languageCode code="en-US" />
  <recordTarget>
    <patientRole>
      <id root="c9bcf25e-871a-42ce-a12c-32c20bf369fe" />
      <addr use="HP">
        <streetAddressLine>1357 Amber Dr</streetAddressLine>
        <city>BEAVERTON</city>
        <state>OR</state>
        <postalCode>97006</postalCode>
        <country>US</country>
      </addr>
      <telecom nullFlavor="UNK" use="HP" />
      <telecom nullFlavor="UNK" use="MC" />
      <telecom nullFlavor="UNK" use="WP" />
      <patient>
        <name use="L">
          <given>MYRA</given>
          <family>Jones</family>
        </name>
        <administrativeGenderCode code="F" codeSystem="2.16.840.1.113883.5.1" displayName="Female" />
        <birthTime value="19470501" />
        <raceCode codeSystem="2.16.840.1.113883.6.238" codeSystemName="Race and Ethnicity - CDC" code="2106-3" displayName="CAUCASIAN" />
        <sdtc:raceCode codeSystem="2.16.840.1.113883.6.238" codeSystemName="Race and Ethnicity - CDC" code="2108-9" displayName="White European" />
        <ethnicGroupCode codeSystem="2.16.840.1.113883.6.238" codeSystemName="Race and Ethnicity - CDC" code="2186-5" displayName="Not Hispanic or Latino" />
        <languageCommunication>
          <languageCode code="en" />
        </languageCommunication>
      </patient>
      <providerOrganization>
        <id root="8dd95bfe-f8d0-45c9-9df8-a4407fa30b6a" />
        <name>Community Health Hospitals EMR</name>
        <telecom value="5555551002" use="WP" />
        <addr use="HP">
          <streetAddressLine>1002 Healthcare Drive</streetAddressLine>
          <city>Portland</city>
          <state>OR</state>
          <postalCode>97266</postalCode>
          <country>US</country>
        </addr>
      </providerOrganization>
    </patientRole>
  </recordTarget>
  <author>
    <time value="20170718" />
    <assignedAuthor>
      <id root="c14d6efa-a33a-4c7e-a177-75f4502aa22d" />
      <id root="1fe5aec5-1fa6-4c39-bf14-8308ea1f27db" />
      <addr use="HP">
        <streetAddressLine>1002 Healthcare Drive</streetAddressLine>
        <city>Portland</city>
        <state>OR</state>
        <postalCode>97266</postalCode>
        <country>US</country>
      </addr>
      <telecom value="5555551002" />
      <assignedPerson>
        <name nullFlavor="NI" />
      </assignedPerson>
    </assignedAuthor>
  </author>
  <custodian>
    <assignedCustodian>
      <representedCustodianOrganization>
        <id root="8dd95bfe-f8d0-45c9-9df8-a4407fa30b6a" />
        <name>Community Health Hospitals EMR</name>
        <telecom value="5555551002" />
        <addr use="HP">
          <streetAddressLine>1002 Healthcare Drive</streetAddressLine>
          <city>Portland</city>
          <state>OR</state>
          <postalCode>97266</postalCode>
          <country>US</country>
        </addr>
      </representedCustodianOrganization>
    </assignedCustodian>
  </custodian>
  <documentationOf>
    <serviceEvent classCode="PCPR">
      <effectiveTime>
        <low nullFlavor="UNK" />
        <high nullFlavor="UNK" />
      </effectiveTime>
      <performer typeCode="PRF">
        <functionCode codeSystem="2.16.840.1.113883.5.88" codeSystemName="ParticipationFunction" displayName="Office Contact" nullFlavor="NI">
          <originalText>Office Contact</originalText>
        </functionCode>
        <assignedEntity>
          <id root="ab8d0bbc-385c-4338-8804-f935d47d35ad" />
          <addr use="HP">
            <streetAddressLine>1002 Healthcare Drive</streetAddressLine>
            <city>Portland</city>
            <state>OR</state>
            <postalCode>97266</postalCode>
          </addr>
          <telecom value="5555551002" />
          <assignedPerson>
            <name>
              <family>Mary McDonald</family>
            </name>
          </assignedPerson>
          <representedOrganization>
            <id root="8dd95bfe-f8d0-45c9-9df8-a4407fa30b6a" />
            <name>Community Health Hospitals EMR</name>
            <telecom value="5555551002" />
            <addr use="HP">
              <streetAddressLine>1002 Healthcare Drive</streetAddressLine>
              <city>Portland</city>
              <state>OR</state>
              <postalCode>97266</postalCode>
            </addr>
          </representedOrganization>
        </assignedEntity>
      </performer>
      <performer typeCode="PRF">
        <functionCode codeSystem="2.16.840.1.113883.5.88" codeSystemName="ParticipationFunction" code="ATTENDING" displayName="Attending">
          <originalText>Attending</originalText>
        </functionCode>
        <assignedEntity>
          <id root="2c07c653-46fe-4eb1-a244-91ef6571b198" />
          <addr use="HP">
            <streetAddressLine>625 Downton Lane</streetAddressLine>
            <city>Sonoma</city>
            <state>CA</state>
            <postalCode>95476</postalCode>
          </addr>
          <telecom value="7072103333" />
          <assignedPerson>
            <name>
              <family>Crawley Robert</family>
            </name>
          </assignedPerson>
          <representedOrganization>
            <id root="8dd95bfe-f8d0-45c9-9df8-a4407fa30b6a" />
            <name>Thrive EHR</name>
            <telecom value="5555551002" />
            <addr use="HP">
              <streetAddressLine>1002 Healthcare Drive</streetAddressLine>
              <city>Portland</city>
              <state>OR</state>
              <postalCode>97266</postalCode>
            </addr>
          </representedOrganization>
        </assignedEntity>
      </performer>
    </serviceEvent>
  </documentationOf>
  <componentOf>
    <encompassingEncounter>
      <id root="fc569052-cff0-44e1-90f1-cc6be479dcc6" />
      <effectiveTime>
        <low nullFlavor="UNK" />
        <high nullFlavor="UNK" />
      </effectiveTime>
    </encompassingEncounter>
  </componentOf>
  <component>
    <structuredBody>
      <component>
        <section nullFlavor="NI">
          <templateId root="2.16.840.1.113883.10.20.22.2.14" />
          <code code="47420-5" codeSystem="2.16.840.1.113883.6.1" codeSystemName="LOINC" displayName="Functional Status" />
          <title>Functional Status</title>
          <text><table><thead><tr><td></td></tr></thead><tbody><tr><td>No Data Found</td></tr></tbody></table></text>
        </section>
      </component>
      <component>
        <section nullFlavor="NI">
          <templateId root="2.16.840.1.113883.10.20.22.2.2.1" />
          <code code="11369-6" codeSystem="2.16.840.1.113883.6.1" codeSystemName="LOINC" displayName="History of Immunization Narrative" />
          <title>Immunization</title>
          <text><table><thead><tr><td></td></tr></thead><tbody><tr><td>No Data Found</td></tr></tbody></table></text>
        </section>
      </component>
      <component>
        <section nullFlavor="NI">
          <templateId root="2.16.840.1.113883.10.20.22.2.56" />
          <code code="10190-7" codeSystem="2.16.840.1.113883.6.1" codeSystemName="LOINC" displayName="Mental Status" />
          <title>Mental Status</title>
          <text><table><thead><tr><td></td></tr></thead><tbody><tr><td>No Data Found</td></tr></tbody></table></text>
        </section>
      </component>
      <component>
        <section nullFlavor="NI">
          <templateId root="2.16.840.1.113883.10.20.22.2.3.1" extension="2015-08-01" />
          <templateId root="2.16.840.1.113883.10.20.22.2.3.1" />
          <code code="30954-2" codeSystem="2.16.840.1.113883.6.1" codeSystemName="LOINC" displayName="RELEVANT DIAGNOSTIC TESTS AND/OR LABORATORY DATA" />
          <title>Results</title>
          <text><table><thead><tr><td></td></tr></thead><tbody><tr><td>No Data Found</td></tr></tbody></table></text>
        </section>
      </component>
      <component>
        <section nullFlavor="NI">
          <templateId root="2.16.840.1.113883.10.20.22.2.17" extension="2015-08-01" />
          <templateId root="2.16.840.1.113883.10.20.22.2.17" />
          <code code="29762-2" codeSystem="2.16.840.1.113883.6.1" codeSystemName="LOINC" displayName="Social History" />
          <title>Social History</title>
          <text><table><thead><tr><td></td></tr></thead><tbody><tr><td>No Data Found</td></tr></tbody></table></text>
        </section>
      </component>
      <component>
        <section nullFlavor="NI">
          <templateId root="2.16.840.1.113883.10.20.22.2.4.1" extension="2015-08-01" />
          <templateId root="2.16.840.1.113883.10.20.22.2.4.1" />
          <code code="8716-3" codeSystem="2.16.840.1.113883.6.1" codeSystemName="LOINC" displayName="Vital Signs" />
          <title>Vital Signs</title>
          <text><table><thead><tr><td></td></tr></thead><tbody><tr><td>No Data Found</td></tr></tbody></table></text>
        </section>
      </component>
      <component>
        <section>
          <templateId root="2.16.840.1.113883.10.20.22.2.1.1" extension="2014-06-09" />
          <templateId root="2.16.840.1.113883.10.20.22.2.1.1" />
          <templateId root="2.16.840.1.113883.10.20.34.2.1" extension="2014-06-09" />
          <templateId root="2.16.840.1.113883.10.20.34.2.1" />
          <code code="10160-0" codeSystem="2.16.840.1.113883.6.1" codeSystemName="LOINC" displayName="HISTORY OF MEDICATION USE" />
          <title>Medications</title>
          <text><table>
  <thead>
    <tr>
      <th>Medication</th>
      <th>Start Date</th>
      <th>End Date</th>
      <th>Route</th>
      <th>Frequency</th>
      <th>Dose</th>
      <th>Code</th>
      <th>Code System</th>
    </tr>
  </thead>
  <tbody>
    <tr>
      <td>ProAir RespiClick 117MCG/1 Actuation Inhalation Powder</td>
      <td>07/18/2017</td>
      <td>Unknown</td>
      <td>INHALATION</td>
      <td>DAILY</td>
      <td>90 ml/min</td>
      <td>1649560</td>
      <td>RxNorm</td>
    </tr>
  </tbody>
</table></text>
          <entry typeCode="DRIV">
            <substanceAdministration classCode="SBADM" moodCode="EVN">
              <templateId root="2.16.840.1.113883.10.20.22.4.16" extension="2014-06-09" />
              <templateId root="2.16.840.1.113883.10.20.22.4.16" />
              <id root="a2038007-3bee-4e47-a4fe-551eb6a3765f" />
              <statusCode code="active" />
              <effectiveTime xmlns:xsi="http://www.w3.org/2001/XMLSchema-instance" xsi:type="IVL_TS">
                <low value="20170718000000" />
                <high nullFlavor="UNK" />
              </effectiveTime>
              <effectiveTime xmlns:xsi="http://www.w3.org/2001/XMLSchema-instance" xsi:type="PIVL_TS" operator="A" institutionSpecified="true">
                <period value="1" unit="d" />
              </effectiveTime>
              <doseQuantity value="90" unit="ml/min" />
              <consumable>
                <manufacturedProduct classCode="MANU">
                  <templateId root="2.16.840.1.113883.10.20.22.4.23" extension="2014-06-09" />
                  <templateId root="2.16.840.1.113883.10.20.22.4.23" />
                  <id root="d74ef19a-9a19-426d-a202-3df54ef37c52" />
                  <manufacturedMaterial>
                    <code code="1649560" codeSystem="2.16.840.1.113883.6.88" codeSystemName="RXNORM" displayName="ProAir RespiClick 117MCG/1 Actuation Inhalation Powder" />
                  </manufacturedMaterial>
                </manufacturedProduct>
              </consumable>
            </substanceAdministration>
          </entry>
        </section>
      </component>
      <component>
        <section>
          <templateId root="2.16.840.1.113883.10.20.22.2.8" />
          <code code="51848-0" codeSystem="2.16.840.1.113883.6.1" codeSystemName="LOINC" displayName="Evaluation Note" />
          <title>Assessment</title>
          <text><table>
  <tbody>
    <tr>
      <td>
        <paragraph>You had the following problems:</paragraph>
        <list>
          <item>Pneumonia</item>
          <item>Asthma</item>
        </list>
      </td>
    </tr>
  </tbody>
</table></text>
        </section>
      </component>
      <component>
        <section>
          <templateId root="2.16.840.1.113883.10.20.22.2.41" />
          <code code="8653-8" codeSystem="2.16.840.1.113883.6.1" codeSystemName="LOINC" displayName="Hospital Discharge Instructions" />
          <title>Hospital Discharge Instructions</title>
          <text><table>
  <tbody>
    <tr>
      <td>
        <paragraph>Should you have any questions prior to discharge, please contact a member of your healthcare team. If you have left the hospital and have any questions, please contact your primary care physician.</paragraph>
      </td>
    </tr>
  </tbody>
</table></text>
        </section>
      </component>
      <component>
        <section>
          <templateId root="1.3.6.1.4.1.19376.1.5.3.1.3.1" extension="2014-06-09" />
          <code code="42349-1" codeSystem="2.16.840.1.113883.6.1" codeSystemName="LOINC" displayName="Reason for Referral" />
          <title>Reason For Referral</title>
          <text><table><thead><tr><td></td></tr></thead><tbody><tr><td>No Data Found</td></tr></tbody></table></text>
        </section>
      </component>
      <component>
        <section nullFlavor="NI">
          <templateId root="2.16.840.1.113883.10.20.22.2.7.1" />
          <code code="47519-4" codeSystem="2.16.840.1.113883.6.1" codeSystemName="LOINC" displayName="PROCEDURES" />
          <title>Procedures</title>
          <text><table><thead><tr><td></td></tr></thead><tbody><tr><td>No Data Found</td></tr></tbody></table></text>
        </section>
      </component>
      <component>
        <section>
          <templateId root="2.16.840.1.113883.10.20.22.2.5.1" />
          <templateId root="2.16.840.1.113883.10.20.22.2.5.1" extension="2015-08-01" />
          <code code="11450-4" codeSystem="2.16.840.1.113883.6.1" codeSystemName="LOINC" displayName="PROBLEM LIST" />
          <title>Problems</title>
          <text><table>
  <thead>
    <tr>
      <th>Problem</th>
      <th>Start Date</th>
      <th>Resolved Date</th>
      <th>Status</th>
      <th>Code</th>
      <th>Code System</th>
    </tr>
  </thead>
  <tbody>
    <tr ID="problem1">
      <td>Pneumonia</td>
      <td/>
      <td/>
      <td>active</td>
      <td>233604007</td>
      <td>SNOMED-CT</td>
    </tr>
    <tr ID="problem2">
      <td>Asthma</td>
      <td/>
      <td/>
      <td>active</td>
      <td>195967001</td>
      <td>SNOMED-CT</td>
    </tr>
  </tbody>
</table></text>
          <entry>
            <act classCode="ACT" moodCode="EVN">
              <templateId root="2.16.840.1.113883.10.20.22.4.3" extension="2015-08-01" />
              <templateId root="2.16.840.1.113883.10.20.22.4.3" />
              <id root="9410b540-be10-441b-a8d4-942e699656ce" />
              <code code="CONC" codeSystem="2.16.840.1.113883.5.6" displayName="Concern" />
              <statusCode code="active" />
              <effectiveTime>
                <low nullFlavor="UNK" />
              </effectiveTime>
              <entryRelationship typeCode="SUBJ">
                <observation classCode="OBS" moodCode="EVN">
                  <templateId root="2.16.840.1.113883.10.20.22.4.4" extension="2015-08-01" />
                  <templateId root="2.16.840.1.113883.10.20.22.4.4" />
                  <id root="3fcb97ba-2ad0-47c6-bf1c-1e0be615671b" />
                  <code code="55607006" codeSystem="2.16.840.1.113883.6.96" codeSystemName="SNOMED CT" displayName="Problem">
                    <translation code="75326-9" codeSystem="2.16.840.1.113883.6.1" codeSystemName="LOINC" displayName="Problem" />
                  </code>
                  <statusCode code="completed" />
                  <effectiveTime>
                    <low nullFlavor="UNK" />
                  </effectiveTime>
                  <value xmlns:xsi="http://www.w3.org/2001/XMLSchema-instance" xsi:type="CD" codeSystem="2.16.840.1.113883.6.96" code="233604007" displayName="Pneumonia" />
                </observation>
              </entryRelationship>
            </act>
          </entry>
          <entry>
            <act classCode="ACT" moodCode="EVN">
              <templateId root="2.16.840.1.113883.10.20.22.4.3" extension="2015-08-01" />
              <templateId root="2.16.840.1.113883.10.20.22.4.3" />
              <id root="1ba3a049-e0c6-4011-8600-51882f4d0e43" />
              <code code="CONC" codeSystem="2.16.840.1.113883.5.6" displayName="Concern" />
              <statusCode code="active" />
              <effectiveTime>
                <low nullFlavor="UNK" />
              </effectiveTime>
              <entryRelationship typeCode="SUBJ">
                <observation classCode="OBS" moodCode="EVN">
                  <templateId root="2.16.840.1.113883.10.20.22.4.4" extension="2015-08-01" />
                  <templateId root="2.16.840.1.113883.10.20.22.4.4" />
                  <id root="7c0c52f0-ccb9-4766-ac9d-3f41d7180ac3" />
                  <code code="55607006" codeSystem="2.16.840.1.113883.6.96" codeSystemName="SNOMED CT" displayName="Problem">
                    <translation code="75326-9" codeSystem="2.16.840.1.113883.6.1" codeSystemName="LOINC" displayName="Problem" />
                  </code>
                  <statusCode code="completed" />
                  <effectiveTime>
                    <low nullFlavor="UNK" />
                  </effectiveTime>
                  <value xmlns:xsi="http://www.w3.org/2001/XMLSchema-instance" xsi:type="CD" codeSystem="2.16.840.1.113883.6.96" code="195967001" displayName="Asthma" />
                </observation>
              </entryRelationship>
            </act>
          </entry>
        </section>
      </component>
      <component>
        <section>
          <templateId root="2.16.840.1.113883.10.20.22.2.6.1" />
          <templateId root="2.16.840.1.113883.10.20.22.2.6.1" extension="2015-08-01" />
          <code code="48765-2" codeSystem="2.16.840.1.113883.6.1" codeSystemName="LOINC" displayName="Allergies, adverse reactions, alerts" />
          <title>Allergies</title>
          <text><table>
  <thead>
    <tr>
      <th>Allergy Substance</th>
      <th>Reaction</th>
      <th>Severity</th>
      <th>Start Date</th>
      <th>Concern Status</th>
      <th>Code</th>
      <th>Code System</th>
    </tr>
  </thead>
  <tbody>
    <tr ID="Drug1">
      <td>ASPIRIN</td>
      <td>Hives (SNOMED-CT: 247472004)</td>
      <td/>
      <td/>
      <td>Active</td>
      <td>1191</td>
      <td>RxNorm</td>
    </tr>
    <tr ID="Drug2">
      <td>CODEINE</td>
      <td/>
      <td/>
      <td/>
      <td>Active</td>
      <td>2670</td>
      <td>RxNorm</td>
    </tr>
  </tbody>
</table></text>
          <entry typeCode="DRIV">
            <act classCode="ACT" moodCode="EVN">
              <templateId root="2.16.840.1.113883.10.20.22.4.30" />
              <templateId root="2.16.840.1.113883.10.20.22.4.30" extension="2015-08-01" />
              <id root="00c85b2d-15a6-4587-889a-4a11b2b9d4e8" />
              <code code="CONC" codeSystem="2.16.840.1.113883.5.6" />
              <statusCode code="active" />
              <effectiveTime>
                <low value="20170718" />
              </effectiveTime>
              <entryRelationship typeCode="SUBJ">
                <observation classCode="OBS" moodCode="EVN">
                  <templateId root="2.16.840.1.113883.10.20.22.4.7" extension="2014-06-09" />
                  <templateId root="2.16.840.1.113883.10.20.22.4.7" />
                  <id root="87c92163-59b4-4752-9d52-38d77396bfc5" />
                  <code code="ASSERTION" codeSystem="2.16.840.1.113883.5.4" />
                  <statusCode code="completed" />
                  <effectiveTime>
                    <low nullFlavor="UNK" />
                  </effectiveTime>
                  <value xmlns:xsi="http://www.w3.org/2001/XMLSchema-instance" xsi:type="CD" codeSystem="2.16.840.1.113883.6.96" codeSystemName="SNOMED CT" code="416098002" displayName="Drug allergy (disorder)" />
                  <participant typeCode="CSM">
                    <participantRole classCode="MANU">
                      <playingEntity classCode="MMAT">
                        <code code="1191" codeSystem="2.16.840.1.113883.6.88" codeSystemName="RXNORM" displayName="ASPIRIN" />
                      </playingEntity>
                    </participantRole>
                  </participant>
                  <entryRelationship typeCode="MFST" inversionInd="true">
                    <observation classCode="OBS" moodCode="EVN">
                      <templateId root="2.16.840.1.113883.10.20.22.4.9" extension="2014-06-09" />
                      <templateId root="2.16.840.1.113883.10.20.22.4.9" />
                      <id root="395d02c3-fe9d-4536-90e1-ec9e7f8d914d" />
                      <code code="ASSERTION" codeSystem="2.16.840.1.113883.5.4" />
                      <statusCode code="completed" />
                      <value xmlns:xsi="http://www.w3.org/2001/XMLSchema-instance" xsi:type="CD" code="247472004" codeSystem="2.16.840.1.113883.6.96" displayName="Hives" />
                    </observation>
                  </entryRelationship>
                </observation>
              </entryRelationship>
            </act>
          </entry>
          <entry typeCode="DRIV">
            <act classCode="ACT" moodCode="EVN">
              <templateId root="2.16.840.1.113883.10.20.22.4.30" />
              <templateId root="2.16.840.1.113883.10.20.22.4.30" extension="2015-08-01" />
              <id root="12163772-8b6c-4d4a-a8b4-e0dc89723c16" />
              <code code="CONC" codeSystem="2.16.840.1.113883.5.6" />
              <statusCode code="active" />
              <effectiveTime>
                <low value="20170505" />
              </effectiveTime>
              <entryRelationship typeCode="SUBJ">
                <observation classCode="OBS" moodCode="EVN">
                  <templateId root="2.16.840.1.113883.10.20.22.4.7" extension="2014-06-09" />
                  <templateId root="2.16.840.1.113883.10.20.22.4.7" />
                  <id root="b8e41754-fab1-4c1c-ba2f-0e16231ad6d5" />
                  <code code="ASSERTION" codeSystem="2.16.840.1.113883.5.4" />
                  <statusCode code="completed" />
                  <effectiveTime>
                    <low nullFlavor="UNK" />
                  </effectiveTime>
                  <value xmlns:xsi="http://www.w3.org/2001/XMLSchema-instance" xsi:type="CD" codeSystem="2.16.840.1.113883.6.96" codeSystemName="SNOMED CT" code="416098002" displayName="Drug allergy (disorder)" />
                  <participant typeCode="CSM">
                    <participantRole classCode="MANU">
                      <playingEntity classCode="MMAT">
                        <code code="2670" codeSystem="2.16.840.1.113883.6.88" codeSystemName="RXNORM" displayName="CODEINE" />
                      </playingEntity>
                    </participantRole>
                  </participant>
                </observation>
              </entryRelationship>
            </act>
          </entry>
        </section>
      </component>
      <component>
        <section>
          <templateId root="2.16.840.1.113883.10.20.22.2.10" extension="2014-06-09" />
          <code code="18776-5" codeSystem="2.16.840.1.113883.6.1" codeSystemName="LOINC" displayName="Plan of Care Note" />
          <title>Plan of Treatment</title>
          <text><table><thead><tr><td></td></tr></thead><tbody><tr><td>No Data Found</td></tr></tbody></table></text>
        </section>
      </component>
      <component>
        <section nullFlavor="NI">
          <templateId root="2.16.840.1.113883.10.20.22.2.22.1" extension="2015-08-01" />
          <code code="46240-8" codeSystem="2.16.840.1.113883.6.1" codeSystemName="LOINC" displayName="History of encounters" />
          <title>Encounters</title>
          <text><table><thead><tr><td></td></tr></thead><tbody><tr><td>No Data Found</td></tr></tbody></table></text>
        </section>
      </component>
      <component>
        <section nullFlavor="NI">
          <templateId root="2.16.840.1.113883.10.20.22.2.60" />
          <code code="61146-7" codeSystem="2.16.840.1.113883.6.1" codeSystemName="LOINC" displayName="Goals" />
          <title>Goals</title>
          <text><table><thead><tr><td></td></tr></thead><tbody><tr><td>No Data Found</td></tr></tbody></table></text>
        </section>
      </component>
      <component>
        <section nullFlavor="NI">
          <templateId root="2.16.840.1.113883.10.20.22.2.58" />
          <code code="75310-3" codeSystem="2.16.840.1.113883.6.1" codeSystemName="LOINC" displayName="Health Concerns Document" />
          <title>Health Concerns Section</title>
          <text><table><thead><tr><td></td></tr></thead><tbody><tr><td>No Data Found</td></tr></tbody></table></text>
        </section>
      </component>
    </structuredBody>
  </component>
</ClinicalDocument>