<?xml version="1.0" encoding="UTF-8"?>
<?xml-stylesheet type="text/xsl" href="http://userareas.cpsi.com/downloads/cda.xsl" ?>
<ClinicalDocument xmlns="urn:hl7-org:v3" xmlns:sdtc="urn:hl7-org:sdtc" xmlns:type="http://www.w3.org/2001/XMLSchema-instance">
  <realmCode code="US" />
  <typeId extension="POCD_HD000040" root="2.16.840.1.113883.1.3" />
  <templateId root="2.16.840.1.113883.10.20.22.1.1" />
  <templateId root="2.16.840.1.113883.10.20.22.1.1" extension="2015-08-01" />
  <templateId root="2.16.840.1.113883.10.20.22.1.14" />
  <templateId root="2.16.840.1.113883.10.20.22.1.14" extension="2015-08-01" />
  <id root="9c982bf7-ffae-42af-8933-efea5656d4d6" />
  <code code="57133-1" codeSystem="2.16.840.1.113883.6.1" codeSystemName="LOINC" displayName="Referral Note 2.1" />
  <title>Referral Note 2.1</title>
  <effectiveTime value="20170727" />
  <confidentialityCode codeSystem="2.16.840.1.113883.5.25" codeSystemName="Confidentiality" code="N" displayName="normal" />
  <languageCode code="en-US" />
  <recordTarget>
    <patientRole>
      <id root="ea3d34ee-c7bf-4602-aae7-0c994e400913" />
      <addr use="HP">
        <streetAddressLine>1357 Amber Dr</streetAddressLine>
        <city>BEAVERTON</city>
        <state>OR</state>
        <postalCode>97006</postalCode>
        <country>US</country>
      </addr>
      <telecom value="5557231544" use="HP" />
      <telecom value="5557771234" use="MC" />
      <telecom nullFlavor="UNK" use="WP" />
      <patient>
        <name use="L">
          <given>Jeremy</given>
          <given>V</given>
          <family>BATES</family>
          <suffix>Jr.</suffix>
        </name>
        <administrativeGenderCode code="M" codeSystem="2.16.840.1.113883.5.1" displayName="Male" />
        <birthTime value="19800801" />
        <raceCode codeSystem="2.16.840.1.113883.6.238" codeSystemName="Race and Ethnicity - CDC" nullFlavor="NI" displayName="UNKNOWN" />
        <sdtc:raceCode codeSystem="2.16.840.1.113883.6.238" codeSystemName="Race and Ethnicity - CDC" nullFlavor="NI" displayName="UNKNOWN" />
        <ethnicGroupCode codeSystem="2.16.840.1.113883.6.238" codeSystemName="Race and Ethnicity - CDC" nullFlavor="NI" displayName="UNKNOWN" />
        <languageCommunication>
          <languageCode code="en" />
        </languageCommunication>
      </patient>
      <providerOrganization>
        <id root="89128d42-48ab-4ad8-82ee-90797fb06f1b" />
        <name>Neighborhood Physician Practic</name>
        <telecom value="5555551002" use="WP" />
        <addr use="HP">
          <streetAddressLine>2472 Rocky Place</streetAddressLine>
          <city>Beaverton</city>
          <state>OR</state>
          <postalCode>97006</postalCode>
          <country>US</country>
        </addr>
      </providerOrganization>
    </patientRole>
  </recordTarget>
  <author>
    <time value="20170727" />
    <assignedAuthor>
      <id root="9adddad6-380f-46fb-9b52-91f65cccf623" />
      <id root="38dd0bf1-f9ff-448f-a1b2-f5a6b514f964" />
      <addr use="HP">
        <streetAddressLine>2472 Rocky Place</streetAddressLine>
        <city>Beaverton</city>
        <state>OR</state>
        <postalCode>97006</postalCode>
        <country>US</country>
      </addr>
      <telecom value="5555551002" />
      <assignedPerson>
        <name nullFlavor="NI" />
      </assignedPerson>
    </assignedAuthor>
  </author>
  <custodian>
    <assignedCustodian>
      <representedCustodianOrganization>
        <id root="89128d42-48ab-4ad8-82ee-90797fb06f1b" />
        <name>Neighborhood Physician Practic</name>
        <telecom value="5555551002" />
        <addr use="HP">
          <streetAddressLine>2472 Rocky Place</streetAddressLine>
          <city>Beaverton</city>
          <state>OR</state>
          <postalCode>97006</postalCode>
          <country>US</country>
        </addr>
      </representedCustodianOrganization>
    </assignedCustodian>
  </custodian>
  <informationRecipient>
    <intendedRecipient>
      <informationRecipient>
        <name>
          <given>Community Health Hosp</given>
        </name>
      </informationRecipient>
    </intendedRecipient>
  </informationRecipient>
  <documentationOf>
    <serviceEvent classCode="PCPR">
      <effectiveTime>
        <low value="20150722" />
        <high value="20150722" />
      </effectiveTime>
      <performer typeCode="PRF">
        <functionCode codeSystem="2.16.840.1.113883.5.88" codeSystemName="ParticipationFunction" displayName="Office Contact" nullFlavor="NI">
          <originalText>Office Contact</originalText>
        </functionCode>
        <assignedEntity>
          <id root="77afd00b-8363-4707-9c60-42f6c3f7e659" />
          <addr use="HP">
            <streetAddressLine>2472 Rocky Place</streetAddressLine>
            <city>Beaverton</city>
            <state>OR</state>
            <postalCode>97006</postalCode>
          </addr>
          <telecom value="5555551002" />
          <assignedPerson>
            <name>
              <family>Tracy Davis</family>
            </name>
          </assignedPerson>
          <representedOrganization>
            <id root="32d684a9-7ca9-444f-9397-31985547ae06" />
            <name>Neighborhood Physician Pr</name>
            <telecom value="2516398100" />
            <addr use="HP">
              <streetAddressLine>2472 Rocky Place</streetAddressLine>
              <city>Beaverton</city>
              <state>OR</state>
              <postalCode>97006</postalCode>
            </addr>
          </representedOrganization>
        </assignedEntity>
      </performer>
      <performer typeCode="PRF">
        <functionCode codeSystem="2.16.840.1.113883.5.88" codeSystemName="ParticipationFunction" code="careteam" displayName="Registered Nurse">
          <originalText>Registered Nurse</originalText>
        </functionCode>
        <assignedEntity>
          <id root="c408b092-1e3f-4f1f-9ff4-01a8809cf948" />
          <addr use="HP">
            <streetAddressLine>2472 Rocky Place</streetAddressLine>
            <city>Beaverton</city>
            <state>OR</state>
            <postalCode>97006</postalCode>
          </addr>
          <telecom value="5555551002" />
          <assignedPerson>
            <name>
              <family>Tracy Davis</family>
            </name>
          </assignedPerson>
          <representedOrganization>
            <id root="89128d42-48ab-4ad8-82ee-90797fb06f1b" />
            <name>Thrive Provider EHR</name>
            <telecom value="5555551002" />
            <addr use="HP">
              <streetAddressLine>2472 Rocky Place</streetAddressLine>
              <city>Beaverton</city>
              <state>OR</state>
              <postalCode>97006</postalCode>
            </addr>
          </representedOrganization>
        </assignedEntity>
      </performer>
      <performer typeCode="PRF">
        <functionCode codeSystem="2.16.840.1.113883.5.88" codeSystemName="ParticipationFunction" code="ATTENDING" displayName="Attending">
          <originalText>Attending</originalText>
        </functionCode>
        <assignedEntity>
          <id root="a358351c-61be-4f38-b47d-20f701701f49" />
          <addr use="HP">
            <streetAddressLine>2472 ROCKY PLACE</streetAddressLine>
            <city>BEAVERTON</city>
            <state>OR</state>
            <postalCode>97006</postalCode>
          </addr>
          <telecom value="5555551002" />
          <assignedPerson>
            <name>
              <family>DAVIS ALBERT</family>
            </name>
          </assignedPerson>
          <representedOrganization>
            <id root="89128d42-48ab-4ad8-82ee-90797fb06f1b" />
            <name>Thrive Provider EHR</name>
            <telecom value="5555551002" />
            <addr use="HP">
              <streetAddressLine>2472 Rocky Place</streetAddressLine>
              <city>Beaverton</city>
              <state>OR</state>
              <postalCode>97006</postalCode>
            </addr>
          </representedOrganization>
        </assignedEntity>
      </performer>
      <performer typeCode="PRF">
        <functionCode codeSystem="2.16.840.1.113883.5.88" codeSystemName="ParticipationFunction" displayName="Referring Provider" nullFlavor="NI">
          <originalText>Referring Provider</originalText>
        </functionCode>
        <assignedEntity>
          <id root="fcb954ea-49ee-4ba1-80fd-b7a4fc088427" />
          <addr use="HP">
            <streetAddressLine>2472 ROCKY PLACE</streetAddressLine>
            <city>BEAVERTON</city>
            <state>OR</state>
            <postalCode>97006</postalCode>
          </addr>
          <telecom nullFlavor="UNK" />
          <assignedPerson>
            <name>
              <family>DAVIS ALBERT</family>
            </name>
          </assignedPerson>
        </assignedEntity>
      </performer>
    </serviceEvent>
  </documentationOf>
  <componentOf>
    <encompassingEncounter>
      <id root="49702f0d-fc81-473a-bee0-e0af3fa37064" />
      <effectiveTime>
        <low value="20150722125200" />
        <high value="20150722102700" />
      </effectiveTime>
    </encompassingEncounter>
  </componentOf>
  <component>
    <structuredBody>
      <component>
        <section nullFlavor="NI">
          <templateId root="2.16.840.1.113883.10.20.22.2.14" />
          <code code="47420-5" codeSystem="2.16.840.1.113883.6.1" codeSystemName="LOINC" displayName="Functional Status" />
          <title>Functional Status</title>
          <text><table><thead><tr><td></td></tr></thead><tbody><tr><td>No Data Found</td></tr></tbody></table></text>
        </section>
      </component>
      <component>
        <section nullFlavor="NI">
          <templateId root="2.16.840.1.113883.10.20.22.2.2.1" />
          <code code="11369-6" codeSystem="2.16.840.1.113883.6.1" codeSystemName="LOINC" displayName="History of Immunization Narrative" />
          <title>Immunization</title>
          <text><table><thead><tr><td></td></tr></thead><tbody><tr><td>No Data Found</td></tr></tbody></table></text>
        </section>
      </component>
      <component>
        <section nullFlavor="NI">
          <templateId root="2.16.840.1.113883.10.20.22.2.56" />
          <code code="10190-7" codeSystem="2.16.840.1.113883.6.1" codeSystemName="LOINC" displayName="Mental Status" />
          <title>Mental Status</title>
          <text><table><thead><tr><td></td></tr></thead><tbody><tr><td>No Data Found</td></tr></tbody></table></text>
        </section>
      </component>
      <component>
        <section nullFlavor="NI">
          <templateId root="2.16.840.1.113883.10.20.22.2.3.1" extension="2015-08-01" />
          <templateId root="2.16.840.1.113883.10.20.22.2.3.1" />
          <code code="30954-2" codeSystem="2.16.840.1.113883.6.1" codeSystemName="LOINC" displayName="RELEVANT DIAGNOSTIC TESTS AND/OR LABORATORY DATA" />
          <title>Results</title>
          <text><table><thead><tr><td></td></tr></thead><tbody><tr><td>No Data Found</td></tr></tbody></table></text>
        </section>
      </component>
      <component>
        <section>
          <templateId root="2.16.840.1.113883.10.20.22.2.17" extension="2015-08-01" />
          <templateId root="2.16.840.1.113883.10.20.22.2.17" />
          <code code="29762-2" codeSystem="2.16.840.1.113883.6.1" codeSystemName="LOINC" displayName="Social History" />
          <title>Social History</title>
          <text><table>
  <thead>
    <tr>
      <th>Type</th>
      <th>Status</th>
      <th>Start Date</th>
      <th>End Date</th>
      <th>Code</th>
      <th>Code System</th>
    </tr>
  </thead>
  <tbody>
    <tr ID="socialHistory1">
      <td>Smoking History</td>
      <td>Current every day smoker</td>
      <td>07/22/2015</td>
      <td/>
      <td>449868002</td>
      <td>SNOMED-CT</td>
    </tr>
  </tbody>
</table></text>
          <entry typeCode="DRIV">
            <observation classCode="OBS" moodCode="EVN">
              <templateId root="2.16.840.1.113883.10.20.22.4.78" extension="2014-06-09" />
              <id root="3b337c64-7899-4e27-8f1c-7e8c974e1080" />
              <code code="72166-2" codeSystem="2.16.840.1.113883.6.1" codeSystemName="LOINC" displayName="Tobacco Smoking Status" />
              <statusCode code="completed" />
              <effectiveTime value="20150722" />
              <value xmlns:xsi="http://www.w3.org/2001/XMLSchema-instance" xsi:type="CD" codeSystem="2.16.840.1.113883.6.96" code="449868002" displayName="Current every day smoker" />
            </observation>
          </entry>
        </section>
      </component>
      <component>
        <section>
          <templateId root="2.16.840.1.113883.10.20.22.2.4.1" extension="2015-08-01" />
          <templateId root="2.16.840.1.113883.10.20.22.2.4.1" />
          <code code="8716-3" codeSystem="2.16.840.1.113883.6.1" codeSystemName="LOINC" displayName="Vital Signs" />
          <title>Vital Signs</title>
          <text><table>
  <thead>
    <tr>
      <th>Vital Sign</th>
      <th>Value</th>
      <th>Unit</th>
      <th>Date/Time</th>
      <th>Recent/Initial?</th>
      <th>Code</th>
      <th>Code System</th>
    </tr>
  </thead>
  <tbody>
    <tr ID="vitalSign0">
      <td>Body Mass Index</td>
      <td>28.09</td>
      <td>kg/m2</td>
      <td>07/22/2015 14:05</td>
      <td>Inital</td>
      <td>39156-5</td>
      <td>LOINC</td>
    </tr>
    <tr ID="vitalSign1">
      <td>Systolic Blood Pressure</td>
      <td>145</td>
      <td>mm[Hg]</td>
      <td>07/22/2015 14:10</td>
      <td>Inital</td>
      <td>8480-6</td>
      <td>LOINC</td>
    </tr>
    <tr ID="vitalSign2">
      <td>Diastolic Blood Pressure</td>
      <td>88</td>
      <td>mm[Hg]</td>
      <td>07/22/2015 14:10</td>
      <td>Inital</td>
      <td>8462-4</td>
      <td>LOINC</td>
    </tr>
    <tr ID="vitalSign3">
      <td>Body Surface Area</td>
      <td>2.08</td>
      <td>m2</td>
      <td>07/22/2015 14:05</td>
      <td>Inital</td>
      <td>3140-1</td>
      <td>LOINC</td>
    </tr>
    <tr ID="vitalSign4">
      <td>Height</td>
      <td>177.0126</td>
      <td>cm</td>
      <td>07/22/2015 14:05</td>
      <td>Inital</td>
      <td>8302-2</td>
      <td>LOINC</td>
    </tr>
    <tr ID="vitalSign5">
      <td>Weight</td>
      <td>88.00</td>
      <td>kg</td>
      <td>07/22/2015 14:05</td>
      <td>Inital</td>
      <td>29463-7</td>
      <td>LOINC</td>
    </tr>
  </tbody>
</table></text>
          <entry typeCode="DRIV">
            <organizer classCode="CLUSTER" moodCode="EVN">
              <templateId root="2.16.840.1.113883.10.20.22.4.26" extension="2015-08-01" />
              <id root="61116252-ba69-426c-aaa0-2ccef35c2439" />
              <code code="46680005" codeSystem="2.16.840.1.113883.6.96" codeSystemName="SNOMED CT" displayName="Vital Signs">
                <translation code="74728-7" codeSystem="2.16.840.1.113883.6.1" displayName="Vital signs, weight, height, head circumference, oximetry, BMI, and BSA panel" codeSystemName="LOINC" />
              </code>
              <statusCode code="completed" />
              <effectiveTime>
                <low value="20150722" />
                <high value="20150722" />
              </effectiveTime>
              <component>
                <observation classCode="OBS" moodCode="EVN">
                  <templateId root="2.16.840.1.113883.10.20.22.4.27" extension="2014-06-09" />
                  <templateId root="2.16.840.1.113883.10.20.22.4.27" />
                  <id root="f499e549-ae30-40e5-b339-73841aa6b5d5" />
                  <code code="39156-5" codeSystem="2.16.840.1.113883.6.1" codeSystemName="LOINC" displayName="BMI (Body Mass Index)" />
                  <statusCode code="completed" />
                  <effectiveTime value="20150722" />
                  <value xmlns:xsi="http://www.w3.org/2001/XMLSchema-instance" xsi:type="PQ" unit="kg/m2" value="28.09" />
                </observation>
              </component>
              <component>
                <observation classCode="OBS" moodCode="EVN">
                  <templateId root="2.16.840.1.113883.10.20.22.4.27" extension="2014-06-09" />
                  <templateId root="2.16.840.1.113883.10.20.22.4.27" />
                  <id root="fbf70163-8c20-4d3e-b3b1-d043da35c8d4" />
                  <code code="8480-6" codeSystem="2.16.840.1.113883.6.1" codeSystemName="LOINC" displayName="BP Systolic" />
                  <statusCode code="completed" />
                  <effectiveTime value="20150722" />
                  <value xmlns:xsi="http://www.w3.org/2001/XMLSchema-instance" xsi:type="PQ" unit="mm[Hg]" value="145" />
                </observation>
              </component>
              <component>
                <observation classCode="OBS" moodCode="EVN">
                  <templateId root="2.16.840.1.113883.10.20.22.4.27" extension="2014-06-09" />
                  <templateId root="2.16.840.1.113883.10.20.22.4.27" />
                  <id root="e9c8acf5-2593-458b-a5f3-4140b9569ea6" />
                  <code code="8462-4" codeSystem="2.16.840.1.113883.6.1" codeSystemName="LOINC" displayName="BP Diastolic" />
                  <statusCode code="completed" />
                  <effectiveTime value="20150722" />
                  <value xmlns:xsi="http://www.w3.org/2001/XMLSchema-instance" xsi:type="PQ" unit="mm[Hg]" value="88" />
                </observation>
              </component>
              <component>
                <observation classCode="OBS" moodCode="EVN">
                  <templateId root="2.16.840.1.113883.10.20.22.4.27" extension="2014-06-09" />
                  <templateId root="2.16.840.1.113883.10.20.22.4.27" />
                  <id root="c92aed05-6d33-4af5-b4e4-647658ab92cf" />
                  <code code="3140-1" codeSystem="2.16.840.1.113883.6.1" codeSystemName="LOINC" displayName="Body Surface" />
                  <statusCode code="completed" />
                  <effectiveTime value="20150722" />
                  <value xmlns:xsi="http://www.w3.org/2001/XMLSchema-instance" xsi:type="PQ" unit="m2" value="2.08" />
                </observation>
              </component>
              <component>
                <observation classCode="OBS" moodCode="EVN">
                  <templateId root="2.16.840.1.113883.10.20.22.4.27" extension="2014-06-09" />
                  <templateId root="2.16.840.1.113883.10.20.22.4.27" />
                  <id root="c5288ca5-6a22-4d89-b0db-2852c6d2ad55" />
                  <code code="8302-2" codeSystem="2.16.840.1.113883.6.1" codeSystemName="LOINC" displayName="Height" />
                  <statusCode code="completed" />
                  <effectiveTime value="20150722" />
                  <value xmlns:xsi="http://www.w3.org/2001/XMLSchema-instance" xsi:type="PQ" unit="cm" value="177.0126" />
                </observation>
              </component>
              <component>
                <observation classCode="OBS" moodCode="EVN">
                  <templateId root="2.16.840.1.113883.10.20.22.4.27" extension="2014-06-09" />
                  <templateId root="2.16.840.1.113883.10.20.22.4.27" />
                  <id root="f83c0cad-a65c-4564-bafd-3bf0e2d30d2c" />
                  <code code="29463-7" codeSystem="2.16.840.1.113883.6.1" codeSystemName="LOINC" displayName="Weight Measured" />
                  <statusCode code="completed" />
                  <effectiveTime value="20150722" />
                  <value xmlns:xsi="http://www.w3.org/2001/XMLSchema-instance" xsi:type="PQ" unit="kg" value="88.00" />
                </observation>
              </component>
            </organizer>
          </entry>
        </section>
      </component>
      <component>
        <section>
          <templateId root="2.16.840.1.113883.10.20.22.2.8" />
          <code code="51848-0" codeSystem="2.16.840.1.113883.6.1" codeSystemName="LOINC" displayName="Evaluation Note" />
          <title>Assessment</title>
          <text><table>
  <tbody>
    <tr>
      <td>
        <paragraph>You had the following problems:</paragraph>
        <list>
          <item>This Patient has no active problems.</item>
        </list>
        <paragraph>Assessment<br/>Impression <br/>The patient was found to be healthy and advised to follow his current routine of exercise, work, sleep and quality of life. <br/>
        </paragraph>
      </td>
    </tr>
  </tbody>
</table></text>
        </section>
      </component>
      <component>
        <section>
          <templateId root="2.16.840.1.113883.10.20.22.2.41" />
          <code code="8653-8" codeSystem="2.16.840.1.113883.6.1" codeSystemName="LOINC" displayName="Hospital Discharge Instructions" />
          <title>Hospital Discharge Instructions</title>
          <text><table>
  <tbody>
    <tr>
      <td>
        <paragraph>Should you have any questions prior to discharge, please contact a member of your healthcare team. If you have left the hospital and have any questions, please contact your primary care physician.</paragraph>
      </td>
    </tr>
  </tbody>
</table></text>
        </section>
      </component>
      <component>
        <section>
          <templateId root="1.3.6.1.4.1.19376.1.5.3.1.3.1" extension="2014-06-09" />
          <code code="42349-1" codeSystem="2.16.840.1.113883.6.1" codeSystemName="LOINC" displayName="Reason for Referral" />
          <title>Reason For Referral</title>
          <text><table>
  <tbody>
    <tr ID="referralReason1">
      <td>
        <paragraph>Receiving Provider: Community Health Hosp</paragraph>
      </td>
    </tr>
  </tbody>
</table></text>
        </section>
      </component>
      <component>
        <section nullFlavor="NI">
          <templateId root="2.16.840.1.113883.10.20.22.2.1.1" extension="2014-06-09" />
          <templateId root="2.16.840.1.113883.10.20.22.2.1.1" />
          <templateId root="2.16.840.1.113883.10.20.34.2.1" extension="2014-06-09" />
          <templateId root="2.16.840.1.113883.10.20.34.2.1" />
          <code code="10160-0" codeSystem="2.16.840.1.113883.6.1" codeSystemName="LOINC" displayName="HISTORY OF MEDICATION USE" />
          <title>Medications</title>
          <text><table><thead><tr><td></td></tr></thead><tbody><tr><td>No Active Meds</td></tr></tbody></table></text>
        </section>
      </component>
      <component>
        <section nullFlavor="NI">
          <templateId root="2.16.840.1.113883.10.20.22.2.7.1" />
          <code code="47519-4" codeSystem="2.16.840.1.113883.6.1" codeSystemName="LOINC" displayName="PROCEDURES" />
          <title>Procedures</title>
          <text><table><thead><tr><td></td></tr></thead><tbody><tr><td>No Data Found</td></tr></tbody></table></text>
        </section>
      </component>
      <component>
        <section>
          <templateId root="2.16.840.1.113883.10.20.22.2.5.1" />
          <templateId root="2.16.840.1.113883.10.20.22.2.5.1" extension="2015-08-01" />
          <code code="11450-4" codeSystem="2.16.840.1.113883.6.1" codeSystemName="LOINC" displayName="PROBLEM LIST" />
          <title>Problems</title>
          <text><table>
  <thead>
    <tr>
      <th>Problem</th>
      <th>Start Date</th>
      <th>Resolved Date</th>
      <th>Status</th>
      <th>Code</th>
      <th>Code System</th>
    </tr>
  </thead>
  <tbody>
    <tr ID="problem1">
      <td>No Active Problems</td>
      <td/>
      <td/>
      <td>active</td>
      <td/>
      <td>SNOMED-CT</td>
    </tr>
  </tbody>
</table></text>
          <entry>
            <act classCode="ACT" moodCode="EVN">
              <templateId root="2.16.840.1.113883.10.20.22.4.3" extension="2015-08-01" />
              <templateId root="2.16.840.1.113883.10.20.22.4.3" />
              <id root="0d0f79a1-6e8b-45a4-9966-2554fe337aae" />
              <code code="CONC" codeSystem="2.16.840.1.113883.5.6" displayName="Concern" />
              <statusCode code="active" />
              <effectiveTime>
                <low nullFlavor="UNK" />
              </effectiveTime>
              <entryRelationship typeCode="SUBJ">
                <observation classCode="OBS" moodCode="EVN" negationInd="true">
                  <templateId root="2.16.840.1.113883.10.20.22.4.4" extension="2015-08-01" />
                  <templateId root="2.16.840.1.113883.10.20.22.4.4" />
                  <id root="570dc5e8-5f54-4f5f-8915-621e2591d14c" />
                  <code code="55607006" codeSystem="2.16.840.1.113883.6.96" codeSystemName="SNOMED CT" displayName="Problem">
                    <translation code="75326-9" codeSystem="2.16.840.1.113883.6.1" codeSystemName="LOINC" displayName="Problem" />
                  </code>
                  <statusCode code="completed" />
                  <effectiveTime>
                    <low nullFlavor="UNK" />
                  </effectiveTime>
                  <value xmlns:xsi="http://www.w3.org/2001/XMLSchema-instance" xsi:type="CD" codeSystem="2.16.840.1.113883.6.96" code="55607006" displayName="Problem" />
                </observation>
              </entryRelationship>
            </act>
          </entry>
        </section>
      </component>
      <component>
        <section>
          <templateId root="2.16.840.1.113883.10.20.22.2.6.1" />
          <templateId root="2.16.840.1.113883.10.20.22.2.6.1" extension="2015-08-01" />
          <code code="48765-2" codeSystem="2.16.840.1.113883.6.1" codeSystemName="LOINC" displayName="Allergies, adverse reactions, alerts" />
          <title>Allergies</title>
          <text><table>
  <thead>
    <tr>
      <th>Allergy Substance</th>
      <th>Reaction</th>
      <th>Severity</th>
      <th>Start Date</th>
      <th>Concern Status</th>
      <th>Code</th>
      <th>Code System</th>
    </tr>
  </thead>
  <tbody>
    <tr ID="Drug1">
      <td>No Known Drug Allergies</td>
      <td/>
      <td/>
      <td/>
      <td>Active</td>
      <td/>
      <td>RxNorm</td>
    </tr>
  </tbody>
</table></text>
          <entry typeCode="DRIV">
            <act classCode="ACT" moodCode="EVN">
              <templateId root="2.16.840.1.113883.10.20.22.4.30" />
              <templateId root="2.16.840.1.113883.10.20.22.4.30" extension="2015-08-01" />
              <id root="a3a91d78-cc90-41d0-9dc8-a3f7c7d4cca6" />
              <code code="CONC" codeSystem="2.16.840.1.113883.5.6" />
              <statusCode code="active" />
              <effectiveTime>
                <low value="20170628" />
              </effectiveTime>
              <entryRelationship typeCode="SUBJ" negationInd="true">
                <observation classCode="OBS" moodCode="EVN">
                  <templateId root="2.16.840.1.113883.10.20.22.4.7" extension="2014-06-09" />
                  <templateId root="2.16.840.1.113883.10.20.22.4.7" />
                  <id root="2e367ad2-3d7f-44d9-aba1-60921f9a9724" />
                  <code code="ASSERTION" codeSystem="2.16.840.1.113883.5.4" />
                  <statusCode code="completed" />
                  <effectiveTime>
                    <low nullFlavor="UNK" />
                  </effectiveTime>
                  <value xmlns:xsi="http://www.w3.org/2001/XMLSchema-instance" xsi:type="CD" codeSystem="2.16.840.1.113883.6.96" codeSystemName="SNOMED CT" code="416098002" displayName="No known drug allergies" nullFlavor="OTH" />
                  <participant typeCode="CSM">
                    <participantRole classCode="MANU">
                      <playingEntity classCode="MMAT">
                        <code nullFlavor="UNK" />
                      </playingEntity>
                    </participantRole>
                  </participant>
                </observation>
              </entryRelationship>
            </act>
          </entry>
        </section>
      </component>
      <component>
        <section>
          <templateId root="2.16.840.1.113883.10.20.22.2.10" extension="2014-06-09" />
          <code code="18776-5" codeSystem="2.16.840.1.113883.6.1" codeSystemName="LOINC" displayName="Plan of Care Note" />
          <title>Plan of Treatment</title>
          <text><table>
  <tbody>
    <tr ID="treatmentplan1">
      <td>Community Health Hosp</td>
      <td colspan="2"/>
    </tr>
    <tr ID="treatmentplan2">
      <td colspan="3">
        <paragraph>Plan<br/>Evaluation Notes <br/>Schedule a visit for next year. <br/>
        </paragraph>
      </td>
    </tr>
  </tbody>
</table></text>
          <entry>
            <encounter classCode="ENC" moodCode="APT">
              <templateId root="2.16.840.1.113883.10.20.22.4.40" extension="2014-06-09" />
              <id root="aa3497e8-0039-4f62-9809-936c39827f33" />
              <code nullFlavor="NI" displayName="Community Health Hosp" />
              <statusCode code="active" />
              <effectiveTime nullFlavor="UNK" />
            </encounter>
          </entry>
        </section>
      </component>
      <component>
        <section>
          <templateId root="2.16.840.1.113883.10.20.22.2.22.1" extension="2015-08-01" />
          <code code="46240-8" codeSystem="2.16.840.1.113883.6.1" codeSystemName="LOINC" displayName="History of encounters" />
          <title>Encounters</title>
          <text><table>
  <thead>
    <tr>
      <th>Encounter Diagnosis</th>
      <th>Start Date</th>
      <th>Code</th>
      <th>Code System</th>
    </tr>
  </thead>
  <tbody>
    <tr ID="encounterDiagnosis1">
      <td>Health check up</td>
      <td>07/22/2015</td>
      <td>268565007</td>
      <td>SNOMED-CT</td>
    </tr>
  </tbody>
</table></text>
          <entry typeCode="DRIV">
            <encounter classCode="ENC" moodCode="EVN">
              <templateId root="2.16.840.1.113883.10.20.22.4.49" extension="2015-08-01" />
              <id root="1c342387-e6d8-4faa-874f-17967c1e3a72" />
              <code code="IMP" codeSystem="2.16.840.1.113883.5.4" displayName="Inpatient" />
              <effectiveTime value="20150722125200-0500" />
              <entryRelationship typeCode="REFR">
                <act classCode="ACT" moodCode="EVN">
                  <templateId root="2.16.840.1.113883.10.20.22.4.80" extension="2015-08-01" />
                  <code code="29308-4" codeSystem="2.16.840.1.113883.6.1" codeSystemName="LOINC" displayName="DIAGNOSIS" />
                  <entryRelationship typeCode="SUBJ">
                    <observation classCode="OBS" moodCode="EVN">
                      <templateId root="2.16.840.1.113883.10.20.22.4.4" extension="2015-08-01" />
                      <id root="442fdfc2-be3e-45c1-9362-904a77fc9aa7" />
                      <code code="282291009" codeSystem="2.16.840.1.113883.6.96" codeSystemName="SNOMED CT" displayName="Diagnosis">
                        <translation code="29308-4" codeSystem="2.16.840.1.113883.6.1" codeSystemName="LOINC" displayName="Diagnosis" />
                      </code>
                      <statusCode code="completed" />
                      <effectiveTime>
                        <low value="20150722" />
                      </effectiveTime>
                      <value xmlns:xsi="http://www.w3.org/2001/XMLSchema-instance" xsi:type="CD" codeSystem="2.16.840.1.113883.6.96" code="268565007" displayName="Health check up" />
                    </observation>
                  </entryRelationship>
                </act>
              </entryRelationship>
            </encounter>
          </entry>
        </section>
      </component>
      <component>
        <section nullFlavor="NI">
          <templateId root="2.16.840.1.113883.10.20.22.2.60" />
          <code code="61146-7" codeSystem="2.16.840.1.113883.6.1" codeSystemName="LOINC" displayName="Goals" />
          <title>Goals</title>
          <text><table><thead><tr><td></td></tr></thead><tbody><tr><td>No Data Found</td></tr></tbody></table></text>
        </section>
      </component>
      <component>
        <section nullFlavor="NI">
          <templateId root="2.16.840.1.113883.10.20.22.2.58" />
          <code code="75310-3" codeSystem="2.16.840.1.113883.6.1" codeSystemName="LOINC" displayName="Health Concerns Document" />
          <title>Health Concerns Section</title>
          <text><table><thead><tr><td></td></tr></thead><tbody><tr><td>No Data Found</td></tr></tbody></table></text>
        </section>
      </component>
    </structuredBody>
  </component>
</ClinicalDocument>