<?xml version="1.0" encoding="UTF-8"?>
<?xml-stylesheet type="text/xsl" href="CHSViewCCD_V002.xsl"?>
<ClinicalDocument xsi:schemaLocation="urn:hl7-org:v3 CDA.xsd" xmlns:xsi="http://www.w3.org/2001/XMLSchema-instance" xmlns="urn:hl7-org:v3" xmlns:voc="urn:hl7-org:v3/voc" xmlns:sdtc="urn:hl7-org:sdtc">
<realmCode code="US"></realmCode>
<typeId extension="POCD_HD000040" root="2.16.840.1.113883.1.3"></typeId>
<templateId root="2.16.840.1.113883.10.20.22.1.1"></templateId>
<templateId root="2.16.840.1.113883.10.20.22.1.1" extension="2015-08-01"></templateId>
<templateId root="2.16.840.1.113883.10.20.22.1.2"></templateId>
<templateId root="2.16.840.1.113883.10.20.22.1.2" extension="2015-08-01"></templateId>
<id root="1.3.6.1.4.1.21367.13.20.1000.1.3.8.1.16203"></id>
<code code="34133-9" displayName="Summary of Episode Note" codeSystemName="LOINC" codeSystem="2.16.840.1.113883.6.1"></code>
<title>Summary of Episode Jones 518</title>
<effectiveTime value="20170518095545-0400"></effectiveTime>
<confidentialityCode code="N" displayName="Normal" codeSystem="2.16.840.1.113883.5.25" codeSystemName="Confidentiality"></confidentialityCode>
<languageCode code="en-US"></languageCode>
<recordTarget>
<patientRole>
<id root="1.3.6.1.4.1.21367.13.20.1000.1.3.7.1" extension="215" assigningAuthorityName="W001: Mainland Health Systems Locally-assigned Medical Record Number"></id>
<id root="1.3.6.1.4.1.21367.13.20.1000.1.3.7.4" extension="1" assigningAuthorityName="City General (Cert): Mainland Health Systems Locally-assigned Alternate Visit Identifier"></id>
<id root="1.3.6.1.4.1.21367.13.20.1000.1.3.7.3" extension="3215" assigningAuthorityName="City General (Cert): Mainland Health Systems Locally-assigned Patient Account Number"></id>
<addr nullFlavor="NI"></addr>
<telecom nullFlavor="NI"></telecom>
<patient>
<name>
<prefix nullFlavor="NI"></prefix>
<given>Myra</given>
<given nullFlavor="NI"></given>
<family>Jones</family>
<suffix nullFlavor="NI"></suffix>
</name>
<administrativeGenderCode code="F" displayName="Female" codeSystem="2.16.840.1.113883.5.1" codeSystemName="AdministrativeGender">
<translation code="1" displayName="1" codeSystem="1.3.6.1.4.1.21367.13.20.1000.1.3.2.2" codeSystemName="Mainland Health Systems Locally-assigned Gender codes"></translation>
</administrativeGenderCode>
<birthTime value="19470501"></birthTime>
<maritalStatusCode nullFlavor="NI"></maritalStatusCode>
<raceCode code="2106-3" displayName="White" codeSystem="2.16.840.1.113883.6.238" codeSystemName="Race &amp; Ethnicity - CDC"></raceCode>
<ethnicGroupCode code="2186-5" displayName="Not Hispanic or Latino" codeSystem="2.16.840.1.113883.6.238" codeSystemName="Race &amp; Ethnicity - CDC"></ethnicGroupCode>
<languageCommunication>
<languageCode nullFlavor="NI"></languageCode>
<preferenceInd value="false"></preferenceInd>
</languageCommunication>
</patient>
<providerOrganization>
<id root="1.3.6.1.4.1.21367.13.20.1000.1.3.6.5" extension="Entity:1002" assigningAuthorityName="Health Enterprise"></id>
<name>City General (Cert)</name>
<telecom use="WP" value="tel:555-555-1002"></telecom>
<addr use="WP">
<streetAddressLine>1002 Healthcare Dr</streetAddressLine>
<postBox nullFlavor="NI"></postBox>
<city>Portland</city>
<state>OR</state>
<postalCode>97266</postalCode>
<country>United States</country>
</addr>
</providerOrganization>
</patientRole>
</recordTarget>
<author>
<time value="20170518095545-0400"></time>
<assignedAuthor>
<id root="1.3.6.1.4.1.21367.13.20.1000.1.3.8.3" extension="MSI:000001" assigningAuthorityName="City General (Cert)"></id>
<addr use="WP">
<streetAddressLine>1002 Healthcare Dr</streetAddressLine>
<postBox nullFlavor="NI"></postBox>
<city>Portland</city>
<state>OR</state>
<postalCode>97266</postalCode>
<country nullFlavor="NI"></country>
</addr>
<telecom use="WP" value="tel:555-555-1002"></telecom>
<assignedPerson>
<name>
<prefix>Dr.</prefix>
<given>Henry</given>
<given nullFlavor="NI"></given>
<family>Seven</family>
<suffix>Dr.</suffix>
</name>
</assignedPerson>
</assignedAuthor>
</author>
<custodian>
<assignedCustodian>
<representedCustodianOrganization>
<id nullFlavor="NI"></id>
<name>Health Enterprise</name>
<telecom value="tel:--6102196300"></telecom>
<addr>
<streetAddressLine>53 Valley Stream Parkway</streetAddressLine>
<postBox nullFlavor="NI"></postBox>
<city>Malvern</city>
<state>PA</state>
<postalCode>19355</postalCode>
<country>United States</country>
</addr>
</representedCustodianOrganization>
</assignedCustodian>
</custodian>
<legalAuthenticator>
<time value="20170518095545-0400"></time>
<signatureCode code="S"></signatureCode>
<assignedEntity>
<id nullFlavor="NI"></id>
<addr nullFlavor="NI"></addr>
<telecom nullFlavor="NI"></telecom>
<assignedPerson>
<name>
<prefix>Dr.</prefix>
<given>Henry</given>
<given nullFlavor="NI"></given>
<family>Seven</family>
<suffix>Dr.</suffix>
</name>
</assignedPerson>
</assignedEntity>
</legalAuthenticator>
<documentationOf>
<serviceEvent classCode="PCPR">
<effectiveTime>
<low value="20120806080000-0400"></low>
<high nullFlavor="NI"></high>
</effectiveTime>
</serviceEvent>
</documentationOf>
<componentOf>
<encompassingEncounter>
<id root="2.16.840.1.113883.19" extension="1685"></id>
<effectiveTime>
<low value="20120806080000-0400"></low>
<high nullFlavor="NI"></high>
</effectiveTime>
<location>
<healthCareFacility>
<id root="1.3.6.1.4.1.21367.13.20.1000.1.3.6.5" extension="MRU:1045" assigningAuthorityName="City General (Cert)"></id>
<location>
<name>Medicine</name>
<addr use="WP">
<streetAddressLine>1002 Healthcare Dr</streetAddressLine>
<postBox nullFlavor="NI"></postBox>
<city>Portland</city>
<state>OR</state>
<postalCode>97266</postalCode>
<country>United States</country>
</addr>
</location>
</healthCareFacility>
</location>
</encompassingEncounter>
</componentOf>
<!--***********************************************-->
<!--              CDA Structured Body                 -->
<!--***********************************************-->
<component>
<structuredBody>
<component>
<section nullFlavor="NI">
<templateId root="1.3.6.1.4.1.19376.1.5.3.1.3.5" assigningAuthorityName="CCD"></templateId>
<templateId root="2.16.840.1.113883.3.88.11.83.121"></templateId>
<code code="8648-8" displayName="Hospital Course" codeSystem="2.16.840.1.113883.6.1" codeSystemName="LOINC"></code>
<title>Hospital Course</title>
<text></text>
</section>
</component>
<component>
<section>
<templateId root="2.16.840.1.113883.10.20.22.2.5"></templateId>
<templateId root="2.16.840.1.113883.10.20.22.2.5" extension="2015-08-01"></templateId>
<templateId root="2.16.840.1.113883.10.20.22.2.5.1"></templateId>
<templateId root="2.16.840.1.113883.10.20.22.2.5.1" extension="2015-08-01"></templateId>
<code code="11450-4" codeSystem="2.16.840.1.113883.6.1"></code>
<title>Problems</title>
<!--****  Problems Section Narrative Block  ****-->
<text>
<content styleCode="Bold">Encounter Diagnosis</content>
<br></br>
<list listType="unordered">
<item>
<content ID="ZProblems.Problems.6897771">Asthma : Status - Active Comment:Onset Age: 65, Last Modified: 08/01/2012, Health Status: Chronically ill, Status:Active. </content>
</item>
<item>
<content ID="ZProblems.Problems.6897769">Pneumonia Comment:Last Modified: 08/13/2012, Status:Active. </content>
</item>
</list>
</text>
<!--**** Problems Section Structured Body ****-->
<entry typeCode="DRIV">
<act classCode="ACT" moodCode="EVN">
<templateId root="2.16.840.1.113883.10.20.22.4.3"></templateId>
<templateId root="2.16.840.1.113883.10.20.22.4.3" extension="2015-08-01"></templateId>
<id nullFlavor="NI"></id>
<code code="CONC" codeSystem="2.16.840.1.113883.5.6"></code>
<statusCode code="active"></statusCode>
<effectiveTime>
<low nullFlavor="UNK"></low>
</effectiveTime>
<author>
<templateId root="2.16.840.1.113883.10.20.22.4.119"></templateId>
<time value="20170518135135+0000"></time>
<assignedAuthor>
<id nullFlavor="NI"></id>
<addr nullFlavor="NI"></addr>
<telecom nullFlavor="NI"></telecom>
</assignedAuthor>
</author>
<entryRelationship typeCode="SUBJ" inversionInd="false">
<observation classCode="OBS" moodCode="EVN">
<templateId root="2.16.840.1.113883.10.20.22.4.4"></templateId>
<templateId root="2.16.840.1.113883.10.20.22.4.4" extension="2015-08-01"></templateId>
<id root="1.3.6.1.4.1.21367.13.20.1000.1.3.2.6.1" extension="6897769"></id>
<code code="55607006" codeSystem="2.16.840.1.113883.6.96" displayName="Problem" codeSystemName="SNOMED CT">
<translation code="75326-9" codeSystem="2.16.840.1.113883.6.1" displayName="Problem HL7.CCDAR2" codeSystemName="LOINC"></translation>
</code>
<text>
<reference value="#ZProblems.Problems.6897769"></reference>
</text>
<statusCode code="completed"></statusCode>
<effectiveTime>
<low nullFlavor="UNK"></low>
</effectiveTime>
<value xsi:type="CD" code="233604007" displayName="Pneumonia" codeSystem="2.16.840.1.113883.6.96" codeSystemName="SNOMED CT">
<translation xsi:type="CD" code="S11139" displayName="Pneumonia" codeSystem="1.3.6.1.4.1.21367.13.20.1000.1.11.1" codeSystemName="Mainland Health Systems Locally-assigned Problem codes from CVE2"></translation>
</value>
<entryRelationship typeCode="REFR" inversionInd="false">
<observation classCode="OBS" moodCode="EVN">
<templateId root="2.16.840.1.113883.10.20.22.4.6"></templateId>
<templateId root="2.16.840.1.113883.10.20.22.4.6" extension="2015-08-01"></templateId>
<code code="33999-4" codeSystem="2.16.840.1.113883.6.1" displayName="Status"></code>
<text>
<reference value="#ZProblems.Problems.6897769"></reference>
</text>
<statusCode code="completed"></statusCode>
<value xsi:type="CD" code="55561003" displayName="Active" codeSystem="2.16.840.1.113883.6.96" codeSystemName="SNOMED CT">
<translation xsi:type="CD" code="S75" displayName="Active" codeSystem="1.3.6.1.4.1.21367.13.20.1000.1.11.2" codeSystemName="Mainland Health Systems Locally-assigned Problem status codes from CVE2"></translation>
</value>
</observation>
</entryRelationship>
</observation>
</entryRelationship>
</act>
</entry>
<entry typeCode="DRIV">
<act classCode="ACT" moodCode="EVN">
<templateId root="2.16.840.1.113883.10.20.22.4.3"></templateId>
<templateId root="2.16.840.1.113883.10.20.22.4.3" extension="2015-08-01"></templateId>
<id nullFlavor="NI"></id>
<code code="CONC" codeSystem="2.16.840.1.113883.5.6"></code>
<statusCode code="active"></statusCode>
<effectiveTime>
<low nullFlavor="UNK"></low>
</effectiveTime>
<author>
<templateId root="2.16.840.1.113883.10.20.22.4.119"></templateId>
<time value="20170518135135+0000"></time>
<assignedAuthor>
<id nullFlavor="NI"></id>
<addr nullFlavor="NI"></addr>
<telecom nullFlavor="NI"></telecom>
</assignedAuthor>
</author>
<entryRelationship typeCode="SUBJ" inversionInd="false">
<observation classCode="OBS" moodCode="EVN">
<templateId root="2.16.840.1.113883.10.20.22.4.4"></templateId>
<templateId root="2.16.840.1.113883.10.20.22.4.4" extension="2015-08-01"></templateId>
<id root="1.3.6.1.4.1.21367.13.20.1000.1.3.2.6.1" extension="6897771"></id>
<code code="55607006" codeSystem="2.16.840.1.113883.6.96" displayName="Problem" codeSystemName="SNOMED CT">
<translation code="75326-9" codeSystem="2.16.840.1.113883.6.1" displayName="Problem HL7.CCDAR2" codeSystemName="LOINC"></translation>
</code>
<text>
<reference value="#ZProblems.Problems.6897771"></reference>
</text>
<statusCode code="completed"></statusCode>
<effectiveTime>
<low nullFlavor="UNK"></low>
</effectiveTime>
<value xsi:type="CD" code="195967001" displayName="Asthma : Status - Active" codeSystem="2.16.840.1.113883.6.96" codeSystemName="SNOMED CT">
<translation xsi:type="CD" code="S3755" displayName="Asthma : Status - Active" codeSystem="1.3.6.1.4.1.21367.13.20.1000.1.11.1" codeSystemName="Mainland Health Systems Locally-assigned Problem codes from CVE2"></translation>
</value>
<entryRelationship typeCode="REFR" inversionInd="false">
<observation classCode="OBS" moodCode="EVN">
<templateId root="2.16.840.1.113883.10.20.22.4.6"></templateId>
<templateId root="2.16.840.1.113883.10.20.22.4.6" extension="2015-08-01"></templateId>
<code code="33999-4" codeSystem="2.16.840.1.113883.6.1" displayName="Status"></code>
<text>
<reference value="#ZProblems.Problems.6897771"></reference>
</text>
<statusCode code="completed"></statusCode>
<value xsi:type="CD" code="55561003" displayName="Active" codeSystem="2.16.840.1.113883.6.96" codeSystemName="SNOMED CT">
<translation xsi:type="CD" code="S75" displayName="Active" codeSystem="1.3.6.1.4.1.21367.13.20.1000.1.11.2" codeSystemName="Mainland Health Systems Locally-assigned Problem status codes from CVE2"></translation>
</value>
</observation>
</entryRelationship>
</observation>
</entryRelationship>
</act>
</entry>
</section>
</component>
<component>
<section>
<templateId root="2.16.840.1.113883.10.20.22.2.6"></templateId>
<templateId root="2.16.840.1.113883.10.20.22.2.6" extension="2015-08-01"></templateId>
<templateId root="2.16.840.1.113883.10.20.22.2.6.1"></templateId>
<templateId root="2.16.840.1.113883.10.20.22.2.6.1" extension="2015-08-01"></templateId>
<code code="48765-2" codeSystem="2.16.840.1.113883.6.1" displayName="Allergies and adverse reactions" codeSystemName="LOINC"></code>
<title>Allergies and Intolerances</title>
<!--****  Alert Section Narrative Block  ****-->
<text>This section is representative of the current allergy information, at the time of the CCD generation. In the case of regeneration of the CCD, the allergy information may not reflect the state of known allergies at the time of the CCD's subject visit.<br></br>
<br></br>
<list listType="unordered">
<item>
<content ID="ZCCD-Allergies.CCD-Allergies.13001">aspirin  causes Moderate Hives. Onset 20080501.</content>
</item>
<item>
<content ID="ZCCD-Allergies.CCD-Allergies.13002">codeine  causes Moderate Shortness of Breath. Onset 20060501.</content>
</item>
<item>
<content ID="ZCCD-Allergies.CCD-Allergies.NoLatex">Latex Allergy has not been assessed.</content>
</item>
<item>
<content ID="ZCCD-Allergies.CCD-Allergies.NoContrast">IV Contrast Allergy has not been assessed.</content>
</item>
</list>
</text>
<!--**** Alert Section Structured Body ****-->
<entry typeCode="DRIV">
<act classCode="ACT" moodCode="EVN">
<templateId root="2.16.840.1.113883.10.20.22.4.30"></templateId>
<templateId root="2.16.840.1.113883.10.20.22.4.30" extension="2015-08-01"></templateId>
<id root="1.3.6.1.4.1.21367.13.20.1000.1.3.2.6.2" extension="13001"></id>
<code code="CONC" codeSystem="2.16.840.1.113883.5.6" codeSystemName="HL7ActClass"></code>
<statusCode code="active"></statusCode>
<effectiveTime>
<low nullFlavor="UNK"></low>
</effectiveTime>
<author>
<templateId root="2.16.840.1.113883.10.20.22.4.119"></templateId>
<time value="20170518135219+0000"></time>
<assignedAuthor>
<id nullFlavor="NI"></id>
<addr nullFlavor="NI"></addr>
<telecom nullFlavor="NI"></telecom>
</assignedAuthor>
</author>
<entryRelationship typeCode="SUBJ" inversionInd="false">
<observation classCode="OBS" moodCode="EVN">
<templateId root="2.16.840.1.113883.10.20.22.4.7"></templateId>
<templateId root="2.16.840.1.113883.10.20.22.4.7" extension="2014-06-09"></templateId>
<id root="1.3.6.1.4.1.21367.13.20.1000.1.3.2.6.2" extension="13001"></id>
<code code="ASSERTION" codeSystem="2.16.840.1.113883.5.4"></code>
<statusCode code="completed"></statusCode>
<effectiveTime>
<low nullFlavor="UNK"></low>
</effectiveTime>
<value xsi:type="CD" code="416098002" displayName="Drug allergy (disorder)" codeSystem="2.16.840.1.113883.6.96" codeSystemName="SNOMED CT"></value>
<participant typeCode="CSM">
<participantRole classCode="MANU">
<playingEntity classCode="MMAT">
<code code="1191" displayName="Aspirin" codeSystem="2.16.840.1.113883.6.88" codeSystemName="RxNorm">
<originalText>
<reference value="#ZCCD-Allergies.CCD-Allergies.13001"></reference>
</originalText>
<translation code="1587" displayName="aspirin" codeSystem="2.16.840.1.113883.6.63" codeSystemName="FDDC"></translation>
</code>
</playingEntity>
</participantRole>
</participant>
<entryRelationship typeCode="MFST" inversionInd="true">
<observation classCode="OBS" moodCode="EVN">
<templateId root="2.16.840.1.113883.10.20.22.4.9"></templateId>
<templateId root="2.16.840.1.113883.10.20.22.4.9" extension="2014-06-09"></templateId>
<id root="1.3.6.1.4.1.21367.13.20.1000.1.3.2.6.2.1" extension="10001"></id>
<code code="ASSERTION" codeSystem="2.16.840.1.113883.5.4" codeSystemName="ActCode"></code>
<statusCode code="completed"></statusCode>
<effectiveTime>
<low nullFlavor="UNK"></low>
</effectiveTime>
<value xsi:type="CD" code="247472004" displayName="Hives" codeSystem="2.16.840.1.113883.6.96" codeSystemName="SNOMED CT">
<translation xsi:type="CD" code="10001" displayName="Hives" codeSystem="1.3.6.1.4.1.21367.13.20.1000.1.3.5.2" codeSystemName="Mainland Health Systems Locally-assigned Allergy Reaction codes"></translation>
</value>
<entryRelationship typeCode="SUBJ" inversionInd="true">
<observation classCode="OBS" moodCode="EVN">
<templateId root="2.16.840.1.113883.10.20.22.4.8"></templateId>
<templateId root="2.16.840.1.113883.10.20.22.4.8" extension="2014-06-09"></templateId>
<code code="SEV" displayName="Severity" codeSystem="2.16.840.1.113883.5.4" codeSystemName="ActCode"></code>
<statusCode code="completed"></statusCode>
<value xsi:type="CD" code="6736007" displayName="Moderate" codeSystem="2.16.840.1.113883.6.96" codeSystemName="SNOMED CT">
<translation xsi:type="CD" code="MO" displayName="Moderate" codeSystem="1.3.6.1.4.1.21367.13.20.1000.1.3.1.3" codeSystemName="Mainland Health Systems Locally-assigned Allergy Reaction Severity codes"></translation>
</value>
</observation>
</entryRelationship>
</observation>
</entryRelationship>
</observation>
</entryRelationship>
</act>
</entry>
<entry typeCode="DRIV">
<act classCode="ACT" moodCode="EVN">
<templateId root="2.16.840.1.113883.10.20.22.4.30"></templateId>
<templateId root="2.16.840.1.113883.10.20.22.4.30" extension="2015-08-01"></templateId>
<id root="1.3.6.1.4.1.21367.13.20.1000.1.3.2.6.2" extension="13002"></id>
<code code="CONC" codeSystem="2.16.840.1.113883.5.6" codeSystemName="HL7ActClass"></code>
<statusCode code="active"></statusCode>
<effectiveTime>
<low nullFlavor="UNK"></low>
</effectiveTime>
<author>
<templateId root="2.16.840.1.113883.10.20.22.4.119"></templateId>
<time value="20170518135219+0000"></time>
<assignedAuthor>
<id nullFlavor="NI"></id>
<addr nullFlavor="NI"></addr>
<telecom nullFlavor="NI"></telecom>
</assignedAuthor>
</author>
<entryRelationship typeCode="SUBJ" inversionInd="false">
<observation classCode="OBS" moodCode="EVN">
<templateId root="2.16.840.1.113883.10.20.22.4.7"></templateId>
<templateId root="2.16.840.1.113883.10.20.22.4.7" extension="2014-06-09"></templateId>
<id root="1.3.6.1.4.1.21367.13.20.1000.1.3.2.6.2" extension="13002"></id>
<code code="ASSERTION" codeSystem="2.16.840.1.113883.5.4"></code>
<statusCode code="completed"></statusCode>
<effectiveTime>
<low nullFlavor="UNK"></low>
</effectiveTime>
<value xsi:type="CD" code="416098002" displayName="Drug allergy (disorder)" codeSystem="2.16.840.1.113883.6.96" codeSystemName="SNOMED CT"></value>
<participant typeCode="CSM">
<participantRole classCode="MANU">
<playingEntity classCode="MMAT">
<code code="2670" displayName="Codeine" codeSystem="2.16.840.1.113883.6.88" codeSystemName="RxNorm">
<originalText>
<reference value="#ZCCD-Allergies.CCD-Allergies.13002"></reference>
</originalText>
<translation code="1550" displayName="codeine" codeSystem="2.16.840.1.113883.6.63" codeSystemName="FDDC"></translation>
</code>
</playingEntity>
</participantRole>
</participant>
<entryRelationship typeCode="MFST" inversionInd="true">
<observation classCode="OBS" moodCode="EVN">
<templateId root="2.16.840.1.113883.10.20.22.4.9"></templateId>
<templateId root="2.16.840.1.113883.10.20.22.4.9" extension="2014-06-09"></templateId>
<id root="1.3.6.1.4.1.21367.13.20.1000.1.3.2.6.2.1" extension="10002"></id>
<code code="ASSERTION" codeSystem="2.16.840.1.113883.5.4" codeSystemName="ActCode"></code>
<statusCode code="completed"></statusCode>
<effectiveTime>
<low nullFlavor="UNK"></low>
</effectiveTime>
<value xsi:type="CD" code="267036007" displayName="Shortness of Breath" codeSystem="2.16.840.1.113883.6.96" codeSystemName="SNOMED CT">
<translation xsi:type="CD" code="10002" displayName="Shortness of Breath" codeSystem="1.3.6.1.4.1.21367.13.20.1000.1.3.5.2" codeSystemName="Mainland Health Systems Locally-assigned Allergy Reaction codes"></translation>
</value>
<entryRelationship typeCode="SUBJ" inversionInd="true">
<observation classCode="OBS" moodCode="EVN">
<templateId root="2.16.840.1.113883.10.20.22.4.8"></templateId>
<templateId root="2.16.840.1.113883.10.20.22.4.8" extension="2014-06-09"></templateId>
<code code="SEV" displayName="Severity" codeSystem="2.16.840.1.113883.5.4" codeSystemName="ActCode"></code>
<statusCode code="completed"></statusCode>
<value xsi:type="CD" code="6736007" displayName="Moderate" codeSystem="2.16.840.1.113883.6.96" codeSystemName="SNOMED CT">
<translation xsi:type="CD" code="MO" displayName="Moderate" codeSystem="1.3.6.1.4.1.21367.13.20.1000.1.3.1.3" codeSystemName="Mainland Health Systems Locally-assigned Allergy Reaction Severity codes"></translation>
</value>
</observation>
</entryRelationship>
</observation>
</entryRelationship>
</observation>
</entryRelationship>
</act>
</entry>
</section>
</component>
<component>
<section nullFlavor="NI">
<templateId root="2.16.840.1.113883.10.20.22.2.2"></templateId>
<templateId root="2.16.840.1.113883.10.20.22.2.2" extension="2015-08-01"></templateId>
<templateId root="2.16.840.1.113883.10.20.22.2.2.1"></templateId>
<templateId root="2.16.840.1.113883.10.20.22.2.2.1" extension="2015-08-01"></templateId>
<code code="11369-6" codeSystem="2.16.840.1.113883.6.1" displayName="History of immunizations" codeSystemName="LOINC"></code>
<title>Immunizations</title>
<!--****  Immunizations Section Narrative Block  ****-->
<text>
<paragraph>
<content ID="ZImmunizations.Immunizations.ORD-PHL02-NO-DATA-CONFIGURATION">No immunization data could be retrieved.</content>
</paragraph>
</text>
<!--****  Immunizations Section Structured Body ****-->
</section>
</component>
<component>
<section>
<templateId root="2.16.840.1.113883.10.20.22.2.1"></templateId>
<templateId root="2.16.840.1.113883.10.20.22.2.1" extension="2014-06-09"></templateId>
<templateId root="2.16.840.1.113883.10.20.22.2.1.1"></templateId>
<templateId root="2.16.840.1.113883.10.20.22.2.1.1" extension="2014-06-09"></templateId>
<code code="10160-0" codeSystem="2.16.840.1.113883.6.1" displayName="History of medication use" codeSystemName="LOINC"></code>
<title>Medication</title>
<!--****  Medications Section Narrative Block  ****-->
<text>
<paragraph>It is the responsibility of the patient or patient representative to confirm the list of medications with either the patient's personal care provider or the patient's follow-up care provider to ensure the patient has an appropriate list of medications to take at home.</paragraph>
<br></br>
<paragraph>
<content styleCode="Bold">Discharge medications</content>
</paragraph>
<list listType="unordered">
<item>
<content ID="ZDischargeMeds.DischargeMeds.prd1-p-17008-1">ALBUTEROL 0.09 MG/ACTUAT INHALANT POWDER 0.09 MG/ACTUAT INHALANT POWDER, 2 PUFFS ONCE 20120806 ACTIVE PNEUMONIA (233604007 SNOMED-CT) GENERIC SUBSTITITION ALLOWED<br></br>Directions:  by inhalation for Pneumonia</content>
<table>
<tbody>
<tr>
<td></td>
</tr>
</tbody>
</table>
</item>
<item>
<content ID="ZDischargeMeds.DischargeMeds.prd1-p-17008-2">fluticasone (Flovent HFA) 110 mcg/Actuation HFA Aerosol Inhaler<br></br>Directions:  by inhalation for Bronchitis</content>
<content ID="ZDischargeMeds.DischargeMeds.prd1-p-17008-2.357873">
<br></br>Additional Instructions: 0.11 MG/ACTUAT Metered Dose Once Daily</content>
<table>
<tbody>
<tr>
<td></td>
</tr>
</tbody>
</table>
</item>
</list>
</text>
<!--****  Medications Section Structured Body  ****-->
<entry typeCode="DRIV">
<substanceAdministration classCode="SBADM" moodCode="INT">
<templateId root="2.16.840.1.113883.10.20.22.4.16"></templateId>
<templateId root="2.16.840.1.113883.10.20.22.4.16" extension="2014-06-09"></templateId>
<id root="1.3.6.1.4.1.21367.13.20.1000.1.3.2.6.4" extension="prd1_p_17008_1"></id>
<statusCode code="completed"></statusCode>
<effectiveTime xsi:type="IVL_TS">
<low nullFlavor="UNK"></low>
<high nullFlavor="UNK"></high>
</effectiveTime>
<doseQuantity nullFlavor="NI"></doseQuantity>
<consumable>
<manufacturedProduct classCode="MANU">
<templateId root="2.16.840.1.113883.10.20.22.4.23"></templateId>
<templateId root="2.16.840.1.113883.10.20.22.4.23" extension="2014-06-09"></templateId>
<manufacturedMaterial classCode="MMAT">
<code nullFlavor="NA">
<originalText>
<reference value="#ZDischargeMeds.DischargeMeds.prd1-p-17008-1"></reference>
</originalText>
</code>
</manufacturedMaterial>
</manufacturedProduct>
</consumable>
<author>
<templateId root="2.16.840.1.113883.10.20.22.4.119"></templateId>
<time value="20170518135105+0000"></time>
<assignedAuthor>
<id nullFlavor="NI"></id>
<addr nullFlavor="NI"></addr>
<telecom nullFlavor="NI"></telecom>
</assignedAuthor>
</author>
<entryRelationship typeCode="REFR">
<observation classCode="OBS" moodCode="EVN">
<templateId root="2.16.840.1.113883.10.20.1.47"></templateId>
<templateId root="2.16.840.1.113883.10.20.1.57"></templateId>
<code code="33999-4" displayName="Status" codeSystem="2.16.840.1.113883.6.1" codeSystemName="LOINC"></code>
<statusCode code="completed"></statusCode>
<value xsi:type="CE" code="55561003" displayName="Active" codeSystem="2.16.840.1.113883.6.96" codeSystemName="SNOMED CT">
<translation code="DISCHARGE_REC_DISCHARGE_MEDICATIONS_CONTINUED" displayName="Active" codeSystem="1.3.6.1.4.1.21367.13.20.1000.1.3.2.5" codeSystemName="Mainland Health Systems Locally-assigned Discharge Medication status codes"></translation>
</value>
</observation>
</entryRelationship>
</substanceAdministration>
</entry>
<entry typeCode="DRIV">
<substanceAdministration classCode="SBADM" moodCode="INT">
<templateId root="2.16.840.1.113883.10.20.22.4.16"></templateId>
<templateId root="2.16.840.1.113883.10.20.22.4.16" extension="2014-06-09"></templateId>
<id root="1.3.6.1.4.1.21367.13.20.1000.1.3.2.6.4" extension="prd1_p_17008_2"></id>
<statusCode code="completed"></statusCode>
<effectiveTime xsi:type="IVL_TS">
<low nullFlavor="UNK"></low>
<high nullFlavor="UNK"></high>
</effectiveTime>
<doseQuantity nullFlavor="NI"></doseQuantity>
<consumable>
<manufacturedProduct classCode="MANU">
<templateId root="2.16.840.1.113883.10.20.22.4.23"></templateId>
<templateId root="2.16.840.1.113883.10.20.22.4.23" extension="2014-06-09"></templateId>
<manufacturedMaterial classCode="MMAT">
<code code="896001" codeSystem="2.16.840.1.113883.6.88" codeSystemName="RxNorm">
<originalText>
<reference value="#ZDischargeMeds.DischargeMeds.prd1-p-17008-2"></reference>
</originalText>
<translation code="895999" displayName="120 ACTUAT Fluticasone propionate 0.11 MG/ACTUAT Metered Dose Inhaler" codeSystem="2.16.840.1.113883.6.88" codeSystemName="RxNorm"></translation>
</code>
<name>Flovent HFA</name>
</manufacturedMaterial>
</manufacturedProduct>
</consumable>
<author>
<templateId root="2.16.840.1.113883.10.20.22.4.119"></templateId>
<time value="20170518135105+0000"></time>
<assignedAuthor>
<id nullFlavor="NI"></id>
<addr nullFlavor="NI"></addr>
<telecom nullFlavor="NI"></telecom>
</assignedAuthor>
</author>
<entryRelationship typeCode="REFR">
<observation classCode="OBS" moodCode="EVN">
<templateId root="2.16.840.1.113883.10.20.1.47"></templateId>
<templateId root="2.16.840.1.113883.10.20.1.57"></templateId>
<code code="33999-4" displayName="Status" codeSystem="2.16.840.1.113883.6.1" codeSystemName="LOINC"></code>
<statusCode code="completed"></statusCode>
<value xsi:type="CE" code="55561003" displayName="Active" codeSystem="2.16.840.1.113883.6.96" codeSystemName="SNOMED CT">
<translation code="DISCHARGE_REC_DISCHARGE_MEDICATIONS_CONTINUED" displayName="Active" codeSystem="1.3.6.1.4.1.21367.13.20.1000.1.3.2.5" codeSystemName="Mainland Health Systems Locally-assigned Discharge Medication status codes"></translation>
</value>
</observation>
</entryRelationship>
<entryRelationship typeCode="SUBJ" inversionInd="true">
<act classCode="ACT" moodCode="INT">
<templateId root="2.16.840.1.113883.10.20.22.4.20"></templateId>
<code code="311401005" codeSystem="2.16.840.1.113883.6.96" codeSystemName="SNOMED CT" displayName="Patient Education"></code>
<text>
<reference value="#ZDischargeMeds.DischargeMeds.prd1-p-17008-2.357873"></reference>
</text>
<statusCode code="completed"></statusCode>
</act>
</entryRelationship>
</substanceAdministration>
</entry>
</section>
</component>
<component>
<section>
<templateId root="2.16.840.1.113883.10.20.22.2.7"></templateId>
<templateId root="2.16.840.1.113883.10.20.22.2.7" extension="2014-06-09"></templateId>
<templateId root="2.16.840.1.113883.10.20.22.2.7.1"></templateId>
<templateId root="2.16.840.1.113883.10.20.22.2.7.1" extension="2014-06-09"></templateId>
<code code="47519-4" displayName="History of procedures" codeSystem="2.16.840.1.113883.6.1" codeSystemName="LOINC"></code>
<title>Procedures</title>
<!--****  Procedures Section Narrative Block  ****-->
<text>
<list listType="unordered">
<item>
<content ID="ZCCDProcedureList.CCDProcedureList.3501">Completed Chest X-Ray, PA and Lateral View, on 8/7/2012 12:00 AM</content>
</item>
</list>
</text>
<!--**** Procedures Section Structured Body ****-->
<entry typeCode="DRIV">
<procedure classCode="PROC" moodCode="EVN">
<templateId root="2.16.840.1.113883.10.20.22.4.14"></templateId>
<templateId root="2.16.840.1.113883.10.20.22.4.14" extension="2014-06-09"></templateId>
<id root="1.3.6.1.4.1.21367.13.20.1000.1.3.2.6.5" extension="3501"></id>
<code code="168731009" displayName="Chest X-Ray, PA and Lateral View" codeSystem="2.16.840.1.113883.6.96" codeSystemName="SNOMED">
<originalText>
<reference value="#ZCCDProcedureList.CCDProcedureList.3501"></reference>
</originalText>
<translation code="3501" displayName="Chest X-Ray, PA and Lateral View" codeSystem="1.3.6.1.4.1.21367.13.20.1000.1.3.6.7" codeSystemName="Mainland Health Systems Locally-assigned abbreviation for Procedure"></translation>
</code>
<text>
<reference value="#ZCCDProcedureList.CCDProcedureList.3501"></reference>
</text>
<statusCode code="completed"></statusCode>
<effectiveTime value="20120807000000-0400"></effectiveTime>
<author>
<templateId root="2.16.840.1.113883.10.20.22.4.119"></templateId>
<time value="20161129191135+0000"></time>
<assignedAuthor>
<id nullFlavor="NI"></id>
<addr nullFlavor="NI"></addr>
<telecom nullFlavor="NI"></telecom>
</assignedAuthor>
</author>
</procedure>
</entry>
</section>
</component>
<component>
<section nullFlavor="NI">
<templateId root="2.16.840.1.113883.10.20.22.2.23" extension="2014-06-09"></templateId>
<code code="46264-8" codeSystem="2.16.840.1.113883.6.1" codeSystemName="LOINC" displayName="Medical Equipment"></code>
<title>Medical Equipment Section</title>
<text>
<paragraph>
<content styleCode="Bold Underline CAPTION"></content>
</paragraph>
<paragraph>
<content ID="ORD_PHL07_NO_DATA">No implantable medical devices are associated to this patient. </content>
</paragraph>
</text>
</section>
</component>
<component>
<section>
<templateId root="2.16.840.1.113883.10.20.22.2.17"></templateId>
<templateId root="2.16.840.1.113883.10.20.22.2.17" extension="2015-08-01"></templateId>
<code code="29762-2" codeSystemName="LOINC" codeSystem="2.16.840.1.113883.6.1" displayName="Social History"></code>
<title>Social History</title>
<text>
<paragraph>
<content styleCode="Bold Underline CAPTION">Soacial History from 8/6/2012 2:56 PM:</content>
</paragraph>
<list listType="unordered" ID="ZSocial-History.CLX-Social-Hx_FS.44424.14237">
<item>Tobacco Use? : Ex-smoker (8517006)</item>
</list>
<br></br>
</text>
<entry typeCode="DRIV">
<observation classCode="OBS" moodCode="EVN">
<templateId root="2.16.840.1.113883.10.20.22.4.78"></templateId>
<templateId root="2.16.840.1.113883.10.20.22.4.78" extension="2014-06-09"></templateId>
<id root="1.3.6.1.4.1.21367.13.20.1000.1.3.6.9" extension="14237"></id>
<code code="72166-2" codeSystem="2.16.840.1.113883.6.1" codeSystemName="LOINC">
<translation code="A_Tobacco?" displayName="Tobacco Use?" codeSystem="1.3.6.1.4.1.21367.13.20.1000.1.3.6.11" codeSystemName="Mainland Health Systems Locally-assigned Social History codes"></translation>
</code>
<statusCode code="completed"></statusCode>
<effectiveTime value="20120806145600-0400"></effectiveTime>
<value xsi:type="CD" code="8517006" codeSystem="2.16.840.1.113883.6.96">
<originalText>
<reference value="ZSocial-History.CLX-Social-Hx_FS.44424.14237"></reference>
</originalText>
</value>
<author>
<templateId root="2.16.840.1.113883.10.20.22.4.119"></templateId>
<time value="20161202195916+0000"></time>
<assignedAuthor>
<id root="1.3.6.1.4.1.21367.13.20.1000.1.3.8.3" extension="108693"></id>
<assignedPerson>
<name>
<given>Amanda</given>
<family>Smith</family>
</name>
</assignedPerson>
</assignedAuthor>
</author>
</observation>
</entry>
</section>
</component>
<component>
<section>
<templateId root="2.16.840.1.113883.10.20.22.2.56"></templateId>
<templateId root="2.16.840.1.113883.10.20.22.2.56" extension="2015-08-01"></templateId>
<code code="10190-7" codeSystem="2.16.840.1.113883.6.1" codeSystemName="LOINC" displayName="Mental Status"></code>
<title>Mental Status</title>
<text>
<paragraph>
<content styleCode="Bold Underline CAPTION">Cognitive Status from 8/8/2012 3:01 PM:</content>
</paragraph>
<list listType="unordered" ID="ZMentalStatus.CLX-CognitveStat.42484.11369">
<item>Cognitive  Status : Memory Impairment, effective date:  2008, Active</item>
</list>
<br></br>
</text>
</section>
</component>
<component>
<section>
<templateId root="2.16.840.1.113883.10.20.22.2.14"></templateId>
<templateId root="2.16.840.1.113883.10.20.22.2.14" extension="2014-06-09"></templateId>
<code code="47420-5" codeSystem="2.16.840.1.113883.6.1" codeSystemName="LOINC" displayName="Functional Status"></code>
<title>Functional Status</title>
<text>
<paragraph>
<content styleCode="Bold Underline CAPTION">Functional Status from 8/8/2012 3:01 PM:</content>
</paragraph>
<list listType="unordered" ID="ZFunctionalStatus.CLX-FunctionSts.42484.11365">
<item>Functional Status : Dependence on Cane, effective date: 2008, Active</item>
</list>
<br></br>
</text>
</section>
</component>
<component>
<section>
<templateId root="2.16.840.1.113883.10.20.22.2.4"></templateId>
<templateId root="2.16.840.1.113883.10.20.22.2.4" extension="2015-08-01"></templateId>
<templateId root="2.16.840.1.113883.10.20.22.2.4.1"></templateId>
<templateId root="2.16.840.1.113883.10.20.22.2.4.1" extension="2015-08-01"></templateId>
<code code="8716-3" codeSystem="2.16.840.1.113883.6.1" codeSystemName="LOINC" displayName="Vital Signs"></code>
<title>Vital Signs</title>
<text>
<paragraph>
<content styleCode="Bold Underline CAPTION">Vital Signs from 11/1/2011 3:03 PM:</content>
</paragraph>
<list listType="unordered" ID="ZVitalSigns.CLXXVital_Signs.42425.11119">
<item>Blood Pressure : 132/86</item>
</list>
<list listType="unordered" ID="ZVitalSigns.CLXXVital_Signs.42425.11118">
<item>Height : 175/ cm</item>
</list>
<list listType="unordered" ID="ZVitalSigns.CLXXVital_Signs.42425.11117">
<item>Weight : 88/ kg</item>
</list>
<paragraph>
<content styleCode="Bold Underline CAPTION">Vital Signs from 8/6/2012 3:05 PM:</content>
</paragraph>
<list listType="unordered" ID="ZVitalSigns.CLXXVital_Signs.42431.11130">
<item>Blood Pressure : 145/88</item>
</list>
<list listType="unordered" ID="ZVitalSigns.CLXXVital_Signs.42431.11129">
<item>Height : 175/ cm</item>
</list>
<list listType="unordered" ID="ZVitalSigns.CLXXVital_Signs.42431.11128">
<item>Weight : 90/ kg</item>
</list>
<br></br>
</text>
<entry typeCode="DRIV">
<organizer classCode="CLUSTER" moodCode="EVN">
<templateId root="2.16.840.1.113883.10.20.22.4.26"></templateId>
<templateId root="2.16.840.1.113883.10.20.22.4.26" extension="2015-08-01"></templateId>
<id nullFlavor="NA"></id>
<code code="46680005" codeSystem="2.16.840.1.113883.6.96" codeSystemName="SNOMED CT" displayName="Vital signs">
<translation code="74728-7" codeSystem="2.16.840.1.113883.6.1" codeSystemName="LOINC" displayName="Vital signs"></translation>
</code>
<statusCode code="completed"></statusCode>
<effectiveTime>
<low value="20111101150300-0500"></low>
<high value="20111101150300-0500"></high>
</effectiveTime>
<component>
<observation classCode="OBS" moodCode="EVN">
<templateId root="2.16.840.1.113883.10.20.22.4.27"></templateId>
<templateId root="2.16.840.1.113883.10.20.22.4.27" extension="2014-06-09"></templateId>
<id root="1.3.6.1.4.1.21367.13.20.1000.1.3.2.6.6.7" extension="11117"></id>
<code code="29463-7" codeSystem="2.16.840.1.113883.6.1" codeSystemName="LOINC">
<translation code="Wt" displayName="Weight" codeSystem="1.3.6.1.4.1.21367.13.20.1000.1.3.6.10" codeSystemName="Mainland Health Systems Locally-assigned Vital Signs codes"></translation>
</code>
<statusCode code="completed"></statusCode>
<effectiveTime value="20111101150300-0500"></effectiveTime>
<value xsi:type="PQ" value="88.000000" unit="kg"></value>
<author>
<templateId root="2.16.840.1.113883.10.20.22.4.119"></templateId>
<time value="20161024190501+0000"></time>
<assignedAuthor>
<id root="1.3.6.1.4.1.21367.13.20.1000.1.3.8.3" extension="102001"></id>
<assignedPerson>
<name>
<given>mitch</given>
<family>hoang</family>
</name>
</assignedPerson>
</assignedAuthor>
</author>
</observation>
</component>
<component>
<observation classCode="OBS" moodCode="EVN">
<templateId root="2.16.840.1.113883.10.20.22.4.27"></templateId>
<templateId root="2.16.840.1.113883.10.20.22.4.27" extension="2014-06-09"></templateId>
<id root="1.3.6.1.4.1.21367.13.20.1000.1.3.2.6.6.7" extension="11118"></id>
<code code="8302-2" codeSystem="2.16.840.1.113883.6.1" codeSystemName="LOINC">
<translation code="Ht" displayName="Height" codeSystem="1.3.6.1.4.1.21367.13.20.1000.1.3.6.10" codeSystemName="Mainland Health Systems Locally-assigned Vital Signs codes"></translation>
</code>
<statusCode code="completed"></statusCode>
<effectiveTime value="20111101150300-0500"></effectiveTime>
<value xsi:type="PQ" value="175.000000" unit="cm"></value>
<author>
<templateId root="2.16.840.1.113883.10.20.22.4.119"></templateId>
<time value="20161024190501+0000"></time>
<assignedAuthor>
<id root="1.3.6.1.4.1.21367.13.20.1000.1.3.8.3" extension="102001"></id>
<assignedPerson>
<name>
<given>mitch</given>
<family>hoang</family>
</name>
</assignedPerson>
</assignedAuthor>
</author>
</observation>
</component>
<component>
<observation classCode="OBS" moodCode="EVN">
<templateId root="2.16.840.1.113883.10.20.22.4.27"></templateId>
<templateId root="2.16.840.1.113883.10.20.22.4.27" extension="2014-06-09"></templateId>
<id root="1.3.6.1.4.1.21367.13.20.1000.1.3.2.6.6.7" extension="11119"></id>
<code code="8480-6" codeSystem="2.16.840.1.113883.6.1" codeSystemName="LOINC">
<translation code="A_BP" displayName="Blood Pressure" codeSystem="1.3.6.1.4.1.21367.13.20.1000.1.3.6.10" codeSystemName="Mainland Health Systems Locally-assigned Vital Signs codes"></translation>
</code>
<statusCode code="completed"></statusCode>
<effectiveTime value="20111101150300-0500"></effectiveTime>
<value xsi:type="PQ" value="132" unit="mm[Hg]"></value>
<author>
<templateId root="2.16.840.1.113883.10.20.22.4.119"></templateId>
<time value="20161024190501+0000"></time>
<assignedAuthor>
<id root="1.3.6.1.4.1.21367.13.20.1000.1.3.8.3" extension="102001"></id>
<assignedPerson>
<name>
<given>mitch</given>
<family>hoang</family>
</name>
</assignedPerson>
</assignedAuthor>
</author>
</observation>
</component>
<component>
<observation classCode="OBS" moodCode="EVN">
<templateId root="2.16.840.1.113883.10.20.22.4.27"></templateId>
<templateId root="2.16.840.1.113883.10.20.22.4.27" extension="2014-06-09"></templateId>
<id root="1.3.6.1.4.1.21367.13.20.1000.1.3.2.6.6.7" extension="11119"></id>
<code code="8462-4" codeSystem="2.16.840.1.113883.6.1" codeSystemName="LOINC">
<translation code="A_BP" displayName="Blood Pressure" codeSystem="1.3.6.1.4.1.21367.13.20.1000.1.3.6.10" codeSystemName="Mainland Health Systems Locally-assigned Vital Signs codes"></translation>
</code>
<statusCode code="completed"></statusCode>
<effectiveTime value="20111101150300-0500"></effectiveTime>
<value xsi:type="PQ" value="86" unit="mm[Hg]"></value>
<author>
<templateId root="2.16.840.1.113883.10.20.22.4.119"></templateId>
<time value="20161024190501+0000"></time>
<assignedAuthor>
<id root="1.3.6.1.4.1.21367.13.20.1000.1.3.8.3" extension="102001"></id>
<assignedPerson>
<name>
<given>mitch</given>
<family>hoang</family>
</name>
</assignedPerson>
</assignedAuthor>
</author>
</observation>
</component>
</organizer>
</entry>
<entry typeCode="DRIV">
<organizer classCode="CLUSTER" moodCode="EVN">
<templateId root="2.16.840.1.113883.10.20.22.4.26"></templateId>
<templateId root="2.16.840.1.113883.10.20.22.4.26" extension="2015-08-01"></templateId>
<id nullFlavor="NA"></id>
<code code="46680005" codeSystem="2.16.840.1.113883.6.96" codeSystemName="SNOMED CT" displayName="Vital signs">
<translation code="74728-7" codeSystem="2.16.840.1.113883.6.1" codeSystemName="LOINC" displayName="Vital signs"></translation>
</code>
<statusCode code="completed"></statusCode>
<effectiveTime>
<low value="20120806150500-0400"></low>
<high value="20120806150500-0400"></high>
</effectiveTime>
<component>
<observation classCode="OBS" moodCode="EVN">
<templateId root="2.16.840.1.113883.10.20.22.4.27"></templateId>
<templateId root="2.16.840.1.113883.10.20.22.4.27" extension="2014-06-09"></templateId>
<id root="1.3.6.1.4.1.21367.13.20.1000.1.3.2.6.6.7" extension="11128"></id>
<code code="29463-7" codeSystem="2.16.840.1.113883.6.1" codeSystemName="LOINC">
<translation code="Wt" displayName="Weight" codeSystem="1.3.6.1.4.1.21367.13.20.1000.1.3.6.10" codeSystemName="Mainland Health Systems Locally-assigned Vital Signs codes"></translation>
</code>
<statusCode code="completed"></statusCode>
<effectiveTime value="20120806150500-0400"></effectiveTime>
<value xsi:type="PQ" value="90.000000" unit="kg"></value>
<author>
<templateId root="2.16.840.1.113883.10.20.22.4.119"></templateId>
<time value="20161024190555+0000"></time>
<assignedAuthor>
<id root="1.3.6.1.4.1.21367.13.20.1000.1.3.8.3" extension="102001"></id>
<assignedPerson>
<name>
<given>mitch</given>
<family>hoang</family>
</name>
</assignedPerson>
</assignedAuthor>
</author>
</observation>
</component>
<component>
<observation classCode="OBS" moodCode="EVN">
<templateId root="2.16.840.1.113883.10.20.22.4.27"></templateId>
<templateId root="2.16.840.1.113883.10.20.22.4.27" extension="2014-06-09"></templateId>
<id root="1.3.6.1.4.1.21367.13.20.1000.1.3.2.6.6.7" extension="11129"></id>
<code code="8302-2" codeSystem="2.16.840.1.113883.6.1" codeSystemName="LOINC">
<translation code="Ht" displayName="Height" codeSystem="1.3.6.1.4.1.21367.13.20.1000.1.3.6.10" codeSystemName="Mainland Health Systems Locally-assigned Vital Signs codes"></translation>
</code>
<statusCode code="completed"></statusCode>
<effectiveTime value="20120806150500-0400"></effectiveTime>
<value xsi:type="PQ" value="175.000000" unit="cm"></value>
<author>
<templateId root="2.16.840.1.113883.10.20.22.4.119"></templateId>
<time value="20161024190555+0000"></time>
<assignedAuthor>
<id root="1.3.6.1.4.1.21367.13.20.1000.1.3.8.3" extension="102001"></id>
<assignedPerson>
<name>
<given>mitch</given>
<family>hoang</family>
</name>
</assignedPerson>
</assignedAuthor>
</author>
</observation>
</component>
<component>
<observation classCode="OBS" moodCode="EVN">
<templateId root="2.16.840.1.113883.10.20.22.4.27"></templateId>
<templateId root="2.16.840.1.113883.10.20.22.4.27" extension="2014-06-09"></templateId>
<id root="1.3.6.1.4.1.21367.13.20.1000.1.3.2.6.6.7" extension="11130"></id>
<code code="8480-6" codeSystem="2.16.840.1.113883.6.1" codeSystemName="LOINC">
<translation code="A_BP" displayName="Blood Pressure" codeSystem="1.3.6.1.4.1.21367.13.20.1000.1.3.6.10" codeSystemName="Mainland Health Systems Locally-assigned Vital Signs codes"></translation>
</code>
<statusCode code="completed"></statusCode>
<effectiveTime value="20120806150500-0400"></effectiveTime>
<value xsi:type="PQ" value="145" unit="mm[Hg]"></value>
<author>
<templateId root="2.16.840.1.113883.10.20.22.4.119"></templateId>
<time value="20161024190555+0000"></time>
<assignedAuthor>
<id root="1.3.6.1.4.1.21367.13.20.1000.1.3.8.3" extension="102001"></id>
<assignedPerson>
<name>
<given>mitch</given>
<family>hoang</family>
</name>
</assignedPerson>
</assignedAuthor>
</author>
</observation>
</component>
<component>
<observation classCode="OBS" moodCode="EVN">
<templateId root="2.16.840.1.113883.10.20.22.4.27"></templateId>
<templateId root="2.16.840.1.113883.10.20.22.4.27" extension="2014-06-09"></templateId>
<id root="1.3.6.1.4.1.21367.13.20.1000.1.3.2.6.6.7" extension="11130"></id>
<code code="8462-4" codeSystem="2.16.840.1.113883.6.1" codeSystemName="LOINC">
<translation code="A_BP" displayName="Blood Pressure" codeSystem="1.3.6.1.4.1.21367.13.20.1000.1.3.6.10" codeSystemName="Mainland Health Systems Locally-assigned Vital Signs codes"></translation>
</code>
<statusCode code="completed"></statusCode>
<effectiveTime value="20120806150500-0400"></effectiveTime>
<value xsi:type="PQ" value="88" unit="mm[Hg]"></value>
<author>
<templateId root="2.16.840.1.113883.10.20.22.4.119"></templateId>
<time value="20161024190555+0000"></time>
<assignedAuthor>
<id root="1.3.6.1.4.1.21367.13.20.1000.1.3.8.3" extension="102001"></id>
<assignedPerson>
<name>
<given>mitch</given>
<family>hoang</family>
</name>
</assignedPerson>
</assignedAuthor>
</author>
</observation>
</component>
</organizer>
</entry>
</section>
</component>
<component>
<section>
<templateId root="2.16.840.1.113883.10.20.22.2.9"></templateId>
<templateId root="2.16.840.1.113883.10.20.22.2.9" extension="2014-06-09"></templateId>
<code code="51847-2" codeSystem="2.16.840.1.113883.6.1" codeSystemName="LOINC" displayName="Assessment and Plan"></code>
<title>Assessment and Plan</title>
<text>
<paragraph>
<content styleCode="Bold Underline CAPTION">Assessment from 8/8/2012 3:01 PM:</content>
</paragraph>
<list listType="unordered" ID="ZAssessmentAndPlan.MU3-Assessment.37489.6308">
<item>Assessment : </item>
</list>
<list listType="unordered" ID="ZAssessmentAndPlan.MU3-Assessment.42484.11360">
<item>Assessment : </item>
</list>
<paragraph>
<content styleCode="Bold Underline CAPTION">Plan of Treatment from 8/8/2012 3:01 PM:</content>
</paragraph>
<list listType="unordered" ID="ZAssessmentAndPlan.MU3_Plan.37489.6309">
<item>Treatment Plan : </item>
</list>
<list listType="unordered" ID="ZAssessmentAndPlan.MU3_Plan.42484.11361">
<item>Treatment Plan : </item>
</list>
<br></br>
</text>
</section>
</component>
<component>
<section>
<templateId root="2.16.840.1.113883.10.20.22.2.58" extension="2015-08-01"></templateId>
<code code="75310-3" codeSystem="2.16.840.1.113883.6.1" codeSystemName="LOINC" displayName="Health Concerns"></code>
<title>Health Concerns</title>
<text>
<paragraph>
<content styleCode="Bold Underline CAPTION">Health Concerns from 8/8/2012 3:01 PM:</content>
</paragraph>
<list listType="unordered" ID="ZHealthConcerns.MU3_HlthConcern.37489.6310">
<item>Health Concerns : </item>
</list>
<list listType="unordered" ID="ZHealthConcerns.MU3_HlthConcern.42484.11362">
<item>Health Concerns : </item>
</list>
<br></br>
</text>
<entry>
<act classCode="ACT" moodCode="EVN">
<templateId root="2.16.840.1.113883.10.20.22.4.132" extension="2015-08-01"></templateId>
<id root="HealthConcerns"></id>
<code code="75310-3" codeSystem="2.16.840.1.113883.6.1" codeSystemName="LOINC" displayName="Health Concern"></code>
<statusCode code="active"></statusCode>
</act>
</entry>
</section>
</component>
<component>
<section nullFlavor="NI">
<templateId root="2.16.840.1.113883.10.20.22.2.60"></templateId>
<code code="61146-7" codeSystem="2.16.840.1.113883.6.1" codeSystemName="LOINC" displayName="Goals"></code>
<title>Goals</title>
<text>
<br></br>
</text>
</section>
</component>
<component>
<section>
<templateId root="2.16.840.1.113883.10.20.22.2.41"></templateId>
<code code="8653-8" codeSystem="2.16.840.1.113883.6.1" codeSystemName="LOINC" displayName="Hospital Discharge Instructions"></code>
<title>Hospital Discharge Instructions</title>
<text>
<paragraph>
<content styleCode="Bold Underline CAPTION">Discharge   Instructions from 8/8/2012 3:01 PM:</content>
</paragraph>
<list listType="unordered" ID="ZDetailedInstructions.MU3DischInst.42484.11364">
<item>Discharge  Instructions : <paragraph></paragraph>
<paragraph>Ms. Jones, you have been seen by Dr. Henry Seven at Local Community Hospital from August 8th until August 13th 2012. You are currently being discharged from Local Community Hospital. Dr. Seven has provided the following instructions to you at this time; should you have any questions please contact a member of your healthcare team prior to discharge. If you have left the hospital and have questions, please contact Dr. Seven at 555-555-1002. Instructions:</paragraph>
<paragraph>1. Take all medications as prescribed.</paragraph>
<paragraph>2. Please monitor your peak flows. If your peak flows drop to 50% of normal, call my office immediately or return to the Emergency Room.</paragraph>
<paragraph>3. If you experience any of the following symptoms, call my office immediately or return to the Emergency Room:</paragraph>
<paragraph>     1. Shortness of Breath</paragraph>
<paragraph>     2. Dizziness or Light-headedness</paragraph>
<paragraph>     3. Fever, chills, or diffuse body aches</paragraph>
<paragraph>     4. Pain or redness at the site of any previous intravenous catheter</paragraph>
<paragraph>     5. Any other unusual problem</paragraph>
</item>
</list>
<br></br>
</text>
</section>
</component>
<component>
<section>
<templateId root="2.16.840.1.113883.10.20.22.2.3"></templateId>
<templateId root="2.16.840.1.113883.10.20.22.2.3" extension="2015-08-01"></templateId>
<templateId root="2.16.840.1.113883.10.20.22.2.3.1"></templateId>
<templateId root="2.16.840.1.113883.10.20.22.2.3.1" extension="2015-08-01"></templateId>
<code code="30954-2" codeSystem="2.16.840.1.113883.6.1"></code>
<title>Results</title>
<text>
<br></br>Lab results are displayed in the following format if available:   Test Name, Test Value, Value Unit, Reference Range - (exception is microbiology results)<br></br>Example 1:  Sodium   145 mEq/L   (136-145 mEq/L)    Example 2:  Potassium:  3.4 mEq/L  (Reference Range: not available)<br></br>
<br></br>
<paragraph>
<content styleCode="Bold Underline">Chemistry. from 8/10/2012 8:00 AM</content>
</paragraph>
<content ID="ZCCD-Results.Chemistry..7009">
<content styleCode="Bold">Hgb </content>10.2 g/dL<content styleCode="Italics"> (M 13-18 g/dL; F 12-16 g/dL g/dL)</content>
</content>
<br></br>
<content ID="ZCCD-Results.Chemistry..7010">
<content styleCode="Bold">WBC </content>12.3 10*3/uL<content styleCode="Italics"> (4.3-10.8 10*3/uL)</content>
</content>
<br></br>
<content ID="ZCCD-Results.Chemistry..7011">
<content styleCode="Bold">PLT </content>123 10*3/uL L<content styleCode="Italics"> (150-350 10*3/uL)</content>
</content>
</text>
<entry typeCode="DRIV">
<organizer classCode="BATTERY" moodCode="EVN">
<templateId root="2.16.840.1.113883.10.20.22.4.1"></templateId>
<templateId root="2.16.840.1.113883.10.20.22.4.1" extension="2015-08-01"></templateId>
<id root="1.3.6.1.4.1.21367.13.20.1000.1.3.2.6.3" extension="Chemistry."></id>
<code nullFlavor="NA"></code>
<statusCode code="completed"></statusCode>
<effectiveTime>
<low value="20120810080000-0400"></low>
<high value="20120810080000-0400"></high>
</effectiveTime>
<author>
<templateId root="2.16.840.1.113883.10.20.22.4.119"></templateId>
<time value="20170405221739+0000"></time>
<assignedAuthor>
<id nullFlavor="NI"></id>
<addr nullFlavor="NI"></addr>
<telecom nullFlavor="NI"></telecom>
</assignedAuthor>
</author>
<component>
<observation classCode="OBS" moodCode="EVN">
<templateId root="2.16.840.1.113883.10.20.22.4.2"></templateId>
<templateId root="2.16.840.1.113883.10.20.22.4.2" extension="2015-08-01"></templateId>
<id root="1.3.6.1.4.1.21367.13.20.1000.1.3.2.6.3.1" extension="7009"></id>
<code code="30313-1" codeSystem="2.16.840.1.113883.6.1" codeSystemName="LOINC">
<translation code="Res_HGB" codeSystem="1.3.6.1.4.1.21367.13.20.1000.1.3.6.8" codeSystemName="Mainland Health Systems Locally-assigned Results codes"></translation>
</code>
<text>
<reference value="#ZCCD-Results.Chemistry..7009"></reference>
</text>
<statusCode code="completed"></statusCode>
<effectiveTime value="20120810080000-0400"></effectiveTime>
<value xsi:type="PQ" value="10.2" unit="g/dL"></value>
<author>
<templateId root="2.16.840.1.113883.10.20.22.4.119"></templateId>
<time value="20170405221739+0000"></time>
<assignedAuthor>
<id root="2.16.840.1.113883.19.5"></id>
<assignedPerson>
<name>
<prefix>Dr</prefix>
<given>Henry</given>
<family>Seven</family>
<suffix>Dr</suffix>
</name>
</assignedPerson>
<representedOrganization classCode="ORG">
<id root="2.16.840.1.113883.19.5"></id>
<name>Value Labs</name>
<addr>
<streetAddressLine>2474 Rocky Place</streetAddressLine>
<city>Beaverton</city>
<state>OR</state>
<postalCode>97006</postalCode>
</addr>
</representedOrganization>
</assignedAuthor>
</author>
<referenceRange>
<observationRange>
<text>M 13-18 g/dL; F 12-16 g/dL</text>
<value xsi:type="IVL_PQ" nullFlavor="NI"></value>
</observationRange>
</referenceRange>
</observation>
</component>
<component>
<observation classCode="OBS" moodCode="EVN">
<templateId root="2.16.840.1.113883.10.20.22.4.2"></templateId>
<templateId root="2.16.840.1.113883.10.20.22.4.2" extension="2015-08-01"></templateId>
<id root="1.3.6.1.4.1.21367.13.20.1000.1.3.2.6.3.1" extension="7010"></id>
<code code="33765-9" codeSystem="2.16.840.1.113883.6.1" codeSystemName="LOINC">
<translation code="Res_WBC" codeSystem="1.3.6.1.4.1.21367.13.20.1000.1.3.6.8" codeSystemName="Mainland Health Systems Locally-assigned Results codes"></translation>
</code>
<text>
<reference value="#ZCCD-Results.Chemistry..7010"></reference>
</text>
<statusCode code="completed"></statusCode>
<effectiveTime value="20120810080000-0400"></effectiveTime>
<value xsi:type="PQ" value="12.3" unit="10*3/uL"></value>
<author>
<templateId root="2.16.840.1.113883.10.20.22.4.119"></templateId>
<time value="20170405221739+0000"></time>
<assignedAuthor>
<id root="2.16.840.1.113883.19.5"></id>
<assignedPerson>
<name>
<prefix>Dr</prefix>
<given>Henry</given>
<family>Seven</family>
<suffix>Dr</suffix>
</name>
</assignedPerson>
<representedOrganization classCode="ORG">
<id root="2.16.840.1.113883.19.5"></id>
<name>Value Labs</name>
<addr>
<streetAddressLine>2474 Rocky Place</streetAddressLine>
<city>Beaverton</city>
<state>OR</state>
<postalCode>97006</postalCode>
</addr>
</representedOrganization>
</assignedAuthor>
</author>
<referenceRange>
<observationRange>
<text>4.3-10.8</text>
<value xsi:type="IVL_PQ">
<low value="4.3" unit="10*3/uL"></low>
<high value="10.8" unit="10*3/uL"></high>
</value>
</observationRange>
</referenceRange>
</observation>
</component>
<component>
<observation classCode="OBS" moodCode="EVN">
<templateId root="2.16.840.1.113883.10.20.22.4.2"></templateId>
<templateId root="2.16.840.1.113883.10.20.22.4.2" extension="2015-08-01"></templateId>
<id root="1.3.6.1.4.1.21367.13.20.1000.1.3.2.6.3.1" extension="7011"></id>
<code code="26515-7" codeSystem="2.16.840.1.113883.6.1" codeSystemName="LOINC">
<translation code="Res_PLTS" codeSystem="1.3.6.1.4.1.21367.13.20.1000.1.3.6.8" codeSystemName="Mainland Health Systems Locally-assigned Results codes"></translation>
</code>
<text>
<reference value="#ZCCD-Results.Chemistry..7011"></reference>
</text>
<statusCode code="completed"></statusCode>
<effectiveTime value="20120810080000-0400"></effectiveTime>
<value xsi:type="PQ" value="123" unit="10*3/uL"></value>
<interpretationCode code="L" codeSystem="2.16.840.1.113883.5.83"></interpretationCode>
<author>
<templateId root="2.16.840.1.113883.10.20.22.4.119"></templateId>
<time value="20170405221739+0000"></time>
<assignedAuthor>
<id root="2.16.840.1.113883.19.5"></id>
<assignedPerson>
<name>
<prefix>Dr</prefix>
<given>Henry</given>
<family>Seven</family>
<suffix>Dr</suffix>
</name>
</assignedPerson>
<representedOrganization classCode="ORG">
<id root="2.16.840.1.113883.19.5"></id>
<name>Value Labs</name>
<addr>
<streetAddressLine>2474 Rocky Place</streetAddressLine>
<city>Beaverton</city>
<state>OR</state>
<postalCode>97006</postalCode>
</addr>
</representedOrganization>
</assignedAuthor>
</author>
<referenceRange>
<observationRange>
<text>150-350</text>
<value xsi:type="IVL_PQ">
<low value="150" unit="10*3/uL"></low>
<high value="350" unit="10*3/uL"></high>
</value>
</observationRange>
</referenceRange>
</observation>
</component>
</organizer>
</entry>
</section>
</component>
</structuredBody>
</component>
</ClinicalDocument>
