<?xml version="1.0" encoding="UTF-8"?>
<?xml-stylesheet type="text/xsl" href="CHSViewCCD_V002.xsl"?>
<ClinicalDocument xsi:schemaLocation="urn:hl7-org:v3 CDA.xsd" xmlns:xsi="http://www.w3.org/2001/XMLSchema-instance" xmlns="urn:hl7-org:v3" xmlns:voc="urn:hl7-org:v3/voc" xmlns:sdtc="urn:hl7-org:sdtc">
<realmCode code="US"></realmCode>
<typeId extension="POCD_HD000040" root="2.16.840.1.113883.1.3"></typeId>
<templateId root="2.16.840.1.113883.10.20.22.1.1"></templateId>
<templateId root="2.16.840.1.113883.10.20.22.1.1" extension="2015-08-01"></templateId>
<templateId root="2.16.840.1.113883.10.20.22.1.2"></templateId>
<templateId root="2.16.840.1.113883.10.20.22.1.2" extension="2015-08-01"></templateId>
<id root="1.3.6.1.4.1.21367.13.20.1000.1.3.8.1.16204"></id>
<code code="34133-9" displayName="Summary of Episode Note" codeSystemName="LOINC" codeSystem="2.16.840.1.113883.6.1"></code>
<title>Summary of Episode Turner 518</title>
<effectiveTime value="20170518100841-0400"></effectiveTime>
<confidentialityCode code="N" displayName="Normal" codeSystem="2.16.840.1.113883.5.25" codeSystemName="Confidentiality"></confidentialityCode>
<languageCode code="en-US"></languageCode>
<recordTarget>
<patientRole>
<id root="1.3.6.1.4.1.21367.13.20.1000.1.3.7.1" extension="216" assigningAuthorityName="W001: Mainland Health Systems Locally-assigned Medical Record Number"></id>
<id root="1.3.6.1.4.1.21367.13.20.1000.1.3.7.4" extension="1" assigningAuthorityName="City General (Cert): Mainland Health Systems Locally-assigned Alternate Visit Identifier"></id>
<id root="1.3.6.1.4.1.21367.13.20.1000.1.3.7.3" extension="3216" assigningAuthorityName="City General (Cert): Mainland Health Systems Locally-assigned Patient Account Number"></id>
<addr nullFlavor="NI"></addr>
<telecom nullFlavor="NI"></telecom>
<patient>
<name>
<prefix nullFlavor="NI"></prefix>
<given>Susan</given>
<given>Jones</given>
<family>Turner</family>
<suffix nullFlavor="NI"></suffix>
</name>
<administrativeGenderCode code="F" displayName="Female" codeSystem="2.16.840.1.113883.5.1" codeSystemName="AdministrativeGender">
<translation code="1" displayName="1" codeSystem="1.3.6.1.4.1.21367.13.20.1000.1.3.2.2" codeSystemName="Mainland Health Systems Locally-assigned Gender codes"></translation>
</administrativeGenderCode>
<birthTime value="19700801"></birthTime>
<maritalStatusCode nullFlavor="NI"></maritalStatusCode>
<raceCode code="2106-3" displayName="White" codeSystem="2.16.840.1.113883.6.238" codeSystemName="Race &amp; Ethnicity - CDC"></raceCode>
<sdtc:raceCode code="2108-9" displayName="European" codeSystem="2.16.840.1.113883.6.238" codeSystemName="Race &amp; Ethnicity - CDC"></sdtc:raceCode>
<ethnicGroupCode code="2186-5" displayName="Not Hispanic or Latino" codeSystem="2.16.840.1.113883.6.238" codeSystemName="Race &amp; Ethnicity - CDC"></ethnicGroupCode>
<languageCommunication>
<languageCode code="EN"></languageCode>
<preferenceInd value="true"></preferenceInd>
</languageCommunication>
</patient>
<providerOrganization>
<id root="1.3.6.1.4.1.21367.13.20.1000.1.3.6.5" extension="Entity:1002" assigningAuthorityName="Health Enterprise"></id>
<name>City General (Cert)</name>
<telecom use="WP" value="tel:555-555-1002"></telecom>
<addr use="WP">
<streetAddressLine>1002 Healthcare Dr</streetAddressLine>
<postBox nullFlavor="NI"></postBox>
<city>Portland</city>
<state>OR</state>
<postalCode>97266</postalCode>
<country>United States</country>
</addr>
</providerOrganization>
</patientRole>
</recordTarget>
<author>
<time value="20170518100841-0400"></time>
<assignedAuthor>
<id root="1.3.6.1.4.1.21367.13.20.1000.1.3.8.3" extension="MSI:000001" assigningAuthorityName="City General (Cert)"></id>
<addr use="WP">
<streetAddressLine>1002 Healthcare Dr</streetAddressLine>
<postBox nullFlavor="NI"></postBox>
<city>Portland</city>
<state>OR</state>
<postalCode>97266</postalCode>
<country nullFlavor="NI"></country>
</addr>
<telecom use="WP" value="tel:555-555-1002"></telecom>
<assignedPerson>
<name>
<prefix>Dr.</prefix>
<given>Henry</given>
<given nullFlavor="NI"></given>
<family>Seven</family>
<suffix>Dr.</suffix>
</name>
</assignedPerson>
</assignedAuthor>
</author>
<custodian>
<assignedCustodian>
<representedCustodianOrganization>
<id nullFlavor="NI"></id>
<name>Health Enterprise</name>
<telecom value="tel:--6102196300"></telecom>
<addr>
<streetAddressLine>53 Valley Stream Parkway</streetAddressLine>
<postBox nullFlavor="NI"></postBox>
<city>Malvern</city>
<state>PA</state>
<postalCode>19355</postalCode>
<country>United States</country>
</addr>
</representedCustodianOrganization>
</assignedCustodian>
</custodian>
<legalAuthenticator>
<time value="20170518100841-0400"></time>
<signatureCode code="S"></signatureCode>
<assignedEntity>
<id nullFlavor="NI"></id>
<addr nullFlavor="NI"></addr>
<telecom nullFlavor="NI"></telecom>
<assignedPerson>
<name>
<prefix>Dr.</prefix>
<given>Henry</given>
<given nullFlavor="NI"></given>
<family>Seven</family>
<suffix>Dr.</suffix>
</name>
</assignedPerson>
</assignedEntity>
</legalAuthenticator>
<documentationOf>
<serviceEvent classCode="PCPR">
<effectiveTime>
<low value="20150622100000-0400"></low>
<high nullFlavor="NI"></high>
</effectiveTime>
</serviceEvent>
</documentationOf>
<componentOf>
<encompassingEncounter>
<id root="2.16.840.1.113883.19" extension="1686"></id>
<effectiveTime>
<low value="20150622100000-0400"></low>
<high nullFlavor="NI"></high>
</effectiveTime>
<location>
<healthCareFacility>
<id root="1.3.6.1.4.1.21367.13.20.1000.1.3.6.5" extension="MRU:1045" assigningAuthorityName="City General (Cert)"></id>
<location>
<name>Medicine</name>
<addr use="WP">
<streetAddressLine>1002 Healthcare Dr</streetAddressLine>
<postBox nullFlavor="NI"></postBox>
<city>Portland</city>
<state>OR</state>
<postalCode>97266</postalCode>
<country>United States</country>
</addr>
</location>
</healthCareFacility>
</location>
</encompassingEncounter>
</componentOf>
<!--***********************************************-->
<!--              CDA Structured Body                 -->
<!--***********************************************-->
<component>
<structuredBody>
<component>
<section nullFlavor="NI">
<templateId root="1.3.6.1.4.1.19376.1.5.3.1.3.5" assigningAuthorityName="CCD"></templateId>
<templateId root="2.16.840.1.113883.3.88.11.83.121"></templateId>
<code code="8648-8" displayName="Hospital Course" codeSystem="2.16.840.1.113883.6.1" codeSystemName="LOINC"></code>
<title>Hospital Course</title>
<text></text>
</section>
</component>
<component>
<section>
<templateId root="2.16.840.1.113883.10.20.22.2.5"></templateId>
<templateId root="2.16.840.1.113883.10.20.22.2.5" extension="2015-08-01"></templateId>
<templateId root="2.16.840.1.113883.10.20.22.2.5.1"></templateId>
<templateId root="2.16.840.1.113883.10.20.22.2.5.1" extension="2015-08-01"></templateId>
<code code="11450-4" codeSystem="2.16.840.1.113883.6.1"></code>
<title>Problems</title>
<!--****  Problems Section Narrative Block  ****-->
<text>
<content styleCode="Bold">Encounter Diagnosis</content>
<br></br>
<list listType="unordered">
<item>
<content ID="ZProblems.Problems.6897793">Chronic rejection of renal transplant Comment:Last Modified: 02/22/2015, Status:Active. </content>
</item>
<item>
<content ID="ZProblems.Problems.6897795">Essential hypertension Comment:Last Modified: 02/22/2015, Status:Active. </content>
</item>
<item>
<content ID="ZProblems.Problems.6897797">Fever Comment:Last Modified: 06/22/2015, Status:Active. </content>
</item>
<item>
<content ID="ZProblems.Problems.6897799">Overweight Comment:Last Modified: 06/22/2015, Resolved: 06/01/2007, Status:Resolved. </content>
</item>
<item>
<content ID="ZProblems.Problems.6897801">Severe Hypothyroidism Comment:Last Modified: 02/22/2015, Status:Active. </content>
</item>
</list>
</text>
<!--**** Problems Section Structured Body ****-->
<entry typeCode="DRIV">
<act classCode="ACT" moodCode="EVN">
<templateId root="2.16.840.1.113883.10.20.22.4.3"></templateId>
<templateId root="2.16.840.1.113883.10.20.22.4.3" extension="2015-08-01"></templateId>
<id nullFlavor="NI"></id>
<code code="CONC" codeSystem="2.16.840.1.113883.5.6"></code>
<statusCode code="active"></statusCode>
<effectiveTime>
<low nullFlavor="UNK"></low>
</effectiveTime>
<author>
<templateId root="2.16.840.1.113883.10.20.22.4.119"></templateId>
<time value="20170518140337+0000"></time>
<assignedAuthor>
<id nullFlavor="NI"></id>
<addr nullFlavor="NI"></addr>
<telecom nullFlavor="NI"></telecom>
</assignedAuthor>
</author>
<entryRelationship typeCode="SUBJ" inversionInd="false">
<observation classCode="OBS" moodCode="EVN">
<templateId root="2.16.840.1.113883.10.20.22.4.4"></templateId>
<templateId root="2.16.840.1.113883.10.20.22.4.4" extension="2015-08-01"></templateId>
<id root="1.3.6.1.4.1.21367.13.20.1000.1.3.2.6.1" extension="6897793"></id>
<code code="55607006" codeSystem="2.16.840.1.113883.6.96" displayName="Problem" codeSystemName="SNOMED CT">
<translation code="75326-9" codeSystem="2.16.840.1.113883.6.1" displayName="Problem HL7.CCDAR2" codeSystemName="LOINC"></translation>
</code>
<text>
<reference value="#ZProblems.Problems.6897793"></reference>
</text>
<statusCode code="completed"></statusCode>
<effectiveTime>
<low nullFlavor="UNK"></low>
</effectiveTime>
<value xsi:type="CD" code="236578006" displayName="Chronic rejection of renal transplant" codeSystem="2.16.840.1.113883.6.96" codeSystemName="SNOMED CT"></value>
<entryRelationship typeCode="REFR" inversionInd="false">
<observation classCode="OBS" moodCode="EVN">
<templateId root="2.16.840.1.113883.10.20.22.4.6"></templateId>
<templateId root="2.16.840.1.113883.10.20.22.4.6" extension="2015-08-01"></templateId>
<code code="33999-4" codeSystem="2.16.840.1.113883.6.1" displayName="Status"></code>
<text>
<reference value="#ZProblems.Problems.6897793"></reference>
</text>
<statusCode code="completed"></statusCode>
<value xsi:type="CD" code="55561003" displayName="Active" codeSystem="2.16.840.1.113883.6.96" codeSystemName="SNOMED CT">
<translation xsi:type="CD" code="S75" displayName="Active" codeSystem="1.3.6.1.4.1.21367.13.20.1000.1.11.2" codeSystemName="Mainland Health Systems Locally-assigned Problem status codes from CVE2"></translation>
</value>
</observation>
</entryRelationship>
</observation>
</entryRelationship>
</act>
</entry>
<entry typeCode="DRIV">
<act classCode="ACT" moodCode="EVN">
<templateId root="2.16.840.1.113883.10.20.22.4.3"></templateId>
<templateId root="2.16.840.1.113883.10.20.22.4.3" extension="2015-08-01"></templateId>
<id nullFlavor="NI"></id>
<code code="CONC" codeSystem="2.16.840.1.113883.5.6"></code>
<statusCode code="active"></statusCode>
<effectiveTime>
<low nullFlavor="UNK"></low>
</effectiveTime>
<author>
<templateId root="2.16.840.1.113883.10.20.22.4.119"></templateId>
<time value="20170518140337+0000"></time>
<assignedAuthor>
<id nullFlavor="NI"></id>
<addr nullFlavor="NI"></addr>
<telecom nullFlavor="NI"></telecom>
</assignedAuthor>
</author>
<entryRelationship typeCode="SUBJ" inversionInd="false">
<observation classCode="OBS" moodCode="EVN">
<templateId root="2.16.840.1.113883.10.20.22.4.4"></templateId>
<templateId root="2.16.840.1.113883.10.20.22.4.4" extension="2015-08-01"></templateId>
<id root="1.3.6.1.4.1.21367.13.20.1000.1.3.2.6.1" extension="6897795"></id>
<code code="55607006" codeSystem="2.16.840.1.113883.6.96" displayName="Problem" codeSystemName="SNOMED CT">
<translation code="75326-9" codeSystem="2.16.840.1.113883.6.1" displayName="Problem HL7.CCDAR2" codeSystemName="LOINC"></translation>
</code>
<text>
<reference value="#ZProblems.Problems.6897795"></reference>
</text>
<statusCode code="completed"></statusCode>
<effectiveTime>
<low nullFlavor="UNK"></low>
</effectiveTime>
<value xsi:type="CD" code="59621000" displayName="Essential hypertension" codeSystem="2.16.840.1.113883.6.96" codeSystemName="SNOMED CT">
<translation xsi:type="CD" code="S6733" displayName="Essential hypertension" codeSystem="1.3.6.1.4.1.21367.13.20.1000.1.11.1" codeSystemName="Mainland Health Systems Locally-assigned Problem codes from CVE2"></translation>
</value>
<entryRelationship typeCode="REFR" inversionInd="false">
<observation classCode="OBS" moodCode="EVN">
<templateId root="2.16.840.1.113883.10.20.22.4.6"></templateId>
<templateId root="2.16.840.1.113883.10.20.22.4.6" extension="2015-08-01"></templateId>
<code code="33999-4" codeSystem="2.16.840.1.113883.6.1" displayName="Status"></code>
<text>
<reference value="#ZProblems.Problems.6897795"></reference>
</text>
<statusCode code="completed"></statusCode>
<value xsi:type="CD" code="55561003" displayName="Active" codeSystem="2.16.840.1.113883.6.96" codeSystemName="SNOMED CT">
<translation xsi:type="CD" code="S75" displayName="Active" codeSystem="1.3.6.1.4.1.21367.13.20.1000.1.11.2" codeSystemName="Mainland Health Systems Locally-assigned Problem status codes from CVE2"></translation>
</value>
</observation>
</entryRelationship>
</observation>
</entryRelationship>
</act>
</entry>
<entry typeCode="DRIV">
<act classCode="ACT" moodCode="EVN">
<templateId root="2.16.840.1.113883.10.20.22.4.3"></templateId>
<templateId root="2.16.840.1.113883.10.20.22.4.3" extension="2015-08-01"></templateId>
<id nullFlavor="NI"></id>
<code code="CONC" codeSystem="2.16.840.1.113883.5.6"></code>
<statusCode code="active"></statusCode>
<effectiveTime>
<low nullFlavor="UNK"></low>
</effectiveTime>
<author>
<templateId root="2.16.840.1.113883.10.20.22.4.119"></templateId>
<time value="20170518140337+0000"></time>
<assignedAuthor>
<id nullFlavor="NI"></id>
<addr nullFlavor="NI"></addr>
<telecom nullFlavor="NI"></telecom>
</assignedAuthor>
</author>
<entryRelationship typeCode="SUBJ" inversionInd="false">
<observation classCode="OBS" moodCode="EVN">
<templateId root="2.16.840.1.113883.10.20.22.4.4"></templateId>
<templateId root="2.16.840.1.113883.10.20.22.4.4" extension="2015-08-01"></templateId>
<id root="1.3.6.1.4.1.21367.13.20.1000.1.3.2.6.1" extension="6897797"></id>
<code code="55607006" codeSystem="2.16.840.1.113883.6.96" displayName="Problem" codeSystemName="SNOMED CT">
<translation code="75326-9" codeSystem="2.16.840.1.113883.6.1" displayName="Problem HL7.CCDAR2" codeSystemName="LOINC"></translation>
</code>
<text>
<reference value="#ZProblems.Problems.6897797"></reference>
</text>
<statusCode code="completed"></statusCode>
<effectiveTime>
<low nullFlavor="UNK"></low>
</effectiveTime>
<value xsi:type="CD" code="386661006" displayName="Fever" codeSystem="2.16.840.1.113883.6.96" codeSystemName="SNOMED CT">
<translation xsi:type="CD" code="S6995" displayName="Fever" codeSystem="1.3.6.1.4.1.21367.13.20.1000.1.11.1" codeSystemName="Mainland Health Systems Locally-assigned Problem codes from CVE2"></translation>
</value>
<entryRelationship typeCode="REFR" inversionInd="false">
<observation classCode="OBS" moodCode="EVN">
<templateId root="2.16.840.1.113883.10.20.22.4.6"></templateId>
<templateId root="2.16.840.1.113883.10.20.22.4.6" extension="2015-08-01"></templateId>
<code code="33999-4" codeSystem="2.16.840.1.113883.6.1" displayName="Status"></code>
<text>
<reference value="#ZProblems.Problems.6897797"></reference>
</text>
<statusCode code="completed"></statusCode>
<value xsi:type="CD" code="55561003" displayName="Active" codeSystem="2.16.840.1.113883.6.96" codeSystemName="SNOMED CT">
<translation xsi:type="CD" code="S75" displayName="Active" codeSystem="1.3.6.1.4.1.21367.13.20.1000.1.11.2" codeSystemName="Mainland Health Systems Locally-assigned Problem status codes from CVE2"></translation>
</value>
</observation>
</entryRelationship>
</observation>
</entryRelationship>
</act>
</entry>
<entry typeCode="DRIV">
<act classCode="ACT" moodCode="EVN">
<templateId root="2.16.840.1.113883.10.20.22.4.3"></templateId>
<templateId root="2.16.840.1.113883.10.20.22.4.3" extension="2015-08-01"></templateId>
<id nullFlavor="NI"></id>
<code code="CONC" codeSystem="2.16.840.1.113883.5.6"></code>
<statusCode code="completed"></statusCode>
<effectiveTime>
<low nullFlavor="UNK"></low>
<high nullFlavor="UNK"></high>
</effectiveTime>
<author>
<templateId root="2.16.840.1.113883.10.20.22.4.119"></templateId>
<time value="20170518140337+0000"></time>
<assignedAuthor>
<id nullFlavor="NI"></id>
<addr nullFlavor="NI"></addr>
<telecom nullFlavor="NI"></telecom>
</assignedAuthor>
</author>
<entryRelationship typeCode="SUBJ" inversionInd="false">
<observation classCode="OBS" moodCode="EVN">
<templateId root="2.16.840.1.113883.10.20.22.4.4"></templateId>
<templateId root="2.16.840.1.113883.10.20.22.4.4" extension="2015-08-01"></templateId>
<id root="1.3.6.1.4.1.21367.13.20.1000.1.3.2.6.1" extension="6897799"></id>
<code code="55607006" codeSystem="2.16.840.1.113883.6.96" displayName="Problem" codeSystemName="SNOMED CT">
<translation code="75326-9" codeSystem="2.16.840.1.113883.6.1" displayName="Problem HL7.CCDAR2" codeSystemName="LOINC"></translation>
</code>
<text>
<reference value="#ZProblems.Problems.6897799"></reference>
</text>
<statusCode code="completed"></statusCode>
<effectiveTime>
<low nullFlavor="UNK"></low>
<high nullFlavor="UNK"></high>
</effectiveTime>
<value xsi:type="CD" code="238131007" displayName="Overweight" codeSystem="2.16.840.1.113883.6.96" codeSystemName="SNOMED CT">
<translation xsi:type="CD" code="S2423" displayName="Overweight" codeSystem="1.3.6.1.4.1.21367.13.20.1000.1.11.1" codeSystemName="Mainland Health Systems Locally-assigned Problem codes from CVE2"></translation>
<translation xsi:type="CD" code="10027300" displayName="Overweight" codeSystem="2.16.840.1.113883.6.97" codeSystemName="ICNP"></translation>
</value>
<entryRelationship typeCode="REFR" inversionInd="false">
<observation classCode="OBS" moodCode="EVN">
<templateId root="2.16.840.1.113883.10.20.22.4.6"></templateId>
<templateId root="2.16.840.1.113883.10.20.22.4.6" extension="2015-08-01"></templateId>
<code code="33999-4" codeSystem="2.16.840.1.113883.6.1" displayName="Status"></code>
<text>
<reference value="#ZProblems.Problems.6897799"></reference>
</text>
<statusCode code="completed"></statusCode>
<value xsi:type="CD" code="413322009" displayName="Resolved" codeSystem="2.16.840.1.113883.6.96" codeSystemName="SNOMED CT">
<translation xsi:type="CD" code="S254" displayName="Resolved" codeSystem="1.3.6.1.4.1.21367.13.20.1000.1.11.2" codeSystemName="Mainland Health Systems Locally-assigned Problem status codes from CVE2"></translation>
</value>
</observation>
</entryRelationship>
</observation>
</entryRelationship>
</act>
</entry>
<entry typeCode="DRIV">
<act classCode="ACT" moodCode="EVN">
<templateId root="2.16.840.1.113883.10.20.22.4.3"></templateId>
<templateId root="2.16.840.1.113883.10.20.22.4.3" extension="2015-08-01"></templateId>
<id nullFlavor="NI"></id>
<code code="CONC" codeSystem="2.16.840.1.113883.5.6"></code>
<statusCode code="active"></statusCode>
<effectiveTime>
<low nullFlavor="UNK"></low>
</effectiveTime>
<author>
<templateId root="2.16.840.1.113883.10.20.22.4.119"></templateId>
<time value="20170518140337+0000"></time>
<assignedAuthor>
<id nullFlavor="NI"></id>
<addr nullFlavor="NI"></addr>
<telecom nullFlavor="NI"></telecom>
</assignedAuthor>
</author>
<entryRelationship typeCode="SUBJ" inversionInd="false">
<observation classCode="OBS" moodCode="EVN">
<templateId root="2.16.840.1.113883.10.20.22.4.4"></templateId>
<templateId root="2.16.840.1.113883.10.20.22.4.4" extension="2015-08-01"></templateId>
<id root="1.3.6.1.4.1.21367.13.20.1000.1.3.2.6.1" extension="6897801"></id>
<code code="55607006" codeSystem="2.16.840.1.113883.6.96" displayName="Problem" codeSystemName="SNOMED CT">
<translation code="75326-9" codeSystem="2.16.840.1.113883.6.1" displayName="Problem HL7.CCDAR2" codeSystemName="LOINC"></translation>
</code>
<text>
<reference value="#ZProblems.Problems.6897801"></reference>
</text>
<statusCode code="completed"></statusCode>
<effectiveTime>
<low nullFlavor="UNK"></low>
</effectiveTime>
<value xsi:type="CD" code="83986005" displayName="Severe Hypothyroidism" codeSystem="2.16.840.1.113883.6.96" codeSystemName="SNOMED CT"></value>
<entryRelationship typeCode="REFR" inversionInd="false">
<observation classCode="OBS" moodCode="EVN">
<templateId root="2.16.840.1.113883.10.20.22.4.6"></templateId>
<templateId root="2.16.840.1.113883.10.20.22.4.6" extension="2015-08-01"></templateId>
<code code="33999-4" codeSystem="2.16.840.1.113883.6.1" displayName="Status"></code>
<text>
<reference value="#ZProblems.Problems.6897801"></reference>
</text>
<statusCode code="completed"></statusCode>
<value xsi:type="CD" code="55561003" displayName="Active" codeSystem="2.16.840.1.113883.6.96" codeSystemName="SNOMED CT">
<translation xsi:type="CD" code="S75" displayName="Active" codeSystem="1.3.6.1.4.1.21367.13.20.1000.1.11.2" codeSystemName="Mainland Health Systems Locally-assigned Problem status codes from CVE2"></translation>
</value>
</observation>
</entryRelationship>
</observation>
</entryRelationship>
</act>
</entry>
</section>
</component>
<component>
<section>
<templateId root="2.16.840.1.113883.10.20.22.2.6"></templateId>
<templateId root="2.16.840.1.113883.10.20.22.2.6" extension="2015-08-01"></templateId>
<templateId root="2.16.840.1.113883.10.20.22.2.6.1"></templateId>
<templateId root="2.16.840.1.113883.10.20.22.2.6.1" extension="2015-08-01"></templateId>
<code code="48765-2" codeSystem="2.16.840.1.113883.6.1" displayName="Allergies and adverse reactions" codeSystemName="LOINC"></code>
<title>Allergies and Intolerances</title>
<!--****  Alert Section Narrative Block  ****-->
<text>This section is representative of the current allergy information, at the time of the CCD generation. In the case of regeneration of the CCD, the allergy information may not reflect the state of known allergies at the time of the CCD's subject visit.<br></br>
<br></br>
<list listType="unordered">
<item>
<content ID="ZCCD-Allergies.CCD-Allergies.13003">ampicillin  causes Moderate Hives. Onset 19800501.</content>
</item>
<item>
<content ID="ZCCD-Allergies.CCD-Allergies.13004">penicillin G  causes Moderate Hives. Onset 19800501.</content>
</item>
<item>
<content ID="ZCCD-Allergies.CCD-Allergies.NoLatex">Latex Allergy has not been assessed.</content>
</item>
<item>
<content ID="ZCCD-Allergies.CCD-Allergies.NoContrast">IV Contrast Allergy has not been assessed.</content>
</item>
</list>
</text>
<!--**** Alert Section Structured Body ****-->
<entry typeCode="DRIV">
<act classCode="ACT" moodCode="EVN">
<templateId root="2.16.840.1.113883.10.20.22.4.30"></templateId>
<templateId root="2.16.840.1.113883.10.20.22.4.30" extension="2015-08-01"></templateId>
<id root="1.3.6.1.4.1.21367.13.20.1000.1.3.2.6.2" extension="13003"></id>
<code code="CONC" codeSystem="2.16.840.1.113883.5.6" codeSystemName="HL7ActClass"></code>
<statusCode code="active"></statusCode>
<effectiveTime>
<low nullFlavor="UNK"></low>
</effectiveTime>
<author>
<templateId root="2.16.840.1.113883.10.20.22.4.119"></templateId>
<time value="20170518140511+0000"></time>
<assignedAuthor>
<id nullFlavor="NI"></id>
<addr nullFlavor="NI"></addr>
<telecom nullFlavor="NI"></telecom>
</assignedAuthor>
</author>
<entryRelationship typeCode="SUBJ" inversionInd="false">
<observation classCode="OBS" moodCode="EVN">
<templateId root="2.16.840.1.113883.10.20.22.4.7"></templateId>
<templateId root="2.16.840.1.113883.10.20.22.4.7" extension="2014-06-09"></templateId>
<id root="1.3.6.1.4.1.21367.13.20.1000.1.3.2.6.2" extension="13003"></id>
<code code="ASSERTION" codeSystem="2.16.840.1.113883.5.4"></code>
<statusCode code="completed"></statusCode>
<effectiveTime>
<low nullFlavor="UNK"></low>
</effectiveTime>
<value xsi:type="CD" code="416098002" displayName="Drug allergy (disorder)" codeSystem="2.16.840.1.113883.6.96" codeSystemName="SNOMED CT"></value>
<participant typeCode="CSM">
<participantRole classCode="MANU">
<playingEntity classCode="MMAT">
<code code="733" displayName="Ampicillin" codeSystem="2.16.840.1.113883.6.88" codeSystemName="RxNorm">
<originalText>
<reference value="#ZCCD-Allergies.CCD-Allergies.13003"></reference>
</originalText>
<translation code="2692" displayName="ampicillin" codeSystem="2.16.840.1.113883.6.63" codeSystemName="FDDC"></translation>
</code>
</playingEntity>
</participantRole>
</participant>
<entryRelationship typeCode="MFST" inversionInd="true">
<observation classCode="OBS" moodCode="EVN">
<templateId root="2.16.840.1.113883.10.20.22.4.9"></templateId>
<templateId root="2.16.840.1.113883.10.20.22.4.9" extension="2014-06-09"></templateId>
<id root="1.3.6.1.4.1.21367.13.20.1000.1.3.2.6.2.1" extension="10003"></id>
<code code="ASSERTION" codeSystem="2.16.840.1.113883.5.4" codeSystemName="ActCode"></code>
<statusCode code="completed"></statusCode>
<effectiveTime>
<low nullFlavor="UNK"></low>
</effectiveTime>
<value xsi:type="CD" code="247472004" displayName="Hives" codeSystem="2.16.840.1.113883.6.96" codeSystemName="SNOMED CT">
<translation xsi:type="CD" code="10003" displayName="Hives" codeSystem="1.3.6.1.4.1.21367.13.20.1000.1.3.5.2" codeSystemName="Mainland Health Systems Locally-assigned Allergy Reaction codes"></translation>
</value>
<entryRelationship typeCode="SUBJ" inversionInd="true">
<observation classCode="OBS" moodCode="EVN">
<templateId root="2.16.840.1.113883.10.20.22.4.8"></templateId>
<templateId root="2.16.840.1.113883.10.20.22.4.8" extension="2014-06-09"></templateId>
<code code="SEV" displayName="Severity" codeSystem="2.16.840.1.113883.5.4" codeSystemName="ActCode"></code>
<statusCode code="completed"></statusCode>
<value xsi:type="CD" code="6736007" displayName="Moderate" codeSystem="2.16.840.1.113883.6.96" codeSystemName="SNOMED CT">
<translation xsi:type="CD" code="MO" displayName="Moderate" codeSystem="1.3.6.1.4.1.21367.13.20.1000.1.3.1.3" codeSystemName="Mainland Health Systems Locally-assigned Allergy Reaction Severity codes"></translation>
</value>
</observation>
</entryRelationship>
</observation>
</entryRelationship>
</observation>
</entryRelationship>
</act>
</entry>
<entry typeCode="DRIV">
<act classCode="ACT" moodCode="EVN">
<templateId root="2.16.840.1.113883.10.20.22.4.30"></templateId>
<templateId root="2.16.840.1.113883.10.20.22.4.30" extension="2015-08-01"></templateId>
<id root="1.3.6.1.4.1.21367.13.20.1000.1.3.2.6.2" extension="13004"></id>
<code code="CONC" codeSystem="2.16.840.1.113883.5.6" codeSystemName="HL7ActClass"></code>
<statusCode code="active"></statusCode>
<effectiveTime>
<low nullFlavor="UNK"></low>
</effectiveTime>
<author>
<templateId root="2.16.840.1.113883.10.20.22.4.119"></templateId>
<time value="20170518140511+0000"></time>
<assignedAuthor>
<id nullFlavor="NI"></id>
<addr nullFlavor="NI"></addr>
<telecom nullFlavor="NI"></telecom>
</assignedAuthor>
</author>
<entryRelationship typeCode="SUBJ" inversionInd="false">
<observation classCode="OBS" moodCode="EVN">
<templateId root="2.16.840.1.113883.10.20.22.4.7"></templateId>
<templateId root="2.16.840.1.113883.10.20.22.4.7" extension="2014-06-09"></templateId>
<id root="1.3.6.1.4.1.21367.13.20.1000.1.3.2.6.2" extension="13004"></id>
<code code="ASSERTION" codeSystem="2.16.840.1.113883.5.4"></code>
<statusCode code="completed"></statusCode>
<effectiveTime>
<low nullFlavor="UNK"></low>
</effectiveTime>
<value xsi:type="CD" code="416098002" displayName="Drug allergy (disorder)" codeSystem="2.16.840.1.113883.6.96" codeSystemName="SNOMED CT"></value>
<participant typeCode="CSM">
<participantRole classCode="MANU">
<playingEntity classCode="MMAT">
<code code="7980" displayName="Penicillin G" codeSystem="2.16.840.1.113883.6.88" codeSystemName="RxNorm">
<originalText>
<reference value="#ZCCD-Allergies.CCD-Allergies.13004"></reference>
</originalText>
<translation code="4977" displayName="penicillin G" codeSystem="2.16.840.1.113883.6.63" codeSystemName="FDDC"></translation>
</code>
</playingEntity>
</participantRole>
</participant>
<entryRelationship typeCode="MFST" inversionInd="true">
<observation classCode="OBS" moodCode="EVN">
<templateId root="2.16.840.1.113883.10.20.22.4.9"></templateId>
<templateId root="2.16.840.1.113883.10.20.22.4.9" extension="2014-06-09"></templateId>
<id root="1.3.6.1.4.1.21367.13.20.1000.1.3.2.6.2.1" extension="10004"></id>
<code code="ASSERTION" codeSystem="2.16.840.1.113883.5.4" codeSystemName="ActCode"></code>
<statusCode code="completed"></statusCode>
<effectiveTime>
<low nullFlavor="UNK"></low>
</effectiveTime>
<value xsi:type="CD" code="247472004" displayName="Hives" codeSystem="2.16.840.1.113883.6.96" codeSystemName="SNOMED CT">
<translation xsi:type="CD" code="10004" displayName="Hives" codeSystem="1.3.6.1.4.1.21367.13.20.1000.1.3.5.2" codeSystemName="Mainland Health Systems Locally-assigned Allergy Reaction codes"></translation>
</value>
<entryRelationship typeCode="SUBJ" inversionInd="true">
<observation classCode="OBS" moodCode="EVN">
<templateId root="2.16.840.1.113883.10.20.22.4.8"></templateId>
<templateId root="2.16.840.1.113883.10.20.22.4.8" extension="2014-06-09"></templateId>
<code code="SEV" displayName="Severity" codeSystem="2.16.840.1.113883.5.4" codeSystemName="ActCode"></code>
<statusCode code="completed"></statusCode>
<value xsi:type="CD" code="6736007" displayName="Moderate" codeSystem="2.16.840.1.113883.6.96" codeSystemName="SNOMED CT">
<translation xsi:type="CD" code="MO" displayName="Moderate" codeSystem="1.3.6.1.4.1.21367.13.20.1000.1.3.1.3" codeSystemName="Mainland Health Systems Locally-assigned Allergy Reaction Severity codes"></translation>
</value>
</observation>
</entryRelationship>
</observation>
</entryRelationship>
</observation>
</entryRelationship>
</act>
</entry>
</section>
</component>
<component>
<section nullFlavor="NI">
<templateId root="2.16.840.1.113883.10.20.22.2.2"></templateId>
<templateId root="2.16.840.1.113883.10.20.22.2.2" extension="2015-08-01"></templateId>
<templateId root="2.16.840.1.113883.10.20.22.2.2.1"></templateId>
<templateId root="2.16.840.1.113883.10.20.22.2.2.1" extension="2015-08-01"></templateId>
<code code="11369-6" codeSystem="2.16.840.1.113883.6.1" displayName="History of immunizations" codeSystemName="LOINC"></code>
<title>Immunizations</title>
<!--****  Immunizations Section Narrative Block  ****-->
<text>
<paragraph>
<content ID="ZImmunizations.Immunizations.ORD-PHL02-NO-DATA-CONFIGURATION">No immunization data could be retrieved.</content>
</paragraph>
</text>
<!--****  Immunizations Section Structured Body ****-->
</section>
</component>
<component>
<section>
<templateId root="2.16.840.1.113883.10.20.22.2.1"></templateId>
<templateId root="2.16.840.1.113883.10.20.22.2.1" extension="2014-06-09"></templateId>
<templateId root="2.16.840.1.113883.10.20.22.2.1.1"></templateId>
<templateId root="2.16.840.1.113883.10.20.22.2.1.1" extension="2014-06-09"></templateId>
<code code="10160-0" codeSystem="2.16.840.1.113883.6.1" displayName="History of medication use" codeSystemName="LOINC"></code>
<title>Medication</title>
<!--****  Medications Section Narrative Block  ****-->
<text>
<paragraph>It is the responsibility of the patient or patient representative to confirm the list of medications with either the patient's personal care provider or the patient's follow-up care provider to ensure the patient has an appropriate list of medications to take at home.</paragraph>
<br></br>
<paragraph>
<content styleCode="Bold">Discharge medications</content>
</paragraph>
<list listType="unordered">
<item>
<content ID="ZDischargeMeds.DischargeMeds.prd1-p-17018-1">cefTRIAXone 10 gram Recon Soln<br></br>Directions:  intravenous</content>
<content ID="ZDischargeMeds.DischargeMeds.prd1-p-17018-1.357873">
<br></br>Additional Instructions: (Reference into the section.text to a tag that ONLY contains free text SIG) Two times daily</content>
<table>
<tbody>
<tr>
<td></td>
</tr>
</tbody>
</table>
</item>
<item>
<content ID="ZDischargeMeds.DischargeMeds.prd1-p-17018-2">darbepoetin alfa in polysorbat (Aranesp (in polysorbate)) 500 mcg/mL Syringe<br></br>Directions:  intravenous</content>
<content ID="ZDischargeMeds.DischargeMeds.prd1-p-17018-2.357873">
<br></br>Additional Instructions: (Reference into the section.text to a tag that ONLY contains free text SIG) Once a week</content>
<table>
<tbody>
<tr>
<td></td>
</tr>
</tbody>
</table>
</item>
<item>
<content ID="ZDischargeMeds.DischargeMeds.prd1-p-17018-3">acetaminophen (Tylenol Extra Strength) 500 mg Tablet<br></br>Directions:  oral</content>
<content ID="ZDischargeMeds.DischargeMeds.prd1-p-17018-3.357873">
<br></br>Additional Instructions: (Reference into the section.text to a tag that ONLY contains free text SIG) As needed</content>
<table>
<tbody>
<tr>
<td></td>
</tr>
</tbody>
</table>
</item>
</list>
</text>
<!--****  Medications Section Structured Body  ****-->
<entry typeCode="DRIV">
<substanceAdministration classCode="SBADM" moodCode="INT">
<templateId root="2.16.840.1.113883.10.20.22.4.16"></templateId>
<templateId root="2.16.840.1.113883.10.20.22.4.16" extension="2014-06-09"></templateId>
<id root="1.3.6.1.4.1.21367.13.20.1000.1.3.2.6.4" extension="prd1_p_17018_1"></id>
<statusCode code="completed"></statusCode>
<effectiveTime xsi:type="IVL_TS">
<low nullFlavor="UNK"></low>
<high nullFlavor="UNK"></high>
</effectiveTime>
<doseQuantity nullFlavor="NI"></doseQuantity>
<consumable>
<manufacturedProduct classCode="MANU">
<templateId root="2.16.840.1.113883.10.20.22.4.23"></templateId>
<templateId root="2.16.840.1.113883.10.20.22.4.23" extension="2014-06-09"></templateId>
<manufacturedMaterial classCode="MMAT">
<code code="309090" displayName="Ceftriaxone 100 MG/ML Injectable Solution" codeSystem="2.16.840.1.113883.6.88" codeSystemName="RxNorm">
<originalText>
<reference value="#ZDischargeMeds.DischargeMeds.prd1-p-17018-1"></reference>
</originalText>
</code>
</manufacturedMaterial>
</manufacturedProduct>
</consumable>
<author>
<templateId root="2.16.840.1.113883.10.20.22.4.119"></templateId>
<time value="20170518135926+0000"></time>
<assignedAuthor>
<id nullFlavor="NI"></id>
<addr nullFlavor="NI"></addr>
<telecom nullFlavor="NI"></telecom>
</assignedAuthor>
</author>
<entryRelationship typeCode="REFR">
<observation classCode="OBS" moodCode="EVN">
<templateId root="2.16.840.1.113883.10.20.1.47"></templateId>
<templateId root="2.16.840.1.113883.10.20.1.57"></templateId>
<code code="33999-4" displayName="Status" codeSystem="2.16.840.1.113883.6.1" codeSystemName="LOINC"></code>
<statusCode code="completed"></statusCode>
<value xsi:type="CE" code="55561003" displayName="Active" codeSystem="2.16.840.1.113883.6.96" codeSystemName="SNOMED CT">
<translation code="DISCHARGE_REC_DISCHARGE_MEDICATIONS_CONTINUED" displayName="Active" codeSystem="1.3.6.1.4.1.21367.13.20.1000.1.3.2.5" codeSystemName="Mainland Health Systems Locally-assigned Discharge Medication status codes"></translation>
</value>
</observation>
</entryRelationship>
<entryRelationship typeCode="SUBJ" inversionInd="true">
<act classCode="ACT" moodCode="INT">
<templateId root="2.16.840.1.113883.10.20.22.4.20"></templateId>
<code code="311401005" codeSystem="2.16.840.1.113883.6.96" codeSystemName="SNOMED CT" displayName="Patient Education"></code>
<text>
<reference value="#ZDischargeMeds.DischargeMeds.prd1-p-17018-1.357873"></reference>
</text>
<statusCode code="completed"></statusCode>
</act>
</entryRelationship>
</substanceAdministration>
</entry>
<entry typeCode="DRIV">
<substanceAdministration classCode="SBADM" moodCode="INT">
<templateId root="2.16.840.1.113883.10.20.22.4.16"></templateId>
<templateId root="2.16.840.1.113883.10.20.22.4.16" extension="2014-06-09"></templateId>
<id root="1.3.6.1.4.1.21367.13.20.1000.1.3.2.6.4" extension="prd1_p_17018_2"></id>
<statusCode code="completed"></statusCode>
<effectiveTime xsi:type="IVL_TS">
<low nullFlavor="UNK"></low>
<high nullFlavor="UNK"></high>
</effectiveTime>
<doseQuantity nullFlavor="NI"></doseQuantity>
<consumable>
<manufacturedProduct classCode="MANU">
<templateId root="2.16.840.1.113883.10.20.22.4.23"></templateId>
<templateId root="2.16.840.1.113883.10.20.22.4.23" extension="2014-06-09"></templateId>
<manufacturedMaterial classCode="MMAT">
<code code="731241" codeSystem="2.16.840.1.113883.6.88" codeSystemName="RxNorm">
<originalText>
<reference value="#ZDischargeMeds.DischargeMeds.prd1-p-17018-2"></reference>
</originalText>
<translation code="731184" displayName="1 ML darbepoetin alfa 0.5 MG/ML Prefilled Syringe" codeSystem="2.16.840.1.113883.6.88" codeSystemName="RxNorm"></translation>
</code>
<name>Aranesp (in polysorbate)</name>
</manufacturedMaterial>
</manufacturedProduct>
</consumable>
<author>
<templateId root="2.16.840.1.113883.10.20.22.4.119"></templateId>
<time value="20170518135926+0000"></time>
<assignedAuthor>
<id nullFlavor="NI"></id>
<addr nullFlavor="NI"></addr>
<telecom nullFlavor="NI"></telecom>
</assignedAuthor>
</author>
<entryRelationship typeCode="REFR">
<observation classCode="OBS" moodCode="EVN">
<templateId root="2.16.840.1.113883.10.20.1.47"></templateId>
<templateId root="2.16.840.1.113883.10.20.1.57"></templateId>
<code code="33999-4" displayName="Status" codeSystem="2.16.840.1.113883.6.1" codeSystemName="LOINC"></code>
<statusCode code="completed"></statusCode>
<value xsi:type="CE" code="55561003" displayName="Active" codeSystem="2.16.840.1.113883.6.96" codeSystemName="SNOMED CT">
<translation code="DISCHARGE_REC_DISCHARGE_MEDICATIONS_CONTINUED" displayName="Active" codeSystem="1.3.6.1.4.1.21367.13.20.1000.1.3.2.5" codeSystemName="Mainland Health Systems Locally-assigned Discharge Medication status codes"></translation>
</value>
</observation>
</entryRelationship>
<entryRelationship typeCode="SUBJ" inversionInd="true">
<act classCode="ACT" moodCode="INT">
<templateId root="2.16.840.1.113883.10.20.22.4.20"></templateId>
<code code="311401005" codeSystem="2.16.840.1.113883.6.96" codeSystemName="SNOMED CT" displayName="Patient Education"></code>
<text>
<reference value="#ZDischargeMeds.DischargeMeds.prd1-p-17018-2.357873"></reference>
</text>
<statusCode code="completed"></statusCode>
</act>
</entryRelationship>
</substanceAdministration>
</entry>
<entry typeCode="DRIV">
<substanceAdministration classCode="SBADM" moodCode="INT">
<templateId root="2.16.840.1.113883.10.20.22.4.16"></templateId>
<templateId root="2.16.840.1.113883.10.20.22.4.16" extension="2014-06-09"></templateId>
<id root="1.3.6.1.4.1.21367.13.20.1000.1.3.2.6.4" extension="prd1_p_17018_3"></id>
<statusCode code="completed"></statusCode>
<effectiveTime xsi:type="IVL_TS">
<low nullFlavor="UNK"></low>
<high nullFlavor="UNK"></high>
</effectiveTime>
<doseQuantity nullFlavor="NI"></doseQuantity>
<consumable>
<manufacturedProduct classCode="MANU">
<templateId root="2.16.840.1.113883.10.20.22.4.23"></templateId>
<templateId root="2.16.840.1.113883.10.20.22.4.23" extension="2014-06-09"></templateId>
<manufacturedMaterial classCode="MMAT">
<code code="209459" codeSystem="2.16.840.1.113883.6.88" codeSystemName="RxNorm">
<originalText>
<reference value="#ZDischargeMeds.DischargeMeds.prd1-p-17018-3"></reference>
</originalText>
<translation code="198440" displayName="Acetaminophen 500 MG Oral Tablet" codeSystem="2.16.840.1.113883.6.88" codeSystemName="RxNorm"></translation>
</code>
<name>Tylenol Extra Strength</name>
</manufacturedMaterial>
</manufacturedProduct>
</consumable>
<author>
<templateId root="2.16.840.1.113883.10.20.22.4.119"></templateId>
<time value="20170518135926+0000"></time>
<assignedAuthor>
<id nullFlavor="NI"></id>
<addr nullFlavor="NI"></addr>
<telecom nullFlavor="NI"></telecom>
</assignedAuthor>
</author>
<entryRelationship typeCode="REFR">
<observation classCode="OBS" moodCode="EVN">
<templateId root="2.16.840.1.113883.10.20.1.47"></templateId>
<templateId root="2.16.840.1.113883.10.20.1.57"></templateId>
<code code="33999-4" displayName="Status" codeSystem="2.16.840.1.113883.6.1" codeSystemName="LOINC"></code>
<statusCode code="completed"></statusCode>
<value xsi:type="CE" code="55561003" displayName="Active" codeSystem="2.16.840.1.113883.6.96" codeSystemName="SNOMED CT">
<translation code="DISCHARGE_REC_DISCHARGE_MEDICATIONS_CONTINUED" displayName="Active" codeSystem="1.3.6.1.4.1.21367.13.20.1000.1.3.2.5" codeSystemName="Mainland Health Systems Locally-assigned Discharge Medication status codes"></translation>
</value>
</observation>
</entryRelationship>
<entryRelationship typeCode="SUBJ" inversionInd="true">
<act classCode="ACT" moodCode="INT">
<templateId root="2.16.840.1.113883.10.20.22.4.20"></templateId>
<code code="311401005" codeSystem="2.16.840.1.113883.6.96" codeSystemName="SNOMED CT" displayName="Patient Education"></code>
<text>
<reference value="#ZDischargeMeds.DischargeMeds.prd1-p-17018-3.357873"></reference>
</text>
<statusCode code="completed"></statusCode>
</act>
</entryRelationship>
</substanceAdministration>
</entry>
</section>
</component>
<component>
<section nullFlavor="NI">
<templateId root="2.16.840.1.113883.10.20.22.2.7"></templateId>
<templateId root="2.16.840.1.113883.10.20.22.2.7" extension="2014-06-09"></templateId>
<templateId root="2.16.840.1.113883.10.20.22.2.7.1"></templateId>
<templateId root="2.16.840.1.113883.10.20.22.2.7.1" extension="2014-06-09"></templateId>
<code code="47519-4" displayName="History of procedures" codeSystem="2.16.840.1.113883.6.1" codeSystemName="LOINC"></code>
<title>Procedures</title>
<!--****  Procedures Section Narrative Block  ****-->
<text>
<paragraph>
<content ID="ZCCDProcedureList.CCDProcedureList.ORD-PHL04-NO-DATA">No relevant procedures performed.</content>
</paragraph>
</text>
<!--There are no relevant content available in this section -->
</section>
</component>
<component>
<section nullFlavor="NI">
<templateId root="2.16.840.1.113883.10.20.22.2.23" extension="2014-06-09"></templateId>
<code code="46264-8" codeSystem="2.16.840.1.113883.6.1" codeSystemName="LOINC" displayName="Medical Equipment"></code>
<title>Medical Equipment Section</title>
<text>
<paragraph>
<content styleCode="Bold Underline CAPTION"></content>
</paragraph>
<paragraph>
<content ID="ORD_PHL07_NO_DATA">No implantable medical devices are associated to this patient. </content>
</paragraph>
</text>
</section>
</component>
<component>
<section>
<templateId root="2.16.840.1.113883.10.20.22.2.17"></templateId>
<templateId root="2.16.840.1.113883.10.20.22.2.17" extension="2015-08-01"></templateId>
<code code="29762-2" codeSystemName="LOINC" codeSystem="2.16.840.1.113883.6.1" displayName="Social History"></code>
<title>Social History</title>
<text>
<paragraph>
<content styleCode="Bold Underline CAPTION">Soacial History from 6/22/2015 3:03 PM:</content>
</paragraph>
<list listType="unordered" ID="ZSocial-History.CLX-Social-Hx_FS.42426.11213">
<item>Tobacco Use? : Current every day smoker (449868002)</item>
</list>
<br></br>
</text>
<entry typeCode="DRIV">
<observation classCode="OBS" moodCode="EVN">
<templateId root="2.16.840.1.113883.10.20.22.4.78"></templateId>
<templateId root="2.16.840.1.113883.10.20.22.4.78" extension="2014-06-09"></templateId>
<id root="1.3.6.1.4.1.21367.13.20.1000.1.3.6.9" extension="11213"></id>
<code code="72166-2" codeSystem="2.16.840.1.113883.6.1" codeSystemName="LOINC">
<translation code="A_Tobacco?" displayName="Tobacco Use?" codeSystem="1.3.6.1.4.1.21367.13.20.1000.1.3.6.11" codeSystemName="Mainland Health Systems Locally-assigned Social History codes"></translation>
</code>
<statusCode code="completed"></statusCode>
<effectiveTime value="20150622150300-0400"></effectiveTime>
<value xsi:type="CD" code="449868002" codeSystem="2.16.840.1.113883.6.96">
<originalText>
<reference value="ZSocial-History.CLX-Social-Hx_FS.42426.11213"></reference>
</originalText>
</value>
<author>
<templateId root="2.16.840.1.113883.10.20.22.4.119"></templateId>
<time value="20161024190313+0000"></time>
<assignedAuthor>
<id root="1.3.6.1.4.1.21367.13.20.1000.1.3.8.3" extension="102001"></id>
<assignedPerson>
<name>
<given>mitch</given>
<family>hoang</family>
</name>
</assignedPerson>
</assignedAuthor>
</author>
</observation>
</entry>
</section>
</component>
<component>
<section>
<templateId root="2.16.840.1.113883.10.20.22.2.56"></templateId>
<templateId root="2.16.840.1.113883.10.20.22.2.56" extension="2015-08-01"></templateId>
<code code="10190-7" codeSystem="2.16.840.1.113883.6.1" codeSystemName="LOINC" displayName="Mental Status"></code>
<title>Mental Status</title>
<text>
<paragraph>
<content styleCode="Bold Underline CAPTION">Cognitive Status from 6/23/2015 5:12 PM:</content>
</paragraph>
<list listType="unordered" ID="ZMentalStatus.CLX-CognitveStat.42488.11831">
<item>Cognitive  Status : Amnesia (SNOMED-CT 48167000), start date 5/5/2005</item>
</list>
<br></br>
</text>
</section>
</component>
<component>
<section>
<templateId root="2.16.840.1.113883.10.20.22.2.14"></templateId>
<templateId root="2.16.840.1.113883.10.20.22.2.14" extension="2014-06-09"></templateId>
<code code="47420-5" codeSystem="2.16.840.1.113883.6.1" codeSystemName="LOINC" displayName="Functional Status"></code>
<title>Functional Status</title>
<text>
<paragraph>
<content styleCode="Bold Underline CAPTION">Functional Status from 6/23/2015 5:12 PM:</content>
</paragraph>
<list listType="unordered" ID="ZFunctionalStatus.CLX-FunctionSts.42488.11827">
<item>Functional Status : Dependence on Cane (SNOMED-CT 105504002), start date 5/1/2005</item>
</list>
<br></br>
</text>
</section>
</component>
<component>
<section>
<templateId root="2.16.840.1.113883.10.20.22.2.4"></templateId>
<templateId root="2.16.840.1.113883.10.20.22.2.4" extension="2015-08-01"></templateId>
<templateId root="2.16.840.1.113883.10.20.22.2.4.1"></templateId>
<templateId root="2.16.840.1.113883.10.20.22.2.4.1" extension="2015-08-01"></templateId>
<code code="8716-3" codeSystem="2.16.840.1.113883.6.1" codeSystemName="LOINC" displayName="Vital Signs"></code>
<title>Vital Signs</title>
<text>
<paragraph>
<content styleCode="Bold Underline CAPTION">Vital Signs from 6/22/2015 3:03 PM:</content>
</paragraph>
<list listType="unordered" ID="ZVitalSigns.CLXXVital_Signs.42426.11443">
<item>Body Temperature : 38 Cel</item>
</list>
<list listType="unordered" ID="ZVitalSigns.CLXXVital_Signs.42426.11446">
<item>Pulse : 80</item>
</list>
<list listType="unordered" ID="ZVitalSigns.CLXXVital_Signs.42426.11210">
<item>Blood Pressure : 145/88</item>
</list>
<list listType="unordered" ID="ZVitalSigns.CLXXVital_Signs.42426.11450">
<item>Respirations : 18</item>
</list>
<list listType="unordered" ID="ZVitalSigns.CLXXVital_Signs.42426.11447">
<item>Pulse Ox (%) : 95</item>
</list>
<list listType="unordered" ID="ZVitalSigns.CLXXVital_Signs.42426.11442">
<item>Height : 177/ cm</item>
</list>
<list listType="unordered" ID="ZVitalSigns.CLXXVital_Signs.42426.11441">
<item>Weight : 88/ kg</item>
</list>
<br></br>
</text>
<entry typeCode="DRIV">
<organizer classCode="CLUSTER" moodCode="EVN">
<templateId root="2.16.840.1.113883.10.20.22.4.26"></templateId>
<templateId root="2.16.840.1.113883.10.20.22.4.26" extension="2015-08-01"></templateId>
<id nullFlavor="NA"></id>
<code code="46680005" codeSystem="2.16.840.1.113883.6.96" codeSystemName="SNOMED CT" displayName="Vital signs">
<translation code="74728-7" codeSystem="2.16.840.1.113883.6.1" codeSystemName="LOINC" displayName="Vital signs"></translation>
</code>
<statusCode code="completed"></statusCode>
<effectiveTime>
<low value="20150622150300-0400"></low>
<high value="20150622150300-0400"></high>
</effectiveTime>
<component>
<observation classCode="OBS" moodCode="EVN">
<templateId root="2.16.840.1.113883.10.20.22.4.27"></templateId>
<templateId root="2.16.840.1.113883.10.20.22.4.27" extension="2014-06-09"></templateId>
<id root="1.3.6.1.4.1.21367.13.20.1000.1.3.2.6.6.7" extension="11441"></id>
<code code="29463-7" codeSystem="2.16.840.1.113883.6.1" codeSystemName="LOINC">
<translation code="Wt" displayName="Weight" codeSystem="1.3.6.1.4.1.21367.13.20.1000.1.3.6.10" codeSystemName="Mainland Health Systems Locally-assigned Vital Signs codes"></translation>
</code>
<statusCode code="completed"></statusCode>
<effectiveTime value="20150622150300-0400"></effectiveTime>
<value xsi:type="PQ" value="88.000000" unit="kg"></value>
<author>
<templateId root="2.16.840.1.113883.10.20.22.4.119"></templateId>
<time value="20161024212526+0000"></time>
<assignedAuthor>
<id root="1.3.6.1.4.1.21367.13.20.1000.1.3.8.3" extension="102001"></id>
<assignedPerson>
<name>
<given>mitch</given>
<family>hoang</family>
</name>
</assignedPerson>
</assignedAuthor>
</author>
</observation>
</component>
<component>
<observation classCode="OBS" moodCode="EVN">
<templateId root="2.16.840.1.113883.10.20.22.4.27"></templateId>
<templateId root="2.16.840.1.113883.10.20.22.4.27" extension="2014-06-09"></templateId>
<id root="1.3.6.1.4.1.21367.13.20.1000.1.3.2.6.6.7" extension="11442"></id>
<code code="8302-2" codeSystem="2.16.840.1.113883.6.1" codeSystemName="LOINC">
<translation code="Ht" displayName="Height" codeSystem="1.3.6.1.4.1.21367.13.20.1000.1.3.6.10" codeSystemName="Mainland Health Systems Locally-assigned Vital Signs codes"></translation>
</code>
<statusCode code="completed"></statusCode>
<effectiveTime value="20150622150300-0400"></effectiveTime>
<value xsi:type="PQ" value="176.999998" unit="cm"></value>
<author>
<templateId root="2.16.840.1.113883.10.20.22.4.119"></templateId>
<time value="20161024212526+0000"></time>
<assignedAuthor>
<id root="1.3.6.1.4.1.21367.13.20.1000.1.3.8.3" extension="102001"></id>
<assignedPerson>
<name>
<given>mitch</given>
<family>hoang</family>
</name>
</assignedPerson>
</assignedAuthor>
</author>
</observation>
</component>
<component>
<observation classCode="OBS" moodCode="EVN">
<templateId root="2.16.840.1.113883.10.20.22.4.27"></templateId>
<templateId root="2.16.840.1.113883.10.20.22.4.27" extension="2014-06-09"></templateId>
<id root="1.3.6.1.4.1.21367.13.20.1000.1.3.2.6.6.7" extension="11443"></id>
<code code="8310-5" codeSystem="2.16.840.1.113883.6.1" codeSystemName="LOINC">
<translation code="A_Temperature" displayName="Body Temperature" codeSystem="1.3.6.1.4.1.21367.13.20.1000.1.3.6.10" codeSystemName="Mainland Health Systems Locally-assigned Vital Signs codes"></translation>
</code>
<statusCode code="completed"></statusCode>
<effectiveTime value="20150622150300-0400"></effectiveTime>
<value xsi:type="PQ" value="37.999994" unit="Cel"></value>
<author>
<templateId root="2.16.840.1.113883.10.20.22.4.119"></templateId>
<time value="20161024212526+0000"></time>
<assignedAuthor>
<id root="1.3.6.1.4.1.21367.13.20.1000.1.3.8.3" extension="102001"></id>
<assignedPerson>
<name>
<given>mitch</given>
<family>hoang</family>
</name>
</assignedPerson>
</assignedAuthor>
</author>
</observation>
</component>
<component>
<observation classCode="OBS" moodCode="EVN">
<templateId root="2.16.840.1.113883.10.20.22.4.27"></templateId>
<templateId root="2.16.840.1.113883.10.20.22.4.27" extension="2014-06-09"></templateId>
<id root="1.3.6.1.4.1.21367.13.20.1000.1.3.2.6.6.7" extension="11444"></id>
<code code="8480-6" codeSystem="2.16.840.1.113883.6.1" codeSystemName="LOINC">
<translation code="A_BP" displayName="Blood Pressure" codeSystem="1.3.6.1.4.1.21367.13.20.1000.1.3.6.10" codeSystemName="Mainland Health Systems Locally-assigned Vital Signs codes"></translation>
</code>
<statusCode code="completed"></statusCode>
<effectiveTime value="20150622150300-0400"></effectiveTime>
<value xsi:type="PQ" value="145" unit="mm[Hg]"></value>
<author>
<templateId root="2.16.840.1.113883.10.20.22.4.119"></templateId>
<time value="20161024212526+0000"></time>
<assignedAuthor>
<id root="1.3.6.1.4.1.21367.13.20.1000.1.3.8.3" extension="102001"></id>
<assignedPerson>
<name>
<given>mitch</given>
<family>hoang</family>
</name>
</assignedPerson>
</assignedAuthor>
</author>
</observation>
</component>
<component>
<observation classCode="OBS" moodCode="EVN">
<templateId root="2.16.840.1.113883.10.20.22.4.27"></templateId>
<templateId root="2.16.840.1.113883.10.20.22.4.27" extension="2014-06-09"></templateId>
<id root="1.3.6.1.4.1.21367.13.20.1000.1.3.2.6.6.7" extension="11444"></id>
<code code="8462-4" codeSystem="2.16.840.1.113883.6.1" codeSystemName="LOINC">
<translation code="A_BP" displayName="Blood Pressure" codeSystem="1.3.6.1.4.1.21367.13.20.1000.1.3.6.10" codeSystemName="Mainland Health Systems Locally-assigned Vital Signs codes"></translation>
</code>
<statusCode code="completed"></statusCode>
<effectiveTime value="20150622150300-0400"></effectiveTime>
<value xsi:type="PQ" value="88" unit="mm[Hg]"></value>
<author>
<templateId root="2.16.840.1.113883.10.20.22.4.119"></templateId>
<time value="20161024212526+0000"></time>
<assignedAuthor>
<id root="1.3.6.1.4.1.21367.13.20.1000.1.3.8.3" extension="102001"></id>
<assignedPerson>
<name>
<given>mitch</given>
<family>hoang</family>
</name>
</assignedPerson>
</assignedAuthor>
</author>
</observation>
</component>
<component>
<observation classCode="OBS" moodCode="EVN">
<templateId root="2.16.840.1.113883.10.20.22.4.27"></templateId>
<templateId root="2.16.840.1.113883.10.20.22.4.27" extension="2014-06-09"></templateId>
<id root="1.3.6.1.4.1.21367.13.20.1000.1.3.2.6.6.7" extension="11446"></id>
<code code="8867-4" codeSystem="2.16.840.1.113883.6.1" codeSystemName="LOINC">
<translation code="A_Pulse" displayName="Pulse" codeSystem="1.3.6.1.4.1.21367.13.20.1000.1.3.6.10" codeSystemName="Mainland Health Systems Locally-assigned Vital Signs codes"></translation>
</code>
<statusCode code="completed"></statusCode>
<effectiveTime value="20150622150300-0400"></effectiveTime>
<value xsi:type="PQ" value="80" unit="/min"></value>
<author>
<templateId root="2.16.840.1.113883.10.20.22.4.119"></templateId>
<time value="20161024212526+0000"></time>
<assignedAuthor>
<id root="1.3.6.1.4.1.21367.13.20.1000.1.3.8.3" extension="102001"></id>
<assignedPerson>
<name>
<given>mitch</given>
<family>hoang</family>
</name>
</assignedPerson>
</assignedAuthor>
</author>
</observation>
</component>
<component>
<observation classCode="OBS" moodCode="EVN">
<templateId root="2.16.840.1.113883.10.20.22.4.27"></templateId>
<templateId root="2.16.840.1.113883.10.20.22.4.27" extension="2014-06-09"></templateId>
<id root="1.3.6.1.4.1.21367.13.20.1000.1.3.2.6.6.7" extension="11447"></id>
<code code="59408-5" codeSystem="2.16.840.1.113883.6.1" codeSystemName="LOINC">
<translation code="A_Pulse_Ox" displayName="Pulse Ox (%)" codeSystem="1.3.6.1.4.1.21367.13.20.1000.1.3.6.10" codeSystemName="Mainland Health Systems Locally-assigned Vital Signs codes"></translation>
</code>
<statusCode code="completed"></statusCode>
<effectiveTime value="20150622150300-0400"></effectiveTime>
<value xsi:type="PQ" value="95" unit="%"></value>
<author>
<templateId root="2.16.840.1.113883.10.20.22.4.119"></templateId>
<time value="20161024212526+0000"></time>
<assignedAuthor>
<id root="1.3.6.1.4.1.21367.13.20.1000.1.3.8.3" extension="102001"></id>
<assignedPerson>
<name>
<given>mitch</given>
<family>hoang</family>
</name>
</assignedPerson>
</assignedAuthor>
</author>
</observation>
</component>
<component>
<observation classCode="OBS" moodCode="EVN">
<templateId root="2.16.840.1.113883.10.20.22.4.27"></templateId>
<templateId root="2.16.840.1.113883.10.20.22.4.27" extension="2014-06-09"></templateId>
<id root="1.3.6.1.4.1.21367.13.20.1000.1.3.2.6.6.7" extension="11450"></id>
<code code="9279-1" codeSystem="2.16.840.1.113883.6.1" codeSystemName="LOINC">
<translation code="A_Respirations" displayName="Respirations" codeSystem="1.3.6.1.4.1.21367.13.20.1000.1.3.6.10" codeSystemName="Mainland Health Systems Locally-assigned Vital Signs codes"></translation>
</code>
<statusCode code="completed"></statusCode>
<effectiveTime value="20150622150300-0400"></effectiveTime>
<value xsi:type="PQ" value="18" unit="/min"></value>
<author>
<templateId root="2.16.840.1.113883.10.20.22.4.119"></templateId>
<time value="20161024212526+0000"></time>
<assignedAuthor>
<id root="1.3.6.1.4.1.21367.13.20.1000.1.3.8.3" extension="102001"></id>
<assignedPerson>
<name>
<given>mitch</given>
<family>hoang</family>
</name>
</assignedPerson>
</assignedAuthor>
</author>
</observation>
</component>
</organizer>
</entry>
</section>
</component>
<component>
<section>
<templateId root="2.16.840.1.113883.10.20.22.2.9"></templateId>
<templateId root="2.16.840.1.113883.10.20.22.2.9" extension="2014-06-09"></templateId>
<code code="51847-2" codeSystem="2.16.840.1.113883.6.1" codeSystemName="LOINC" displayName="Assessment and Plan"></code>
<title>Assessment and Plan</title>
<text>
<paragraph>
<content styleCode="Bold Underline CAPTION">Assessment from 6/23/2015 5:12 PM:</content>
</paragraph>
<list listType="unordered" ID="ZAssessmentAndPlan.MU3-Assessment.37494.6512">
<item>Assessment : <paragraph></paragraph>
<paragraph>The patient was found to have fever and Dr. Davis is suspecting Anemia based on the patient history. So Dr. Davis asked the patient to closely monitor the temperature and blood pressure and get admitted to Community Health Hospitals if the fever does not subside within a day. </paragraph>
<paragraph></paragraph>
</item>
</list>
<paragraph>
<content styleCode="Bold Underline CAPTION">Plan of Treatment from 6/23/2015 5:12 PM:</content>
</paragraph>
<list listType="unordered" ID="ZAssessmentAndPlan.MU3_Plan.37494.6513">
<item>Treatment Plan : <paragraph></paragraph>
<paragraph>Planned Care / Start Date:</paragraph>
<paragraph></paragraph>
<paragraph>- Urinanalysis macro (dipstick) panel / June 22, 2015</paragraph>
<paragraph>- Get an EKG done on 6/23/2015. /  June 23, 2015</paragraph>
<paragraph>- Get a Chest X-ray done on 6/23/2015 showing the Lower Respiratory Tract Structure. / June 23, 2015</paragraph>
<paragraph>- Take Clindamycin 300mg three times a day as needed if pain does not subside. / June 23, 2015 three times a day as needed</paragraph>
<paragraph>- Schedule follow on visit with Neighborhood Physicians Practice on 7/1/2015. / July 7, 2015</paragraph>
</item>
</list>
<br></br>
</text>
</section>
</component>
<component>
<section>
<templateId root="2.16.840.1.113883.10.20.22.2.58" extension="2015-08-01"></templateId>
<code code="75310-3" codeSystem="2.16.840.1.113883.6.1" codeSystemName="LOINC" displayName="Health Concerns"></code>
<title>Health Concerns</title>
<text>
<paragraph>
<content styleCode="Bold Underline CAPTION">Health Concerns from 6/23/2015 5:12 PM:</content>
</paragraph>
<list listType="unordered" ID="ZHealthConcerns.MU3_HlthConcern.37494.6514">
<item>Health Concerns : <paragraph></paragraph>
<paragraph>Health Concern / Status / Date</paragraph>
<paragraph></paragraph>
<paragraph>- Chronic Sickness exhibited by patient / Active / June 22, 2015</paragraph>
<paragraph>- Documented HyperTension problem  / Active / June 22, 2015</paragraph>
<paragraph>- Documented HypoThyroidism problem  / Active / June 22, 2015</paragraph>
<paragraph>- Watch Weight of patient / Active  /  June 22, 2015</paragraph>
</item>
</list>
<br></br>
</text>
<entry>
<act classCode="ACT" moodCode="EVN">
<templateId root="2.16.840.1.113883.10.20.22.4.132" extension="2015-08-01"></templateId>
<id root="HealthConcerns"></id>
<code code="75310-3" codeSystem="2.16.840.1.113883.6.1" codeSystemName="LOINC" displayName="Health Concern"></code>
<statusCode code="active"></statusCode>
</act>
</entry>
</section>
</component>
<component>
<section>
<templateId root="2.16.840.1.113883.10.20.22.2.60"></templateId>
<code code="61146-7" codeSystem="2.16.840.1.113883.6.1" codeSystemName="LOINC" displayName="Goals"></code>
<title>Goals</title>
<text>
<paragraph>
<content styleCode="Bold Underline CAPTION">Goals from 6/23/2015 5:12 PM:</content>
</paragraph>
<list listType="unordered" ID="ZGoals.MU3_Goals.37494.6519">
<item>Goal : Get rid of intermittent fever that is occurring every few weeks</item>
</list>
<list listType="unordered" ID="ZGoals.MU3_Goals.37494.6520">
<item>Goal : Need to gain more energy to do regular activities</item>
</list>
<br></br>
</text>
<entry typeCode="DRIV">
<observation classCode="OBS" moodCode="GOL">
<templateId root="2.16.840.1.113883.10.20.22.4.121"></templateId>
<id root="1.3.6.1.4.1.21367.13.20.1000.1.3.2.6.6.8" extension="6519"></id>
<code code="58144-7" codeSystem="2.16.840.1.113883.6.1" codeSystemName="LOINC">
<translation code="A_MU3Goal1" displayName="Goal" codeSystem="1.3.6.1.4.1.21367.13.20.1000.1.3.6.12" codeSystemName="Mainland Health Systems Locally-assigned Goal codes"></translation>
</code>
<statusCode code="active"></statusCode>
<effectiveTime value="20150623171200-0400"></effectiveTime>
<value xsi:type="ST">Get rid of intermittent fever that is occurring every few weeks</value>
<author>
<templateId root="2.16.840.1.113883.10.20.22.4.119"></templateId>
<time value="20160916221322+0000"></time>
<assignedAuthor>
<id root="1.3.6.1.4.1.21367.13.20.1000.1.3.8.3" extension="102001"></id>
<assignedPerson>
<name>
<given>mitch</given>
<family>hoang</family>
</name>
</assignedPerson>
</assignedAuthor>
</author>
</observation>
</entry>
<entry typeCode="DRIV">
<observation classCode="OBS" moodCode="GOL">
<templateId root="2.16.840.1.113883.10.20.22.4.121"></templateId>
<id root="1.3.6.1.4.1.21367.13.20.1000.1.3.2.6.6.8" extension="6520"></id>
<code code="58144-7" codeSystem="2.16.840.1.113883.6.1" codeSystemName="LOINC">
<translation code="A_MU3Goal2" displayName="Goal" codeSystem="1.3.6.1.4.1.21367.13.20.1000.1.3.6.12" codeSystemName="Mainland Health Systems Locally-assigned Goal codes"></translation>
</code>
<statusCode code="active"></statusCode>
<effectiveTime value="20150623171200-0400"></effectiveTime>
<value xsi:type="ST">Need to gain more energy to do regular activities</value>
<author>
<templateId root="2.16.840.1.113883.10.20.22.4.119"></templateId>
<time value="20160916221322+0000"></time>
<assignedAuthor>
<id root="1.3.6.1.4.1.21367.13.20.1000.1.3.8.3" extension="102001"></id>
<assignedPerson>
<name>
<given>mitch</given>
<family>hoang</family>
</name>
</assignedPerson>
</assignedAuthor>
</author>
</observation>
</entry>
</section>
</component>
<component>
<section nullFlavor="NI">
<templateId root="2.16.840.1.113883.10.20.22.2.41"></templateId>
<code code="8653-8" codeSystem="2.16.840.1.113883.6.1" codeSystemName="LOINC" displayName="Hospital Discharge Instructions"></code>
<title>Hospital Discharge Instructions</title>
<text>
<br></br>
</text>
</section>
</component>
<component>
<section>
<templateId root="2.16.840.1.113883.10.20.22.2.3"></templateId>
<templateId root="2.16.840.1.113883.10.20.22.2.3" extension="2015-08-01"></templateId>
<templateId root="2.16.840.1.113883.10.20.22.2.3.1"></templateId>
<templateId root="2.16.840.1.113883.10.20.22.2.3.1" extension="2015-08-01"></templateId>
<code code="30954-2" codeSystem="2.16.840.1.113883.6.1"></code>
<title>Results</title>
<text>
<br></br>Lab results are displayed in the following format if available:   Test Name, Test Value, Value Unit, Reference Range - (exception is microbiology results)<br></br>Example 1:  Sodium   145 mEq/L   (136-145 mEq/L)    Example 2:  Potassium:  3.4 mEq/L  (Reference Range: not available)<br></br>
<br></br>
<paragraph>
<content styleCode="Bold Underline">Urinalysis from 6/22/2015 10:15 AM</content>
</paragraph>
<content ID="ZCCD-Results.Urinalysis.7056">
<content styleCode="Bold">Color of Urine </content>YELLOW <content styleCode="Italics"> (YELLOW )</content>
</content>
<br></br>
<content ID="ZCCD-Results.Urinalysis.7057">
<content styleCode="Bold">Appearance of Urine </content>CLEAR <content styleCode="Italics"> (CLEAR )</content>
</content>
<br></br>
<content ID="ZCCD-Results.Urinalysis.7058">
<content styleCode="Bold">Specific Gravity of Urine by Test Strip </content>1.015 <content styleCode="Italics"> (1.005-1.030 )</content>
</content>
<br></br>
<content ID="ZCCD-Results.Urinalysis.7059">
<content styleCode="Bold">pH of Urine by Test strip </content>5.0 [pH]<content styleCode="Italics"> (5.0-8.0 [pH])</content>
</content>
<br></br>
<content ID="ZCCD-Results.Urinalysis.7060">
<content styleCode="Bold">Glucose [Mass/Urine] in urine by test strip </content>50 mg/dL<content styleCode="Italics"> (Neg mg/dL)</content>
</content>
<br></br>
<content ID="ZCCD-Results.Urinalysis.7061">
<content styleCode="Bold">Ketones [Mass/Urine] in urine by test strip </content>Negative <content styleCode="Italics"> (Negative )</content>
</content>
<br></br>
<content ID="ZCCD-Results.Urinalysis.7062">
<content styleCode="Bold">Protein [Mass/Urine] in urine by test strip </content>100 mg/dL<content styleCode="Italics"> (negative mg/dL)</content>
</content>
</text>
<entry typeCode="DRIV">
<organizer classCode="BATTERY" moodCode="EVN">
<templateId root="2.16.840.1.113883.10.20.22.4.1"></templateId>
<templateId root="2.16.840.1.113883.10.20.22.4.1" extension="2015-08-01"></templateId>
<id root="1.3.6.1.4.1.21367.13.20.1000.1.3.2.6.3" extension="Urinalysis"></id>
<code nullFlavor="NA"></code>
<statusCode code="completed"></statusCode>
<effectiveTime>
<low value="20150622101500-0400"></low>
<high value="20150622101500-0400"></high>
</effectiveTime>
<author>
<templateId root="2.16.840.1.113883.10.20.22.4.119"></templateId>
<time value="20170405222912+0000"></time>
<assignedAuthor>
<id nullFlavor="NI"></id>
<addr nullFlavor="NI"></addr>
<telecom nullFlavor="NI"></telecom>
</assignedAuthor>
</author>
<component>
<observation classCode="OBS" moodCode="EVN">
<templateId root="2.16.840.1.113883.10.20.22.4.2"></templateId>
<templateId root="2.16.840.1.113883.10.20.22.4.2" extension="2015-08-01"></templateId>
<id root="1.3.6.1.4.1.21367.13.20.1000.1.3.2.6.3.1" extension="7056"></id>
<code code="5778-6" codeSystem="2.16.840.1.113883.6.1" codeSystemName="LOINC">
<translation code="Res_UrineCol" codeSystem="1.3.6.1.4.1.21367.13.20.1000.1.3.6.8" codeSystemName="Mainland Health Systems Locally-assigned Results codes"></translation>
</code>
<text>
<reference value="#ZCCD-Results.Urinalysis.7056"></reference>
</text>
<statusCode code="completed"></statusCode>
<effectiveTime value="20150622101500-0400"></effectiveTime>
<value xsi:type="ED" mediaType="text/xml">
<reference value="#ZCCD-Results.Urinalysis.7056"></reference>
</value>
<author>
<templateId root="2.16.840.1.113883.10.20.22.4.119"></templateId>
<time value="20170405222912+0000"></time>
<assignedAuthor>
<id root="2.16.840.1.113883.19.5"></id>
<assignedPerson>
<name>
<prefix>Dr</prefix>
<given>Henry</given>
<family>Seven</family>
<suffix>Dr</suffix>
</name>
</assignedPerson>
<representedOrganization classCode="ORG">
<id root="2.16.840.1.113883.19.5"></id>
<name>Value Labs</name>
<addr>
<streetAddressLine>2474 Rocky Place</streetAddressLine>
<city>Beaverton</city>
<state>OR</state>
<postalCode>97006</postalCode>
</addr>
</representedOrganization>
</assignedAuthor>
</author>
<referenceRange>
<observationRange>
<text>YELLOW</text>
<value xsi:type="IVL_PQ" nullFlavor="NI"></value>
</observationRange>
</referenceRange>
</observation>
</component>
<component>
<observation classCode="OBS" moodCode="EVN">
<templateId root="2.16.840.1.113883.10.20.22.4.2"></templateId>
<templateId root="2.16.840.1.113883.10.20.22.4.2" extension="2015-08-01"></templateId>
<id root="1.3.6.1.4.1.21367.13.20.1000.1.3.2.6.3.1" extension="7057"></id>
<code code="5767-9" codeSystem="2.16.840.1.113883.6.1" codeSystemName="LOINC">
<translation code="Res_UrineApp" codeSystem="1.3.6.1.4.1.21367.13.20.1000.1.3.6.8" codeSystemName="Mainland Health Systems Locally-assigned Results codes"></translation>
</code>
<text>
<reference value="#ZCCD-Results.Urinalysis.7057"></reference>
</text>
<statusCode code="completed"></statusCode>
<effectiveTime value="20150622101500-0400"></effectiveTime>
<value xsi:type="ED" mediaType="text/xml">
<reference value="#ZCCD-Results.Urinalysis.7057"></reference>
</value>
<author>
<templateId root="2.16.840.1.113883.10.20.22.4.119"></templateId>
<time value="20170405222912+0000"></time>
<assignedAuthor>
<id root="2.16.840.1.113883.19.5"></id>
<assignedPerson>
<name>
<prefix>Dr</prefix>
<given>Henry</given>
<family>Seven</family>
<suffix>Dr</suffix>
</name>
</assignedPerson>
<representedOrganization classCode="ORG">
<id root="2.16.840.1.113883.19.5"></id>
<name>Value Labs</name>
<addr>
<streetAddressLine>2474 Rocky Place</streetAddressLine>
<city>Beaverton</city>
<state>OR</state>
<postalCode>97006</postalCode>
</addr>
</representedOrganization>
</assignedAuthor>
</author>
<referenceRange>
<observationRange>
<text>CLEAR</text>
<value xsi:type="IVL_PQ" nullFlavor="NI"></value>
</observationRange>
</referenceRange>
</observation>
</component>
<component>
<observation classCode="OBS" moodCode="EVN">
<templateId root="2.16.840.1.113883.10.20.22.4.2"></templateId>
<templateId root="2.16.840.1.113883.10.20.22.4.2" extension="2015-08-01"></templateId>
<id root="1.3.6.1.4.1.21367.13.20.1000.1.3.2.6.3.1" extension="7058"></id>
<code code="5811-5" codeSystem="2.16.840.1.113883.6.1" codeSystemName="LOINC">
<translation code="Res_UrSpecGrav" codeSystem="1.3.6.1.4.1.21367.13.20.1000.1.3.6.8" codeSystemName="Mainland Health Systems Locally-assigned Results codes"></translation>
</code>
<text>
<reference value="#ZCCD-Results.Urinalysis.7058"></reference>
</text>
<statusCode code="completed"></statusCode>
<effectiveTime value="20150622101500-0400"></effectiveTime>
<value xsi:type="ED" mediaType="text/xml">
<reference value="#ZCCD-Results.Urinalysis.7058"></reference>
</value>
<author>
<templateId root="2.16.840.1.113883.10.20.22.4.119"></templateId>
<time value="20170405222912+0000"></time>
<assignedAuthor>
<id root="2.16.840.1.113883.19.5"></id>
<assignedPerson>
<name>
<prefix>Dr</prefix>
<given>Henry</given>
<family>Seven</family>
<suffix>Dr</suffix>
</name>
</assignedPerson>
<representedOrganization classCode="ORG">
<id root="2.16.840.1.113883.19.5"></id>
<name>Value Labs</name>
<addr>
<streetAddressLine>2474 Rocky Place</streetAddressLine>
<city>Beaverton</city>
<state>OR</state>
<postalCode>97006</postalCode>
</addr>
</representedOrganization>
</assignedAuthor>
</author>
<referenceRange>
<observationRange>
<text>1.005-1.030</text>
<value xsi:type="IVL_PQ">
<low value="1.005"></low>
<high value="1.030"></high>
</value>
</observationRange>
</referenceRange>
</observation>
</component>
<component>
<observation classCode="OBS" moodCode="EVN">
<templateId root="2.16.840.1.113883.10.20.22.4.2"></templateId>
<templateId root="2.16.840.1.113883.10.20.22.4.2" extension="2015-08-01"></templateId>
<id root="1.3.6.1.4.1.21367.13.20.1000.1.3.2.6.3.1" extension="7059"></id>
<code code="5803-2" codeSystem="2.16.840.1.113883.6.1" codeSystemName="LOINC">
<translation code="Res_UrpH" codeSystem="1.3.6.1.4.1.21367.13.20.1000.1.3.6.8" codeSystemName="Mainland Health Systems Locally-assigned Results codes"></translation>
</code>
<text>
<reference value="#ZCCD-Results.Urinalysis.7059"></reference>
</text>
<statusCode code="completed"></statusCode>
<effectiveTime value="20150622101500-0400"></effectiveTime>
<value xsi:type="PQ" value="5.0" unit="[pH]"></value>
<author>
<templateId root="2.16.840.1.113883.10.20.22.4.119"></templateId>
<time value="20170405222912+0000"></time>
<assignedAuthor>
<id root="2.16.840.1.113883.19.5"></id>
<assignedPerson>
<name>
<prefix>Dr</prefix>
<given>Henry</given>
<family>Seven</family>
<suffix>Dr</suffix>
</name>
</assignedPerson>
<representedOrganization classCode="ORG">
<id root="2.16.840.1.113883.19.5"></id>
<name>Value Labs</name>
<addr>
<streetAddressLine>2474 Rocky Place</streetAddressLine>
<city>Beaverton</city>
<state>OR</state>
<postalCode>97006</postalCode>
</addr>
</representedOrganization>
</assignedAuthor>
</author>
<referenceRange>
<observationRange>
<text>5.0-8.0</text>
<value xsi:type="IVL_PQ">
<low value="5.0" unit="[pH]"></low>
<high value="8.0" unit="[pH]"></high>
</value>
</observationRange>
</referenceRange>
</observation>
</component>
<component>
<observation classCode="OBS" moodCode="EVN">
<templateId root="2.16.840.1.113883.10.20.22.4.2"></templateId>
<templateId root="2.16.840.1.113883.10.20.22.4.2" extension="2015-08-01"></templateId>
<id root="1.3.6.1.4.1.21367.13.20.1000.1.3.2.6.3.1" extension="7060"></id>
<code code="5792-7" codeSystem="2.16.840.1.113883.6.1" codeSystemName="LOINC">
<translation code="Res_UrGluc" codeSystem="1.3.6.1.4.1.21367.13.20.1000.1.3.6.8" codeSystemName="Mainland Health Systems Locally-assigned Results codes"></translation>
</code>
<text>
<reference value="#ZCCD-Results.Urinalysis.7060"></reference>
</text>
<statusCode code="completed"></statusCode>
<effectiveTime value="20150622101500-0400"></effectiveTime>
<value xsi:type="PQ" value="50" unit="mg/dL"></value>
<author>
<templateId root="2.16.840.1.113883.10.20.22.4.119"></templateId>
<time value="20170405222912+0000"></time>
<assignedAuthor>
<id root="2.16.840.1.113883.19.5"></id>
<assignedPerson>
<name>
<prefix>Dr</prefix>
<given>Henry</given>
<family>Seven</family>
<suffix>Dr</suffix>
</name>
</assignedPerson>
<representedOrganization classCode="ORG">
<id root="2.16.840.1.113883.19.5"></id>
<name>Value Labs</name>
<addr>
<streetAddressLine>2474 Rocky Place</streetAddressLine>
<city>Beaverton</city>
<state>OR</state>
<postalCode>97006</postalCode>
</addr>
</representedOrganization>
</assignedAuthor>
</author>
<referenceRange>
<observationRange>
<text>Neg</text>
<value xsi:type="IVL_PQ" nullFlavor="NI"></value>
</observationRange>
</referenceRange>
</observation>
</component>
<component>
<observation classCode="OBS" moodCode="EVN">
<templateId root="2.16.840.1.113883.10.20.22.4.2"></templateId>
<templateId root="2.16.840.1.113883.10.20.22.4.2" extension="2015-08-01"></templateId>
<id root="1.3.6.1.4.1.21367.13.20.1000.1.3.2.6.3.1" extension="7061"></id>
<code code="5797-6" codeSystem="2.16.840.1.113883.6.1" codeSystemName="LOINC">
<translation code="Res_UrKet" codeSystem="1.3.6.1.4.1.21367.13.20.1000.1.3.6.8" codeSystemName="Mainland Health Systems Locally-assigned Results codes"></translation>
</code>
<text>
<reference value="#ZCCD-Results.Urinalysis.7061"></reference>
</text>
<statusCode code="completed"></statusCode>
<effectiveTime value="20150622101500-0400"></effectiveTime>
<value xsi:type="ED" mediaType="text/xml">
<reference value="#ZCCD-Results.Urinalysis.7061"></reference>
</value>
<author>
<templateId root="2.16.840.1.113883.10.20.22.4.119"></templateId>
<time value="20170405222912+0000"></time>
<assignedAuthor>
<id root="2.16.840.1.113883.19.5"></id>
<assignedPerson>
<name>
<prefix>Dr</prefix>
<given>Henry</given>
<family>Seven</family>
<suffix>Dr</suffix>
</name>
</assignedPerson>
<representedOrganization classCode="ORG">
<id root="2.16.840.1.113883.19.5"></id>
<name>Value Labs</name>
<addr>
<streetAddressLine>2474 Rocky Place</streetAddressLine>
<city>Beaverton</city>
<state>OR</state>
<postalCode>97006</postalCode>
</addr>
</representedOrganization>
</assignedAuthor>
</author>
<referenceRange>
<observationRange>
<text>Negative</text>
<value xsi:type="IVL_PQ" nullFlavor="NI"></value>
</observationRange>
</referenceRange>
</observation>
</component>
<component>
<observation classCode="OBS" moodCode="EVN">
<templateId root="2.16.840.1.113883.10.20.22.4.2"></templateId>
<templateId root="2.16.840.1.113883.10.20.22.4.2" extension="2015-08-01"></templateId>
<id root="1.3.6.1.4.1.21367.13.20.1000.1.3.2.6.3.1" extension="7062"></id>
<code code="5804-0" codeSystem="2.16.840.1.113883.6.1" codeSystemName="LOINC">
<translation code="Res_UrProt" codeSystem="1.3.6.1.4.1.21367.13.20.1000.1.3.6.8" codeSystemName="Mainland Health Systems Locally-assigned Results codes"></translation>
</code>
<text>
<reference value="#ZCCD-Results.Urinalysis.7062"></reference>
</text>
<statusCode code="completed"></statusCode>
<effectiveTime value="20150622101500-0400"></effectiveTime>
<value xsi:type="PQ" value="100" unit="mg/dL"></value>
<author>
<templateId root="2.16.840.1.113883.10.20.22.4.119"></templateId>
<time value="20170405222912+0000"></time>
<assignedAuthor>
<id root="2.16.840.1.113883.19.5"></id>
<assignedPerson>
<name>
<prefix>Dr</prefix>
<given>Henry</given>
<family>Seven</family>
<suffix>Dr</suffix>
</name>
</assignedPerson>
<representedOrganization classCode="ORG">
<id root="2.16.840.1.113883.19.5"></id>
<name>Value Labs</name>
<addr>
<streetAddressLine>2474 Rocky Place</streetAddressLine>
<city>Beaverton</city>
<state>OR</state>
<postalCode>97006</postalCode>
</addr>
</representedOrganization>
</assignedAuthor>
</author>
<referenceRange>
<observationRange>
<text>negative</text>
<value xsi:type="IVL_PQ" nullFlavor="NI"></value>
</observationRange>
</referenceRange>
</observation>
</component>
</organizer>
</entry>
</section>
</component>
</structuredBody>
</component>
</ClinicalDocument>
