<?xml version="1.0" encoding="UTF-8"?>
<?xml-stylesheet type="text/xsl" href="CHSViewCCD_V002.xsl"?>
<ClinicalDocument xsi:schemaLocation="urn:hl7-org:v3 CDA.xsd" xmlns:xsi="http://www.w3.org/2001/XMLSchema-instance" xmlns="urn:hl7-org:v3" xmlns:voc="urn:hl7-org:v3/voc" xmlns:sdtc="urn:hl7-org:sdtc">
	<realmCode code="US"/>
	<typeId extension="POCD_HD000040" root="2.16.840.1.113883.1.3"/>
	<templateId root="2.16.840.1.113883.10.20.22.1.1"/>
	<templateId root="2.16.840.1.113883.10.20.22.1.1" extension="2015-08-01"/>
	<templateId root="2.16.840.1.113883.10.20.22.1.14" extension="2015-08-01"/>
	<id root="1.3.6.1.4.1.21367.13.20.1000.1.3.8.1.12014"/>
	<code code="57133-1" displayName="Referral Note" codeSystemName="LOINC" codeSystem="2.16.840.1.113883.6.1"/>
	<title>Referral Note13</title>
	<effectiveTime value="20170302023342-0400"/>
	<confidentialityCode code="N" displayName="Normal" codeSystem="2.16.840.1.113883.5.25" codeSystemName="Confidentiality"/>
	<languageCode code="en-US"/>
	<recordTarget>
		<patientRole>
			<id root="1.3.6.1.4.1.21367.13.20.1000.1.3.7.1" extension="259" assigningAuthorityName="W001: Mainland Health Systems Locally-assigned Medical Record Number"/>
			<id root="1.3.6.1.4.1.21367.13.20.1000.1.3.7.4" extension="1" assigningAuthorityName="City General (Cert): Mainland Health Systems Locally-assigned Alternate Visit Identifier"/>
			<id root="1.3.6.1.4.1.21367.13.20.1000.1.3.7.3" extension="3259" assigningAuthorityName="City General (Cert): Mainland Health Systems Locally-assigned Patient Account Number"/>
			<addr use="HP">
				<streetAddressLine>1357 Amber Dr</streetAddressLine>
				<postBox nullFlavor="NI"/>
				<city>Beaverton</city>
				<state>OR</state>
				<postalCode>97006</postalCode>
				<country nullFlavor="NI"/>
			</addr>
			<telecom use="HP" value="tel:555-723-1544"/>
			<telecom use="MC" value="tel:555-777-1234"/>
			<patient>
				<name>
					<prefix nullFlavor="NI"/>
					<given>Jeremy</given>
					<given>V</given>
					<family>Bates</family>
					<suffix>Jr.</suffix>
				</name>
				<administrativeGenderCode code="M" displayName="Male" codeSystem="2.16.840.1.113883.5.1" codeSystemName="AdministrativeGender">
					<translation code="0" displayName="0" codeSystem="1.3.6.1.4.1.21367.13.20.1000.1.3.2.2" codeSystemName="Mainland Health Systems Locally-assigned Gender codes"/>
				</administrativeGenderCode>
				<birthTime value="19800801"/>
				<maritalStatusCode nullFlavor="NI"/>
				<raceCode nullFlavor="UNK">
					<translation code="UNK" displayName="Unknown" codeSystem="2.16.840.1.113883.6.238" codeSystemName="Race &amp; Ethnicity - CDC"/>
				</raceCode>
				<ethnicGroupCode nullFlavor="UNK">
					<translation code="UNK" displayName="Unknown" codeSystem="2.16.840.1.113883.6.238" codeSystemName="Race &amp; Ethnicity - CDC"/>
				</ethnicGroupCode>
				<languageCommunication>
					<languageCode code="EN"/>
					<preferenceInd value="true"/>
				</languageCommunication>
			</patient>
			<providerOrganization>
				<id root="1.3.6.1.4.1.21367.13.20.1000.1.3.6.5" extension="Entity:1002" assigningAuthorityName="Health Enterprise"/>
				<name>City General (Cert)</name>
				<telecom use="WP" value="tel:555-555-1002"/>
				<addr use="WP">
					<streetAddressLine>1002 Healthcare Dr</streetAddressLine>
					<postBox nullFlavor="NI"/>
					<city>Portland</city>
					<state>OR</state>
					<postalCode>97266</postalCode>
					<country>United States</country>
				</addr>
			</providerOrganization>
		</patientRole>
	</recordTarget>
	<author>
		<time value="20170215122331-0500"/>
		<assignedAuthor>
			<id root="1.3.6.1.4.1.21367.13.20.1000.1.3.8.3" extension="MSI:14545465" assigningAuthorityName="City General (Cert)"/>
			<addr nullFlavor="NI"/>
			<telecom nullFlavor="NI"/>
			<assignedPerson>
				<name>
					<prefix nullFlavor="NI"/>
					<given>mitch</given>
					<given nullFlavor="NI"/>
					<family>hoang</family>
					<suffix nullFlavor="NI"/>
				</name>
			</assignedPerson>
		</assignedAuthor>
	</author>
	<custodian>
		<assignedCustodian>
			<representedCustodianOrganization>
				<id nullFlavor="NI"/>
				<name>Health Enterprise</name>
				<telecom value="tel:--6102196300"/>
				<addr>
					<streetAddressLine>53 Valley Stream Parkway</streetAddressLine>
					<postBox nullFlavor="NI"/>
					<city>Malvern</city>
					<state>PA</state>
					<postalCode>19355</postalCode>
					<country>United States</country>
				</addr>
			</representedCustodianOrganization>
		</assignedCustodian>
	</custodian>
	<informationRecipient>
		<intendedRecipient>
			<id root="2.1.5.234.99.1.3.8.2" extension="ID_1"/>
			<addr use="WP">
				<streetAddressLine>78 Office Address</streetAddressLine>
				<postBox nullFlavor="NI"/>
				<city>Philadelphia</city>
				<state nullFlavor="NI"/>
				<postalCode>19113</postalCode>
				<country>United States</country>
			</addr>
			<informationRecipient>
				<name>
					<prefix nullFlavor="NI"/>
					<given>James</given>
					<given nullFlavor="NI"/>
					<family>Whitelock</family>
					<suffix nullFlavor="NI"/>
				</name>
			</informationRecipient>
			<receivedOrganization>
				<name/>
				<telecom nullFlavor="NI"/>
				<addr nullFlavor="NI"/>
			</receivedOrganization>
		</intendedRecipient>
	</informationRecipient>
	<legalAuthenticator>
		<time value="20170215122331-0500"/>
		<signatureCode code="S"/>
		<assignedEntity>
			<id nullFlavor="NI"/>
			<addr nullFlavor="NI"/>
			<telecom nullFlavor="NI"/>
			<assignedPerson>
				<name>
					<prefix nullFlavor="NI"/>
					<given>mitch</given>
					<given nullFlavor="NI"/>
					<family>hoang</family>
					<suffix nullFlavor="NI"/>
				</name>
			</assignedPerson>
		</assignedEntity>
	</legalAuthenticator>
	<participant typeCode="IND">
		<associatedEntity classCode="PRS">
			<code nullFlavor="NI">
				<translation code="PCMH" displayName="Patient Centered Medical Home" codeSystem="1.3.6.1.4.1.21367.13.20.1000.1.3.2.11" codeSystemName="Mainland Health Systems Locally-assigned role codes"/>
			</code>
			<addr use="WP">
				<streetAddressLine>2472 Rocky Place</streetAddressLine>
				<postBox nullFlavor="NI"/>
				<city>Beaverton</city>
				<state nullFlavor="NI"/>
				<postalCode>97006</postalCode>
				<country nullFlavor="NI"/>
			</addr>
			<telecom use="WP" value="tel:555-555-1002"/>
			<associatedPerson>
				<name>
					<prefix nullFlavor="NI"/>
					<given>Tracy</given>
					<family>Davis</family>
					<suffix nullFlavor="NI"/>
				</name>
			</associatedPerson>
		</associatedEntity>
	</participant>
	<participant typeCode="IND">
		<associatedEntity classCode="PRS">
			<code nullFlavor="NI">
				<translation code="GrandParent" displayName="Grand Parent" codeSystem="1.3.6.1.4.1.21367.13.20.1000.1.3.2.11" codeSystemName="Mainland Health Systems Locally-assigned role codes"/>
			</code>
			<addr use="WP">
				<streetAddressLine>1357 Amber Dr</streetAddressLine>
				<postBox nullFlavor="NI"/>
				<city>Beaverton</city>
				<state nullFlavor="NI"/>
				<postalCode>97006</postalCode>
				<country nullFlavor="NI"/>
			</addr>
			<telecom nullFlavor="NI"/>
			<associatedPerson>
				<name>
					<prefix nullFlavor="NI"/>
					<given>Matthew</given>
					<family>Bates</family>
					<suffix nullFlavor="NI"/>
				</name>
			</associatedPerson>
		</associatedEntity>
	</participant>
	<participant typeCode="IND">
		<associatedEntity classCode="PRS">
			<code nullFlavor="NI">
				<translation code="Spouse" displayName="Spouse" codeSystem="1.3.6.1.4.1.21367.13.20.1000.1.3.2.11" codeSystemName="Mainland Health Systems Locally-assigned role codes"/>
			</code>
			<addr use="WP">
				<streetAddressLine>1357 Amber Dr</streetAddressLine>
				<postBox nullFlavor="NI"/>
				<city>Beaverton</city>
				<state nullFlavor="NI"/>
				<postalCode>97006</postalCode>
				<country nullFlavor="NI"/>
			</addr>
			<telecom nullFlavor="NI"/>
			<associatedPerson>
				<name>
					<prefix nullFlavor="NI"/>
					<given>Kathy</given>
					<family>Bates</family>
					<suffix nullFlavor="NI"/>
				</name>
			</associatedPerson>
		</associatedEntity>
	</participant>
	<documentationOf>
		<serviceEvent classCode="PCPR">
			<effectiveTime>
				<low value="20150722135800-0400"/>
				<high nullFlavor="NI"/>
			</effectiveTime>
			<performer typeCode="PRF">
				<functionCode code="PCP" displayName="Primary Care Provider Performer" codeSystem="2.16.840.1.113883.12.443" codeSystemName="Provider Role">
					<originalText>Primary Care Provider</originalText>
				</functionCode>
				<assignedEntity>
					<id root="1.3.6.1.4.1.21367.13.20.1000.1.3.2.10" extension="MSI:000003" assigningAuthorityName="Mainland Health Systems Locally-assigned staff codes"/>
					<addr use="WP">
						<streetAddressLine>2472 Rocky Place</streetAddressLine>
						<postBox nullFlavor="NI"/>
						<city>Beaverton</city>
						<state>OR</state>
						<postalCode>97006</postalCode>
						<country nullFlavor="NI"/>
					</addr>
					<addr use="WP">
						<streetAddressLine>2472 Rocky Place</streetAddressLine>
						<postBox nullFlavor="NI"/>
						<city>Beaverton</city>
						<state nullFlavor="NI"/>
						<postalCode>97006</postalCode>
						<country nullFlavor="NI"/>
					</addr>
					<telecom use="WP" value="tel:555-555-1002"/>
					<assignedPerson>
						<name>
							<prefix>MD</prefix>
							<given>Albert</given>
							<family>Davis</family>
							<suffix>MD</suffix>
						</name>
					</assignedPerson>
				</assignedEntity>
			</performer>
		</serviceEvent>
	</documentationOf>
	<componentOf>
		<encompassingEncounter>
			<id root="2.16.840.1.113883.19" extension="4004"/>
			<effectiveTime>
				<low value="20150722135800-0400"/>
				<high nullFlavor="NI"/>
			</effectiveTime>
			<encounterParticipant typeCode="ATND">
				<assignedEntity>
					<id root="1.3.6.1.4.1.21367.13.20.1000.1.3.2.10" extension="MSI:000003" assigningAuthorityName="Mainland Health Systems Locally-assigned staff codes"/>
					<addr use="WP">
						<streetAddressLine>2472 Rocky Place</streetAddressLine>
						<postBox nullFlavor="NI"/>
						<city>Beaverton</city>
						<state>OR</state>
						<postalCode>97006</postalCode>
						<country nullFlavor="NI"/>
					</addr>
					<telecom use="WP" value="tel:555-555-1002"/>
					<assignedPerson>
						<name>
							<prefix>MD</prefix>
							<given>Albert</given>
							<family>Davis</family>
							<suffix>MD</suffix>
						</name>
					</assignedPerson>
				</assignedEntity>
			</encounterParticipant>
			<encounterParticipant typeCode="CON" nullFlavor="OTH">
				<assignedEntity>
					<id root="1.3.6.1.4.1.21367.13.20.1000.1.3.2.10" extension="MSI:000004" assigningAuthorityName="Mainland Health Systems Locally-assigned staff codes"/>
					<addr use="WP">
						<streetAddressLine>2472 Rocky Place</streetAddressLine>
						<postBox nullFlavor="NI"/>
						<city>Beaverton</city>
						<state>OR</state>
						<postalCode>97006</postalCode>
						<country nullFlavor="NI"/>
					</addr>
					<telecom use="WP" value="tel:555-555-1002"/>
					<assignedPerson>
						<name>
							<prefix nullFlavor="NI"/>
							<given>Tracy</given>
							<family>Davis</family>
							<suffix nullFlavor="NI"/>
						</name>
					</assignedPerson>
				</assignedEntity>
			</encounterParticipant>
			<location>
				<healthCareFacility>
					<id root="1.3.6.1.4.1.21367.13.20.1000.1.3.6.5" extension="MRU:1038" assigningAuthorityName="City General (Cert)"/>
					<location>
						<name>Family Practice</name>
						<addr use="WP">
							<streetAddressLine>1002 Healthcare Dr</streetAddressLine>
							<postBox nullFlavor="NI"/>
							<city>Portland</city>
							<state>OR</state>
							<postalCode>97266</postalCode>
							<country>United States</country>
						</addr>
					</location>
				</healthCareFacility>
			</location>
		</encompassingEncounter>
	</componentOf>
	<!--***********************************************-->
	<!--              CDA Structured Body                 -->
	<!--***********************************************-->
	<component>
		<structuredBody>
			<component>
				<section nullFlavor="NI">
					<templateId root="1.3.6.1.4.1.19376.1.5.3.1.3.5" assigningAuthorityName="CCD"/>
					<templateId root="2.16.840.1.113883.3.88.11.83.121"/>
					<code code="8648-8" displayName="Hospital Course" codeSystem="2.16.840.1.113883.6.1" codeSystemName="LOINC"/>
					<title>Hospital Course</title>
					<text/>
				</section>
			</component>
			<component>
				<section nullFlavor="NI">
					<templateId root="1.3.6.1.4.1.19376.1.5.3.1.3.1"/>
					<templateId root="1.3.6.1.4.1.19376.1.5.3.1.3.1" extension="2014-06-09"/>
					<code code="42349-1" codeSystem="2.16.840.1.113883.6.1" codeSystemName="LOINC" displayName="Reason for Referral"/>
					<title>Reason for Referral</title>
					<!--****  Reason for Referral Section Narrative Block  ****-->
					<text>
						<paragraph>
							<content styleCode="Bold Underline CAPTION"/>
						</paragraph>
						<paragraph/>
						<br/>
					</text>
					<!--****  Reason for Referral Section Structured Body ****-->
				</section>
			</component>
			<component>
				<section>
					<templateId root="2.16.840.1.113883.10.20.22.2.5"/>
					<templateId root="2.16.840.1.113883.10.20.22.2.5" extension="2015-08-01"/>
					<templateId root="2.16.840.1.113883.10.20.22.2.5.1"/>
					<templateId root="2.16.840.1.113883.10.20.22.2.5.1" extension="2015-08-01"/>
					<code code="11450-4" codeSystem="2.16.840.1.113883.6.1"/>
					<title>Problems</title>
					<!--****  Problems Section Narrative Block  ****-->
					<text>
						<content styleCode="Bold">Encounter Diagnosis</content>
						<br/>
						<list listType="unordered">
							<item>
								<content ID="ZProblems.Problems.6887764">Caregiver Annual Health Check Client:Patient, Focus:Self-Awareness, Likelihood:Actual, Onset Date:2015-07-22 00:00:00, Status:Active. </content>
							</item>
						</list>
					</text>
					<!--**** Problems Section Structured Body ****-->
					<entry typeCode="DRIV">
						<act classCode="ACT" moodCode="EVN">
							<templateId root="2.16.840.1.113883.10.20.22.4.3"/>
							<templateId root="2.16.840.1.113883.10.20.22.4.3" extension="2015-08-01"/>
							<id nullFlavor="NI"/>
							<code code="CONC" codeSystem="2.16.840.1.113883.5.6"/>
							<statusCode code="active"/>
							<effectiveTime>
								<low value="20150722"/>
							</effectiveTime>
							<author>
								<templateId root="2.16.840.1.113883.10.20.22.4.119"/>
								<time value="20170207132208+0000"/>
								<assignedAuthor>
									<id nullFlavor="NI"/>
									<addr nullFlavor="NI"/>
									<telecom nullFlavor="NI"/>
								</assignedAuthor>
							</author>
							<entryRelationship typeCode="SUBJ" inversionInd="false">
								<observation classCode="OBS" moodCode="EVN">
									<templateId root="2.16.840.1.113883.10.20.22.4.4"/>
									<templateId root="2.16.840.1.113883.10.20.22.4.4" extension="2015-08-01"/>
									<id root="1.3.6.1.4.1.21367.13.20.1000.1.3.2.6.1" extension="6887764"/>
									<code code="55607006" codeSystem="2.16.840.1.113883.6.96" displayName="Problem" codeSystemName="SNOMED CT">
										<translation code="75326-9" codeSystem="2.16.840.1.113883.6.1" displayName="Problem HL7.CCDAR2" codeSystemName="LOINC"/>
									</code>
									<text>
										<reference value="#ZProblems.Problems.6887764"/>
									</text>
									<statusCode code="completed"/>
									<effectiveTime>
										<low value="20150722"/>
									</effectiveTime>
									<value xsi:type="CD" code="699134002" displayName="Caregiver Annual Health Check" codeSystem="2.16.840.1.113883.6.96" codeSystemName="SNOMED CT"/>
									<entryRelationship typeCode="REFR" inversionInd="false">
										<observation classCode="OBS" moodCode="EVN">
											<templateId root="2.16.840.1.113883.10.20.22.4.6"/>
											<templateId root="2.16.840.1.113883.10.20.22.4.6" extension="2015-08-01"/>
											<code code="33999-4" codeSystem="2.16.840.1.113883.6.1" displayName="Status"/>
											<text>
												<reference value="#ZProblems.Problems.6887764"/>
											</text>
											<statusCode code="completed"/>
											<value xsi:type="CD" code="55561003" displayName="Active" codeSystem="2.16.840.1.113883.6.96" codeSystemName="SNOMED CT">
												<translation xsi:type="CD" code="S75" displayName="Active" codeSystem="1.3.6.1.4.1.21367.13.20.1000.1.11.2" codeSystemName="Mainland Health Systems Locally-assigned Problem status codes from CVE2"/>
											</value>
										</observation>
									</entryRelationship>
								</observation>
							</entryRelationship>
						</act>
					</entry>
				</section>
			</component>
			<component>
				<section>
					<templateId root="2.16.840.1.113883.10.20.22.2.6"/>
					<templateId root="2.16.840.1.113883.10.20.22.2.6" extension="2015-08-01"/>
					<templateId root="2.16.840.1.113883.10.20.22.2.6.1"/>
					<templateId root="2.16.840.1.113883.10.20.22.2.6.1" extension="2015-08-01"/>
					<code code="48765-2" codeSystem="2.16.840.1.113883.6.1" displayName="Allergies and adverse reactions" codeSystemName="LOINC"/>
					<title>Allergies and Intolerances</title>
					<!--****  Alert Section Narrative Block  ****-->
					<text>This section is representative of the current allergy information, at the time of the CCD generation. In the case of regeneration of the CCD, the allergy information may not reflect the state of known allergies at the time of the CCD's subject visit.<br/>
						<br/>
						<list listType="unordered">
							<item>
								<content ID="ZCCD-Allergies.CCD-Allergies.NoLatex">No Latex Allergy.</content>
							</item>
							<item>
								<content ID="ZCCD-Allergies.CCD-Allergies.NoContrast">No IV Contrast Allergy.</content>
							</item>
							<item>
								<content ID="ZCCD-Allergies.CCD-Allergies.NKDA">No Known Drug Allergies.</content>
							</item>
							<item>
								<content ID="ZCCD-Allergies.CCD-Allergies.NKFA">No Known Food Allergies.</content>
							</item>
							<item>
								<content ID="ZCCD-Allergies.CCD-Allergies.NKA">No Known Allergies.</content>
							</item>
						</list>
					</text>
					<!--**** Alert Section Structured Body ****-->
					<entry typeCode="DRIV">
						<act classCode="ACT" moodCode="EVN">
							<templateId root="2.16.840.1.113883.10.20.22.4.30"/>
							<templateId root="2.16.840.1.113883.10.20.22.4.30" extension="2015-08-01"/>
							<id root="1.3.6.1.4.1.21367.13.20.1000.1.3.2.6.2" extension="NKA"/>
							<code code="CONC" codeSystem="2.16.840.1.113883.5.6" codeSystemName="HL7ActClass"/>
							<statusCode code="active"/>
							<effectiveTime>
								<low nullFlavor="UNK"/>
							</effectiveTime>
							<author>
								<templateId root="2.16.840.1.113883.10.20.22.4.119"/>
								<time value="20160921125457+0000"/>
								<assignedAuthor>
									<id nullFlavor="NI"/>
									<addr nullFlavor="NI"/>
									<telecom nullFlavor="NI"/>
								</assignedAuthor>
							</author>
							<entryRelationship typeCode="SUBJ" inversionInd="false">
								<observation classCode="OBS" moodCode="EVN" negationInd="true">
									<templateId root="2.16.840.1.113883.10.20.22.4.7"/>
									<templateId root="2.16.840.1.113883.10.20.22.4.7" extension="2014-06-09"/>
									<id root="1.3.6.1.4.1.21367.13.20.1000.1.3.2.6.2" extension="NKA"/>
									<code code="ASSERTION" codeSystem="2.16.840.1.113883.5.4"/>
									<statusCode code="completed"/>
									<effectiveTime>
										<low nullFlavor="UNK"/>
									</effectiveTime>
									<value xsi:type="CD" code="419199007" displayName="Allergy to Substance" codeSystem="2.16.840.1.113883.6.96" codeSystemName="SNOMED CT"/>
									<participant typeCode="CSM">
										<participantRole classCode="MANU">
											<playingEntity classCode="MMAT">
												<code nullFlavor="NAV">
													<translation code="NRS_AL_NKACODE" displayName="NKA" codeSystem="1.3.6.1.4.1.21367.13.20.1000.1.3.3.1" codeSystemName="Mainland Health Systems Locally-assigned Allergy Indicator codes"/>
												</code>
											</playingEntity>
										</participantRole>
									</participant>
								</observation>
							</entryRelationship>
						</act>
					</entry>
					<entry typeCode="DRIV">
						<act classCode="ACT" moodCode="EVN">
							<templateId root="2.16.840.1.113883.10.20.22.4.30"/>
							<templateId root="2.16.840.1.113883.10.20.22.4.30" extension="2015-08-01"/>
							<id root="1.3.6.1.4.1.21367.13.20.1000.1.3.2.6.2" extension="NKDA"/>
							<code code="CONC" codeSystem="2.16.840.1.113883.5.6" codeSystemName="HL7ActClass"/>
							<statusCode code="active"/>
							<effectiveTime>
								<low nullFlavor="UNK"/>
							</effectiveTime>
							<author>
								<templateId root="2.16.840.1.113883.10.20.22.4.119"/>
								<time value="20160921125457+0000"/>
								<assignedAuthor>
									<id nullFlavor="NI"/>
									<addr nullFlavor="NI"/>
									<telecom nullFlavor="NI"/>
								</assignedAuthor>
							</author>
							<entryRelationship typeCode="SUBJ" inversionInd="false">
								<observation classCode="OBS" moodCode="EVN" negationInd="true">
									<templateId root="2.16.840.1.113883.10.20.22.4.7"/>
									<templateId root="2.16.840.1.113883.10.20.22.4.7" extension="2014-06-09"/>
									<id root="1.3.6.1.4.1.21367.13.20.1000.1.3.2.6.2" extension="NKDA"/>
									<code code="ASSERTION" codeSystem="2.16.840.1.113883.5.4"/>
									<statusCode code="completed"/>
									<effectiveTime>
										<low nullFlavor="UNK"/>
									</effectiveTime>
									<value xsi:type="CD" code="416098002" displayName="Drug allergy (disorder)" codeSystem="2.16.840.1.113883.6.96" codeSystemName="SNOMED CT"/>
									<participant typeCode="CSM">
										<participantRole classCode="MANU">
											<playingEntity classCode="MMAT">
												<code nullFlavor="NAV">
													<translation code="NRS_AL_NKDACODE" displayName="NKDA" codeSystem="1.3.6.1.4.1.21367.13.20.1000.1.3.3.1" codeSystemName="Mainland Health Systems Locally-assigned Allergy Indicator codes"/>
												</code>
											</playingEntity>
										</participantRole>
									</participant>
								</observation>
							</entryRelationship>
						</act>
					</entry>
					<entry typeCode="DRIV">
						<act classCode="ACT" moodCode="EVN">
							<templateId root="2.16.840.1.113883.10.20.22.4.30"/>
							<templateId root="2.16.840.1.113883.10.20.22.4.30" extension="2015-08-01"/>
							<id root="1.3.6.1.4.1.21367.13.20.1000.1.3.2.6.2" extension="NKFA"/>
							<code code="CONC" codeSystem="2.16.840.1.113883.5.6" codeSystemName="HL7ActClass"/>
							<statusCode code="active"/>
							<effectiveTime>
								<low nullFlavor="UNK"/>
							</effectiveTime>
							<author>
								<templateId root="2.16.840.1.113883.10.20.22.4.119"/>
								<time value="20160921125457+0000"/>
								<assignedAuthor>
									<id nullFlavor="NI"/>
									<addr nullFlavor="NI"/>
									<telecom nullFlavor="NI"/>
								</assignedAuthor>
							</author>
							<entryRelationship typeCode="SUBJ" inversionInd="false">
								<observation classCode="OBS" moodCode="EVN" negationInd="true">
									<templateId root="2.16.840.1.113883.10.20.22.4.7"/>
									<templateId root="2.16.840.1.113883.10.20.22.4.7" extension="2014-06-09"/>
									<id root="1.3.6.1.4.1.21367.13.20.1000.1.3.2.6.2" extension="NKFA"/>
									<code code="ASSERTION" codeSystem="2.16.840.1.113883.5.4"/>
									<statusCode code="completed"/>
									<effectiveTime>
										<low nullFlavor="UNK"/>
									</effectiveTime>
									<value xsi:type="CD" code="414285001" displayName="Food Allergy (disorder)" codeSystem="2.16.840.1.113883.6.96" codeSystemName="SNOMED CT"/>
									<participant typeCode="CSM">
										<participantRole classCode="MANU">
											<playingEntity classCode="MMAT">
												<code nullFlavor="NAV">
													<translation code="NRS_AL_NKFACODE" displayName="NKFA" codeSystem="1.3.6.1.4.1.21367.13.20.1000.1.3.3.1" codeSystemName="Mainland Health Systems Locally-assigned Allergy Indicator codes"/>
												</code>
											</playingEntity>
										</participantRole>
									</participant>
								</observation>
							</entryRelationship>
						</act>
					</entry>
					<entry typeCode="DRIV">
						<act classCode="ACT" moodCode="EVN">
							<templateId root="2.16.840.1.113883.10.20.22.4.30"/>
							<templateId root="2.16.840.1.113883.10.20.22.4.30" extension="2015-08-01"/>
							<id root="1.3.6.1.4.1.21367.13.20.1000.1.3.2.6.2" extension="NoLatex"/>
							<code code="CONC" codeSystem="2.16.840.1.113883.5.6" codeSystemName="HL7ActClass"/>
							<statusCode code="active"/>
							<effectiveTime>
								<low nullFlavor="UNK"/>
							</effectiveTime>
							<author>
								<templateId root="2.16.840.1.113883.10.20.22.4.119"/>
								<time value="20160921125457+0000"/>
								<assignedAuthor>
									<id nullFlavor="NI"/>
									<addr nullFlavor="NI"/>
									<telecom nullFlavor="NI"/>
								</assignedAuthor>
							</author>
							<entryRelationship typeCode="SUBJ" inversionInd="false">
								<observation classCode="OBS" moodCode="EVN" negationInd="true">
									<templateId root="2.16.840.1.113883.10.20.22.4.7"/>
									<templateId root="2.16.840.1.113883.10.20.22.4.7" extension="2014-06-09"/>
									<id root="1.3.6.1.4.1.21367.13.20.1000.1.3.2.6.2" extension="NoLatex"/>
									<code code="ASSERTION" codeSystem="2.16.840.1.113883.5.4"/>
									<statusCode code="completed"/>
									<effectiveTime>
										<low nullFlavor="UNK"/>
									</effectiveTime>
									<value xsi:type="CD" code="416098002" displayName="Drug allergy (disorder)" codeSystem="2.16.840.1.113883.6.96" codeSystemName="SNOMED CT"/>
									<participant typeCode="CSM">
										<participantRole classCode="MANU">
											<playingEntity classCode="MMAT">
												<code nullFlavor="NAV">
													<originalText>
														<reference value="#ZCCD-Allergies.CCD-Allergies.NoLatex"/>
													</originalText>
													<translation code="8921" displayName="Latex" codeSystem="2.16.840.1.113883.6.63" codeSystemName="FDDC"/>
													<translation code="2LQ0UUW8IN" displayName="Natural Latex Rubber" codeSystem="2.16.840.1.113883.4.9" codeSystemName="UNII"/>
													<translation code="300916003" displayName=" Latex allergy" codeSystem="2.16.840.1.113883.6.96" codeSystemName="SNOMED CT"/>
												</code>
											</playingEntity>
										</participantRole>
									</participant>
								</observation>
							</entryRelationship>
						</act>
					</entry>
					<entry typeCode="DRIV">
						<act classCode="ACT" moodCode="EVN">
							<templateId root="2.16.840.1.113883.10.20.22.4.30"/>
							<templateId root="2.16.840.1.113883.10.20.22.4.30" extension="2015-08-01"/>
							<id root="1.3.6.1.4.1.21367.13.20.1000.1.3.2.6.2" extension="NoContrast"/>
							<code code="CONC" codeSystem="2.16.840.1.113883.5.6" codeSystemName="HL7ActClass"/>
							<statusCode code="active"/>
							<effectiveTime>
								<low nullFlavor="UNK"/>
							</effectiveTime>
							<author>
								<templateId root="2.16.840.1.113883.10.20.22.4.119"/>
								<time value="20160921125457+0000"/>
								<assignedAuthor>
									<id nullFlavor="NI"/>
									<addr nullFlavor="NI"/>
									<telecom nullFlavor="NI"/>
								</assignedAuthor>
							</author>
							<entryRelationship typeCode="SUBJ" inversionInd="false">
								<observation classCode="OBS" moodCode="EVN" negationInd="true">
									<templateId root="2.16.840.1.113883.10.20.22.4.7"/>
									<templateId root="2.16.840.1.113883.10.20.22.4.7" extension="2014-06-09"/>
									<id root="1.3.6.1.4.1.21367.13.20.1000.1.3.2.6.2" extension="NoContrast"/>
									<code code="ASSERTION" codeSystem="2.16.840.1.113883.5.4"/>
									<statusCode code="completed"/>
									<effectiveTime>
										<low nullFlavor="UNK"/>
									</effectiveTime>
									<value xsi:type="CD" code="416098002" displayName="Drug allergy (disorder)" codeSystem="2.16.840.1.113883.6.96" codeSystemName="SNOMED CT"/>
									<participant typeCode="CSM">
										<participantRole classCode="MANU">
											<playingEntity classCode="MMAT">
												<code nullFlavor="NAV">
													<originalText>
														<reference value="#ZCCD-Allergies.CCD-Allergies.NoContrast"/>
													</originalText>
													<translation code="7" displayName="Contrast" codeSystem="2.16.840.1.113883.6.63" codeSystemName="FDDC"/>
												</code>
											</playingEntity>
										</participantRole>
									</participant>
								</observation>
							</entryRelationship>
						</act>
					</entry>
				</section>
			</component>
			<component>
				<section nullFlavor="NI">
					<templateId root="2.16.840.1.113883.10.20.22.2.2"/>
					<templateId root="2.16.840.1.113883.10.20.22.2.2" extension="2015-08-01"/>
					<templateId root="2.16.840.1.113883.10.20.22.2.2.1"/>
					<templateId root="2.16.840.1.113883.10.20.22.2.2.1" extension="2015-08-01"/>
					<code code="11369-6" codeSystem="2.16.840.1.113883.6.1" displayName="History of immunizations" codeSystemName="LOINC"/>
					<title>Immunizations</title>
					<!--****  Immunizations Section Narrative Block  ****-->
					<text>
						<paragraph>
							<content ID="ZImmunizations.Immunizations.ORD-PHL02-NO-DATA">No immunizations administered or ordered.</content>
						</paragraph>
					</text>
					<!--****  Immunizations Section Structured Body ****-->
				</section>
			</component>
			<component>
				<section nullFlavor="NI">
					<templateId root="2.16.840.1.113883.10.20.22.2.1"/>
					<templateId root="2.16.840.1.113883.10.20.22.2.1" extension="2014-06-09"/>
					<templateId root="2.16.840.1.113883.10.20.22.2.1.1"/>
					<templateId root="2.16.840.1.113883.10.20.22.2.1.1" extension="2014-06-09"/>
					<code code="10160-0" codeSystem="2.16.840.1.113883.6.1" displayName="History of medication use" codeSystemName="LOINC"/>
					<title>Medication</title>
					<!--****  Medications Section Narrative Block  ****-->
					<text>
						<paragraph>
							<content ID="ZDischargeMeds.DischargeMeds.0">Medication reconciliation has not been performed.</content>
						</paragraph>
					</text>
					<!--There are no relevant content available in this section -->
				</section>
			</component>
			<component>
				<section nullFlavor="NI">
					<templateId root="2.16.840.1.113883.10.20.22.2.7"/>
					<templateId root="2.16.840.1.113883.10.20.22.2.7" extension="2014-06-09"/>
					<templateId root="2.16.840.1.113883.10.20.22.2.7.1"/>
					<templateId root="2.16.840.1.113883.10.20.22.2.7.1" extension="2014-06-09"/>
					<code code="47519-4" displayName="History of procedures" codeSystem="2.16.840.1.113883.6.1" codeSystemName="LOINC"/>
					<title>Procedures</title>
					<!--****  Procedures Section Narrative Block  ****-->
					<text>
						<paragraph>
							<content ID="ZCCDProcedureList.CCDProcedureList.ORD-PHL04-NO-DATA">No relevant procedures performed.</content>
						</paragraph>
					</text>
					<!--There are no relevant content available in this section -->
				</section>
			</component>
			<component>
				<section nullFlavor="NI">
					<templateId root="2.16.840.1.113883.10.20.22.2.23" extension="2014-06-09"/>
					<code code="46264-8" codeSystem="2.16.840.1.113883.6.1" codeSystemName="LOINC" displayName="Medical Equipment"/>
					<title>Medical Equipment Section</title>
					<text>
						<paragraph>
							<content styleCode="Bold Underline CAPTION"/>
						</paragraph>
						<paragraph>
							<content ID="ORD_PHL07_NO_DATA">No implantable medical devices are associated with this visit. </content>
						</paragraph>
					</text>
				</section>
			</component>
			<component>
				<section>
					<templateId root="2.16.840.1.113883.10.20.22.2.17"/>
					<templateId root="2.16.840.1.113883.10.20.22.2.17" extension="2015-08-01"/>
					<code code="29762-2" codeSystemName="LOINC" codeSystem="2.16.840.1.113883.6.1" displayName="Social History"/>
					<title>Social History</title>
					<text>
						<paragraph>
							<content styleCode="Bold Underline CAPTION">Soacial History from 7/22/2015 2:10 PM:</content>
						</paragraph>
						<list listType="unordered" ID="ZSocial-History.CLX-Social-Hx_FS.47423.19311">
							<item>Birth Sex : Male</item>
						</list>
						<br/>
					</text>
					<entry typeCode="DRIV">
						<observation classCode="OBS" moodCode="EVN">
							<templateId root="2.16.840.1.113883.10.20.22.4.78"/>
							<templateId root="2.16.840.1.113883.10.20.22.4.78" extension="2014-06-09"/>
							<id extension="0" root="1.3.6.1.4.1.21367.13.20.1000.1.3.6.9"/>
							<code code="72166-2" codeSystem="2.16.840.1.113883.6.1" codeSystemName="LOINC(R)"/>
							<statusCode code="completed"/>
							<effectiveTime nullFlavor="UNK"/>
							<value xsi:type="CD" code="266927001" displayName="Unknown if ever smoked" codeSystem="2.16.840.1.113883.6.96"/>
							<author>
								<templateId root="2.16.840.1.113883.10.20.22.4.119"/>
								<time value="20170302012547+0000"/>
								<assignedAuthor>
									<id nullFlavor="NI"/>
									<addr nullFlavor="NI"/>
									<telecom nullFlavor="NI"/>
								</assignedAuthor>
							</author>
						</observation>
					</entry>
				</section>
			</component>
			<component>
				<section nullFlavor="NI">
					<templateId root="2.16.840.1.113883.10.20.22.2.56"/>
					<templateId root="2.16.840.1.113883.10.20.22.2.56" extension="2015-08-01"/>
					<code code="10190-7" codeSystem="2.16.840.1.113883.6.1" codeSystemName="LOINC" displayName="Mental Status"/>
					<title>Mental Status</title>
					<text>
						<br/>
					</text>
				</section>
			</component>
			<component>
				<section nullFlavor="NI">
					<templateId root="2.16.840.1.113883.10.20.22.2.14"/>
					<templateId root="2.16.840.1.113883.10.20.22.2.14" extension="2014-06-09"/>
					<code code="47420-5" codeSystem="2.16.840.1.113883.6.1" codeSystemName="LOINC" displayName="Functional Status"/>
					<title>Functional Status</title>
					<text>
						<br/>
					</text>
				</section>
			</component>
			<component>
				<section>
					<templateId root="2.16.840.1.113883.10.20.22.2.4"/>
					<templateId root="2.16.840.1.113883.10.20.22.2.4" extension="2015-08-01"/>
					<templateId root="2.16.840.1.113883.10.20.22.2.4.1"/>
					<templateId root="2.16.840.1.113883.10.20.22.2.4.1" extension="2015-08-01"/>
					<code code="8716-3" codeSystem="2.16.840.1.113883.6.1" codeSystemName="LOINC" displayName="Vital Signs"/>
					<title>Vital Signs</title>
					<text>
						<paragraph>
							<content styleCode="Bold Underline CAPTION">Vital   Signs from 7/22/2015 2:22 PM:</content>
						</paragraph>
						<list listType="unordered" ID="ZVitalSigns.CLX-MU3Vitals.37505.6346">
							<item>Blood Pressure : 145/88</item>
						</list>
						<list listType="unordered" ID="ZVitalSigns.CLX-MU3Vitals.37505.11432">
							<item>Height : 177/ cm</item>
						</list>
						<list listType="unordered" ID="ZVitalSigns.CLX-MU3Vitals.37505.11431">
							<item>Weight : 88/ kg</item>
						</list>
						<br/>
					</text>
					<entry typeCode="DRIV">
						<organizer classCode="CLUSTER" moodCode="EVN">
							<templateId root="2.16.840.1.113883.10.20.22.4.26"/>
							<templateId root="2.16.840.1.113883.10.20.22.4.26" extension="2015-08-01"/>
							<id nullFlavor="NA"/>
							<code code="46680005" codeSystem="2.16.840.1.113883.6.96" codeSystemName="SNOMED CT" displayName="Vital signs">
								<translation code="74728-7" codeSystem="2.16.840.1.113883.6.1" codeSystemName="LOINC" displayName="Vital signs"/>
							</code>
							<statusCode code="completed"/>
							<effectiveTime>
								<low value="20150722142200-0400"/>
								<high value="20160921092200-0400"/>
							</effectiveTime>
							<component>
								<observation classCode="OBS" moodCode="EVN">
									<templateId root="2.16.840.1.113883.10.20.22.4.27"/>
									<templateId root="2.16.840.1.113883.10.20.22.4.27" extension="2014-06-09"/>
									<id root="1.3.6.1.4.1.21367.13.20.1000.1.3.2.6.6.7" extension="6346"/>
									<code code="8462-4" codeSystem="2.16.840.1.113883.6.1" codeSystemName="LOINC">
										<translation code="A_BP" displayName="Blood Pressure" codeSystem="1.3.6.1.4.1.21367.13.20.1000.1.3.6.10" codeSystemName="Mainland Health Systems Locally-assigned Vital Signs codes"/>
									</code>
									<statusCode code="completed"/>
									<effectiveTime value="20160921092200-0400"/>
									<value xsi:type="PQ" value="145" unit="mm[Hg]"/>
									<author>
										<templateId root="2.16.840.1.113883.10.20.22.4.119"/>
										<time value="20160921132616+0000"/>
										<assignedAuthor>
											<id root="1.3.6.1.4.1.21367.13.20.1000.1.3.8.3" extension="102001"/>
											<assignedPerson>
												<name>
													<given>mitch</given>
													<family>hoang</family>
												</name>
											</assignedPerson>
										</assignedAuthor>
									</author>
								</observation>
							</component>
							<component>
								<observation classCode="OBS" moodCode="EVN">
									<templateId root="2.16.840.1.113883.10.20.22.4.27"/>
									<templateId root="2.16.840.1.113883.10.20.22.4.27" extension="2014-06-09"/>
									<id root="1.3.6.1.4.1.21367.13.20.1000.1.3.2.6.6.7" extension="6346"/>
									<code code="8480-6" codeSystem="2.16.840.1.113883.6.1" codeSystemName="LOINC">
										<translation code="A_BP" displayName="Blood Pressure" codeSystem="1.3.6.1.4.1.21367.13.20.1000.1.3.6.10" codeSystemName="Mainland Health Systems Locally-assigned Vital Signs codes"/>
									</code>
									<statusCode code="completed"/>
									<effectiveTime value="20160921092200-0400"/>
									<value xsi:type="PQ" value="88" unit="mm[Hg]"/>
									<author>
										<templateId root="2.16.840.1.113883.10.20.22.4.119"/>
										<time value="20160921132616+0000"/>
										<assignedAuthor>
											<id root="1.3.6.1.4.1.21367.13.20.1000.1.3.8.3" extension="102001"/>
											<assignedPerson>
												<name>
													<given>mitch</given>
													<family>hoang</family>
												</name>
											</assignedPerson>
										</assignedAuthor>
									</author>
								</observation>
							</component>
							<component>
								<observation classCode="OBS" moodCode="EVN">
									<templateId root="2.16.840.1.113883.10.20.22.4.27"/>
									<templateId root="2.16.840.1.113883.10.20.22.4.27" extension="2014-06-09"/>
									<id root="1.3.6.1.4.1.21367.13.20.1000.1.3.2.6.6.7" extension="11431"/>
									<code code="29463-7" codeSystem="2.16.840.1.113883.6.1" codeSystemName="LOINC">
										<translation code="Wt" displayName="Weight" codeSystem="1.3.6.1.4.1.21367.13.20.1000.1.3.6.10" codeSystemName="Mainland Health Systems Locally-assigned Vital Signs codes"/>
									</code>
									<statusCode code="completed"/>
									<effectiveTime value="20150722142200-0400"/>
									<value xsi:type="PQ" value="88.000000" unit="kg"/>
									<author>
										<templateId root="2.16.840.1.113883.10.20.22.4.119"/>
										<time value="20161024201722+0000"/>
										<assignedAuthor>
											<id root="1.3.6.1.4.1.21367.13.20.1000.1.3.8.3" extension="102001"/>
											<assignedPerson>
												<name>
													<given>mitch</given>
													<family>hoang</family>
												</name>
											</assignedPerson>
										</assignedAuthor>
									</author>
								</observation>
							</component>
							<component>
								<observation classCode="OBS" moodCode="EVN">
									<templateId root="2.16.840.1.113883.10.20.22.4.27"/>
									<templateId root="2.16.840.1.113883.10.20.22.4.27" extension="2014-06-09"/>
									<id root="1.3.6.1.4.1.21367.13.20.1000.1.3.2.6.6.7" extension="11432"/>
									<code code="8302-2" codeSystem="2.16.840.1.113883.6.1" codeSystemName="LOINC">
										<translation code="Ht" displayName="Height" codeSystem="1.3.6.1.4.1.21367.13.20.1000.1.3.6.10" codeSystemName="Mainland Health Systems Locally-assigned Vital Signs codes"/>
									</code>
									<statusCode code="completed"/>
									<effectiveTime value="20150722142200-0400"/>
									<value xsi:type="PQ" value="176.999998" unit="cm"/>
									<author>
										<templateId root="2.16.840.1.113883.10.20.22.4.119"/>
										<time value="20161024201722+0000"/>
										<assignedAuthor>
											<id root="1.3.6.1.4.1.21367.13.20.1000.1.3.8.3" extension="102001"/>
											<assignedPerson>
												<name>
													<given>mitch</given>
													<family>hoang</family>
												</name>
											</assignedPerson>
										</assignedAuthor>
									</author>
								</observation>
							</component>
						</organizer>
					</entry>
				</section>
			</component>
			<component>
				<section>
					<templateId root="2.16.840.1.113883.10.20.22.2.9"/>
					<templateId root="2.16.840.1.113883.10.20.22.2.9" extension="2014-06-09"/>
					<code code="51847-2" codeSystem="2.16.840.1.113883.6.1" codeSystemName="LOINC" displayName="Assessment and Plan"/>
					<title>Assessment and Plan</title>
					<text>
						<paragraph>
							<content styleCode="Bold Underline CAPTION">Assessment from 7/22/2015 2:22 PM:</content>
						</paragraph>
						<list listType="unordered" ID="ZAssessmentAndPlan.MU3-Assessment.37505.6348">
							<item>Assessment : <paragraph>The patient was found to be healthy and advised to follow his current routine of exercise, work, sleep and quality of life.</paragraph>
							</item>
						</list>
						<paragraph>
							<content styleCode="Bold Underline CAPTION">Plan of Treatment from 6/22/2015 10:45 AM:</content>
						</paragraph>
						<list listType="unordered" ID="ZAssessmentAndPlan.MU3_Plan.37473.6058">
							<item>Treatment Plan : <paragraph>Schedule a visit for next year.</paragraph>
							</item>
						</list>
						<br/>
					</text>
				</section>
			</component>
			<component>
				<section>
					<templateId root="2.16.840.1.113883.10.20.22.2.58" extension="2015-08-01"/>
					<code code="75310-3" codeSystem="2.16.840.1.113883.6.1" codeSystemName="LOINC" displayName="Health Concerns"/>
					<title>Health Concerns</title>
					<text>
						<br/>
					</text>
					<entry>
						<act classCode="ACT" moodCode="EVN">
							<templateId root="2.16.840.1.113883.10.20.22.4.132" extension="2015-08-01"/>
							<id root="HealthConcerns"/>
							<code code="75310-3" codeSystem="2.16.840.1.113883.6.1" codeSystemName="LOINC" displayName="Health Concern"/>
							<statusCode code="active"/>
						</act>
					</entry>
				</section>
			</component>
			<component>
				<section nullFlavor="NI">
					<templateId root="2.16.840.1.113883.10.20.22.2.60"/>
					<code code="61146-7" codeSystem="2.16.840.1.113883.6.1" codeSystemName="LOINC" displayName="Goals"/>
					<title>Goals</title>
					<text>
						<br/>
					</text>
				</section>
			</component>
			<component>
				<section nullFlavor="NI">
					<templateId root="2.16.840.1.113883.10.20.22.2.41"/>
					<code code="8653-8" codeSystem="2.16.840.1.113883.6.1" codeSystemName="LOINC" displayName="Hospital Discharge Instructions"/>
					<title>Hospital Discharge Instructions</title>
					<text>
						<br/>
					</text>
				</section>
			</component>
			<component>
				<section nullFlavor="NI">
					<templateId root="2.16.840.1.113883.10.20.22.2.3"/>
					<templateId root="2.16.840.1.113883.10.20.22.2.3" extension="2015-08-01"/>
					<templateId root="2.16.840.1.113883.10.20.22.2.3.1"/>
					<templateId root="2.16.840.1.113883.10.20.22.2.3.1" extension="2015-08-01"/>
					<code code="30954-2" codeSystem="2.16.840.1.113883.6.1"/>
					<title>Results</title>
					<text>
						<br/>Lab results are displayed in the following format if available:   Test Name, Test Value, Value Unit, Reference Range - (exception is microbiology results)<br/>Example 1:  Sodium   145 mEq/L   (136-145 mEq/L)    Example 2:  Potassium:  3.4 mEq/L  (Reference Range: not available)<br/>
						<br/>
					</text>
				</section>
			</component>
		</structuredBody>
	</component>
</ClinicalDocument>
