<?xml version="1.0" encoding="utf-8"?>
<ClinicalDocument xmlns="urn:hl7-org:v3" xmlns:sdtc="urn:hl7-org:sdtc" xmlns:xsi="http://www.w3.org/2001/XMLSchema-instance" xmlns:xs="http://www.w3.org/2001/XMLSchema" xmlns:fn="http://www.w3.org/2005/xpath-functions">
  <realmCode code="US" />
  <typeId root="2.16.840.1.113883.1.3" extension="POCD_HD000040" />
  <templateId root="2.16.840.1.113883.10.20.22.1.1" extension="2015-08-01" />
  <templateId root="2.16.840.1.113883.10.20.22.1.1" />
  <templateId root="2.16.840.1.113883.10.20.22.1.2" extension="2015-08-01" />
  <templateId root="2.16.840.1.113883.10.20.22.1.2" />
  <id root="2.16.840.1.113883.3.669" extension="b55df8e1-5808-4935-9933-0b74595091e5" />
  <code code="34133-9" displayName="Summarization of Episode Note" codeSystemName="LOINC" codeSystem="2.16.840.1.113883.6.1" />
  <title>Jeremy Bates Ambulatory Summary</title>
  <effectiveTime value="20170201110251-0500" />
  <confidentialityCode code="N" displayName="Normal Sharing" codeSystem="2.16.840.1.113883.5.25" codeSystemName="HL7 Confidentiality" />
  <languageCode code="en-US" />
  <recordTarget>
    <patientRole>
      <id extension="217" root="2.16.840.1.113883.3.669" />
      <addr>
        <streetAddressLine>1357, Amber Dr</streetAddressLine>
        <city>BEAVERTON</city>
        <state>OR</state>
        <postalCode>97006</postalCode>
        <country>US</country>
      </addr>
      <telecom value="tel:+1-555-723-1544" use="HP" />
      <telecom value="tel:+1-555-777-1234" use="MC" />
      <patient>
        <name use="L">
          <suffix>Jr</suffix>
          <given qualifier="CL">Jeremy</given>
          <given>V</given>
          <family>Bates</family>
        </name>
        <administrativeGenderCode code="M" displayName="Male" codeSystemName="HL7 AdministrativeGenderCodes" codeSystem="2.16.840.1.113883.5.1">
          <originalText>AdministrativeGender codes are: M (Male), F (Female) or UNK (Unknown).</originalText>
        </administrativeGenderCode>
        <birthTime value="19800801" />
        <maritalStatusCode code="M" displayName="Married" codeSystemName="MaritalStatusCode" codeSystem="2.16.840.1.113883.5.2" />
        <raceCode nullFlavor="UNK" />
        <ethnicGroupCode nullFlavor="UNK" />
        <languageCommunication>
          <languageCode code="en" />
          <preferenceInd value="true" />
        </languageCommunication>
      </patient>
      <providerOrganization>
        <id root="2.16.840.1.113883.3.669" extension="0001" />
        <name>Neighborhood Physcians Practice</name>
        <telecom value="tel:+1-555-555-1002" use="WP" />
        <addr>
          <streetAddressLine>2472, Rocky Place</streetAddressLine>
          <city>BEAVERTON</city>
          <state>OR</state>
          <postalCode>97006</postalCode>
          <country>US</country>
        </addr>
      </providerOrganization>
    </patientRole>
  </recordTarget>
  <author>
    <time value="20170201110251-0000" />
    <assignedAuthor>
      <id extension="1912968298" root="2.16.840.1.113883.4.6" />
      <code code="208D00000X" displayName="GENERAL PRACTICE" codeSystemName="NUCC Provider Codes" codeSystem="2.16.840.1.113883.6.101" />
      <addr>
        <streetAddressLine>2472 Rocky Place</streetAddressLine>
        <city>BEAVERTON</city>
        <state>OR</state>
        <postalCode>97006</postalCode>
        <country>US</country>
      </addr>
      <telecom value="tel:+1-555-555-1002" use="WP" />
      <assignedPerson>
        <name use="L">
          <prefix>Dr.</prefix>
          <given>Albert</given>
          <family>Davis</family>
        </name>
      </assignedPerson>
    </assignedAuthor>
  </author>
  <informant>
    <assignedEntity>
      <id root="2.16.840.1.113883.3.669" extension="4" />
      <addr>
        <streetAddressLine>2472 Rocky Place</streetAddressLine>
        <city>BEAVERTON</city>
        <state>OR</state>
        <postalCode>97006</postalCode>
        <country>US</country>
      </addr>
      <telecom value="tel:+1-555-555-1002" use="WP" />
      <assignedPerson>
        <name use="L">
          <prefix>Dr.</prefix>
          <given>Albert</given>
          <family>Davis</family>
        </name>
      </assignedPerson>
    </assignedEntity>
  </informant>
  <custodian>
    <assignedCustodian>
      <representedCustodianOrganization>
        <id root="2.16.840.1.113883.3.669" extension="0001" />
        <name>Neighborhood Physcians Practice</name>
        <telecom value="tel:+1-555-555-1002" use="WP" />
        <addr>
          <streetAddressLine>2472, Rocky Place</streetAddressLine>
          <city>BEAVERTON</city>
          <state>OR</state>
          <postalCode>97006</postalCode>
          <country>US</country>
        </addr>
      </representedCustodianOrganization>
    </assignedCustodian>
  </custodian>
  <documentationOf>
    <serviceEvent classCode="PCPR">
      <effectiveTime>
        <low value="20150722" />
        <high value="20150722" />
      </effectiveTime>
      <performer typeCode="PRF">
        <assignedEntity>
          <id extension="1912968298" root="2.16.840.1.113883.4.6" />
          <code code="208D00000X" displayName="GENERAL PRACTICE" codeSystemName="NUCC Provider Codes" codeSystem="2.16.840.1.113883.6.101" />
          <addr>
            <streetAddressLine>2472 Rocky Place</streetAddressLine>
            <city>BEAVERTON</city>
            <state>OR</state>
            <postalCode>97006</postalCode>
            <country>US</country>
          </addr>
          <telecom value="tel:+1-555-555-1002" use="WP" />
          <assignedPerson>
            <name use="L">
              <prefix>Dr.</prefix>
              <given>Albert</given>
              <family>Davis</family>
            </name>
          </assignedPerson>
          <representedOrganization>
            <id root="2.16.840.1.113883.3.669" extension="0001" />
            <name>Neighborhood Physcians Practice</name>
            <telecom value="tel:+1-555-555-1002" use="WP" />
            <addr>
              <streetAddressLine>2472, Rocky Place</streetAddressLine>
              <city>BEAVERTON</city>
              <state>OR</state>
              <postalCode>97006</postalCode>
              <country>US</country>
            </addr>
          </representedOrganization>
        </assignedEntity>
      </performer>
      <performer typeCode="PRF">
        <assignedEntity>
          <id root="71d73806-26ea-4a1b-bec9-2d413c2eb13b" />
          <code code="363L00000X" displayName="Nurse Practitioner" codeSystemName="NUCC Provider Codes" codeSystem="2.16.840.1.113883.6.101" />
          <addr>
            <streetAddressLine>2472, Rocky place</streetAddressLine>
            <city>BEAVERTON</city>
            <state>OR</state>
            <postalCode>97006</postalCode>
            <country>US</country>
          </addr>
          <telecom value="tel:+1-555-555-1002" use="WP" />
          <assignedPerson>
            <name>
              <prefix>Ms.</prefix>
              <given>Tracy</given>
              <family>Davis</family>
            </name>
          </assignedPerson>
        </assignedEntity>
      </performer>
    </serviceEvent>
  </documentationOf>
  <componentOf>
    <encompassingEncounter>
      <id root="2.16.840.1.113883.3.669" extension="1912968298" />
      <effectiveTime>
        <low value="20150722" />
        <high value="20150722" />
      </effectiveTime>
      <responsibleParty>
        <assignedEntity>
          <id extension="1912968298" root="2.16.840.1.113883.4.6" />
          <code code="208D00000X" displayName="GENERAL PRACTICE" codeSystemName="NUCC Provider Codes" codeSystem="2.16.840.1.113883.6.101" />
          <addr>
            <streetAddressLine>2472 Rocky Place</streetAddressLine>
            <city>BEAVERTON</city>
            <state>OR</state>
            <postalCode>97006</postalCode>
            <country>US</country>
          </addr>
          <telecom value="tel:+1-555-555-1002" use="WP" />
          <assignedPerson>
            <name use="L">
              <prefix>Dr.</prefix>
              <given>Albert</given>
              <family>Davis</family>
            </name>
          </assignedPerson>
        </assignedEntity>
      </responsibleParty>
      <location>
        <healthCareFacility>
          <serviceProviderOrganization>
            <id root="2.16.840.1.113883.4.6" />
            <name>Neighborhood Physcians Practice</name>
            <telecom value="tel:+1-555-555-1002" use="WP" />
            <addr>
              <streetAddressLine>2472, Rocky Place</streetAddressLine>
              <city>BEAVERTON</city>
              <state>OR</state>
              <postalCode>97006</postalCode>
              <country>US</country>
            </addr>
          </serviceProviderOrganization>
        </healthCareFacility>
      </location>
    </encompassingEncounter>
  </componentOf>
  <component>
    <structuredBody>
      <component>
        <section>
          <templateId root="2.16.840.1.113883.10.20.22.2.6.1" extension="2015-08-01" />
          <templateId root="2.16.840.1.113883.10.20.22.2.6.1" />
          <code code="48765-2" codeSystem="2.16.840.1.113883.6.1" displayName="ALLERGIES AND ADVERSE REACTIONS" codeSystemName="LOINC" />
          <title>Allergies and Adverse Reactions</title>
          <text>Not included in this report / available at patient request.</text>
          <entry typeCode="DRIV">
            <act classCode="ACT" moodCode="EVN">
              <templateId root="2.16.840.1.113883.10.20.22.4.30" extension="2015-08-01" />
              <templateId root="2.16.840.1.113883.10.20.22.4.30" />
              <id root="2.16.840.1.113883.3.3208.101.10" extension="20130607104400-AllergyProblem" />
              <code code="CONC" codeSystem="2.16.840.1.113883.5.6" />
              <statusCode code="active" />
              <effectiveTime>
                <low nullFlavor="NI" />
              </effectiveTime>
              <entryRelationship typeCode="SUBJ">
                <observation classCode="OBS" moodCode="EVN" negationInd="true">
                  <templateId root="2.16.840.1.113883.10.20.22.4.7" extension="2014-06-09" />
                  <templateId root="2.16.840.1.113883.10.20.22.4.7" />
                  <id root="2.16.840.1.113883.3.3208.101.10" extension="20130607105900-AllergyObservation" />
                  <code code="ASSERTION" codeSystem="2.16.840.1.113883.5.4" />
                  <statusCode code="completed" />
                  <effectiveTime nullFlavor="NA" />
                  <value xsi:type="CD" code="419199007" codeSystem="2.16.840.1.113883.6.96" codeSystemName="SNOMED CT" displayName="Allergy to substance" />
                  <participant typeCode="CSM">
                    <participantRole classCode="MANU">
                      <playingEntity classCode="MMAT">
                        <code nullFlavor="NA" />
                      </playingEntity>
                    </participantRole>
                  </participant>
                </observation>
              </entryRelationship>
            </act>
          </entry>
        </section>
      </component>
      <component>
        <section nullFlavor="NI">
          <templateId root="2.16.840.1.113883.10.20.22.2.1.1" extension="2014-06-09" />
          <templateId root="2.16.840.1.113883.10.20.22.2.1" />
          <templateId root="2.16.840.1.113883.10.20.22.2.1.1" />
          <code code="10160-0" displayName="History of medication use" codeSystemName="LOINC" codeSystem="2.16.840.1.113883.6.1" />
          <title>Medications</title>
          <text>
            <content ID="meds1">Not included in this report / available at patient request.</content>
          </text>
          <entry typeCode="DRIV">
            <substanceAdministration classCode="SBADM" moodCode="EVN" negationInd="true">
              <templateId root="2.16.840.1.113883.10.20.22.4.16" extension="2014-06-09" />
              <templateId root="2.16.840.1.113883.10.20.22.4.16" />
              <id root="d9392fd1-d5cb-4262-bc75-23fb5396a640" />
              <statusCode code="completed" />
              <effectiveTime nullFlavor="NI" />
              <doseQuantity nullFlavor="NI" />
              <consumable>
                <manufacturedProduct classCode="MANU">
                  <templateId root="2.16.840.1.113883.10.20.22.4.23" extension="2014-06-09" />
                  <templateId root="2.16.840.1.113883.10.20.22.4.23" />
                  <manufacturedMaterial>
                    <code nullFlavor="OTH" codeSystem="2.16.840.1.113883.6.88">
                      <translation code="410942007" displayName="drug or medication" codeSystem="2.16.840.1.113883.6.96" codeSystemName="SNOMED-CT" />
                    </code>
                  </manufacturedMaterial>
                </manufacturedProduct>
              </consumable>
            </substanceAdministration>
          </entry>
        </section>
      </component>
      <component>
        <section>
          <templateId root="2.16.840.1.113883.10.20.22.2.5.1" />
          <templateId root="2.16.840.1.113883.10.20.22.2.5.1" extension="2015-08-01" />
          <code code="11450-4" displayName="Problem List" codeSystemName="LOINC" codeSystem="2.16.840.1.113883.6.1" />
          <title>Problems</title>
          <text>Not included in this report / available at patient request.</text>
          <entry typeCode="DRIV">
            <act classCode="ACT" moodCode="EVN">
              <templateId root="2.16.840.1.113883.10.20.22.4.3" extension="2015-08-01" />
              <templateId root="2.16.840.1.113883.10.20.22.4.3" />
              <id root="f48305a9-8f91-411c-8279-c2710c0c5cb1" />
              <code code="CONC" codeSystem="2.16.840.1.113883.5.6" displayName="Concern" />
              <statusCode code="completed" />
              <effectiveTime>
                <low nullFlavor="NI" />
              </effectiveTime>
              <entryRelationship typeCode="SUBJ">
                <observation classCode="OBS" moodCode="EVN" negationInd="true">
                  <templateId root="2.16.840.1.113883.10.20.22.4.4" />
                  <templateId root="2.16.840.1.113883.10.20.22.4.4" extension="2015-08-01" />
                  <id root="f48305a9-8f91-411c-8279-c2710c0c5cb1" />
                  <code code="282291009" displayName="Diagnosis" codeSystemName="SNOMED CT" codeSystem="2.16.840.1.113883.6.96">
                    <translation code="29308-4" codeSystem="2.16.840.1.113883.6.1" codeSystemName="LOINC" displayName="Diagnosis" />
                  </code>
                  <statusCode code="completed" />
                  <effectiveTime>
                    <low nullFlavor="UNK" />
                  </effectiveTime>
                  <value xsi:type="CD" code="55607006" displayName="Problem" codeSystem="2.16.840.1.113883.6.96" codeSystemName="SNOMED-CT" />
                </observation>
              </entryRelationship>
            </act>
          </entry>
        </section>
      </component>
      <component>
        <section>
          <templateId root="2.16.840.1.113883.10.20.22.2.22" />
          <templateId root="2.16.840.1.113883.10.20.22.2.22.1" />
          <templateId root="2.16.840.1.113883.10.20.22.2.22.1" extension="2015-08-01" />
          <code code="46240-8" displayName="HISTORY OF ENCOUNTERS" codeSystem="2.16.840.1.113883.6.1" codeSystemName="LOINC" />
          <title>Encounter Diagnosis</title>
          <text>
            <paragraph>Not included in this report / available at patient request.</paragraph>
          </text>
          <entry typeCode="DRIV">
            <encounter classCode="ENC" moodCode="EVN">
              <templateId root="2.16.840.1.113883.10.20.22.4.49" />
              <templateId root="2.16.840.1.113883.10.20.22.4.49" extension="2015-08-01" />
              <id root="a4a9abe0-d0c1-427c-90bf-17ddd36edbdb" />
              <code code="G0438" displayName="PPPS, INITIAL VISIT" codeSystemName="CPT" codeSystem="2.16.840.1.113883.6.12" />
              <effectiveTime value="20150722140500" />
              <participant typeCode="LOC">
                <participantRole classCode="SDLOC">
                  <templateId root="2.16.840.1.113883.10.20.22.4.32" />
                  <code code="1160-1" displayName="Physician Office" codeSystemName="HL7 HealthcareServiceLocation" codeSystem="2.16.840.1.113883.6.259" />
                  <addr>
                    <streetAddressLine>2472 Rocky Place</streetAddressLine>
                    <city>BEAVERTON</city>
                    <state>OR</state>
                    <postalCode>97006</postalCode>
                    <country>US</country>
                  </addr>
                  <telecom value="tel:+1-555-555-1002" use="WP" />
                </participantRole>
              </participant>
            </encounter>
          </entry>
        </section>
      </component>
      <component>
        <section nullFlavor="NI">
          <templateId root="2.16.840.1.113883.10.20.22.2.2.1" />
          <templateId root="2.16.840.1.113883.10.20.22.2.2.1" extension="2014-06-09" />
          <code code="11369-6" displayName="History of immunizations" codeSystem="2.16.840.1.113883.6.1" codeSystemName="LOINC" />
          <title>Immunizations</title>
          <text>
            <content ID="immun-1">Not included in this report / available at patient request.</content>
          </text>
          <entry typeCode="DRIV">
            <substanceAdministration classCode="SBADM" moodCode="EVN" negationInd="true">
              <templateId root="2.16.840.1.113883.10.20.22.4.52" />
              <templateId root="2.16.840.1.113883.10.20.22.4.52" extension="2015-08-01" />
              <id root="12dcd70d-2676-4906-b42a-5942f144a3db" />
              <statusCode code="completed" />
              <effectiveTime nullFlavor="NI" />
              <consumable>
                <manufacturedProduct classCode="MANU">
                  <templateId root="2.16.840.1.113883.10.20.22.4.54" />
                  <templateId root="2.16.840.1.113883.10.20.22.4.54" extension="2014-06-09" />
                  <manufacturedMaterial>
                    <code nullFlavor="OTH">
                      <originalText>Vaccination</originalText>
                      <translation code="71181003" displayName="vaccine" codeSystem="2.16.840.1.113883.6.96" codeSystemName="SNOMED-CT" />
                    </code>
                    <lotNumberText nullFlavor="NI" />
                  </manufacturedMaterial>
                </manufacturedProduct>
              </consumable>
            </substanceAdministration>
          </entry>
        </section>
      </component>
      <component>
        <section>
          <templateId root="2.16.840.1.113883.10.20.22.2.4" />
          <templateId root="2.16.840.1.113883.10.20.22.2.4.1" />
          <templateId root="2.16.840.1.113883.10.20.22.2.4.1" extension="2015-08-01" />
          <code code="8716-3" displayName="Vital signs" codeSystem="2.16.840.1.113883.6.1" codeSystemName="LOINC" />
          <title>Vital Signs</title>
          <text>
            <table border="1" width="100%">
              <thead>
                <tr>
                  <th>LOINC Code</th>
                  <th>Vital Name</th>
                  <th>Value</th>
                  <th>Date Performed</th>
                </tr>
              </thead>
              <tbody>
                <tr>
                  <td>39156-5</td>
                  <td>
                    <content ID="vital-1">BMI</content>
                  </td>
                  <td>28.09 kg/m2</td>
                  <td>July 22, 2015</td>
                </tr>
                <tr>
                  <td>8302-2</td>
                  <td>
                    <content ID="vital-2">Height</content>
                  </td>
                  <td>177 cm</td>
                  <td>July 22, 2015</td>
                </tr>
                <tr>
                  <td>29463-7</td>
                  <td>
                    <content ID="vital-3">Weight</content>
                  </td>
                  <td>88 kg</td>
                  <td>July 22, 2015</td>
                </tr>
                <tr>
                  <td>8480-6</td>
                  <td>
                    <content ID="vital-4">Systolic BP</content>
                  </td>
                  <td>145 mm[Hg]</td>
                  <td>July 22, 2015</td>
                </tr>
                <tr>
                  <td>8462-4</td>
                  <td>
                    <content ID="vital-5">Diastolic BP</content>
                  </td>
                  <td>88 mm[Hg]</td>
                  <td>July 22, 2015</td>
                </tr>
              </tbody>
            </table>
          </text>
          <entry typeCode="DRIV">
            <organizer classCode="CLUSTER" moodCode="EVN">
              <templateId root="2.16.840.1.113883.10.20.22.4.26" />
              <templateId root="2.16.840.1.113883.10.20.22.4.26" extension="2015-08-01" />
              <id root="13c35d01-799c-4f35-a79f-7a55f99b04bb" />
              <code code="46680005" displayName="Vital signs" codeSystem="2.16.840.1.113883.6.96" codeSystemName="SNOMED CT">
                <translation code="74728-7" codeSystem="2.16.840.1.113883.6.1" codeSystemName="LOINC" displayName="Vital signs, weight, height, head circumference, oximetry, BMI, and BSA panel" />
              </code>
              <statusCode code="completed" />
              <effectiveTime value="20150722" />
              <component>
                <observation classCode="OBS" moodCode="EVN">
                  <templateId root="2.16.840.1.113883.10.20.22.4.27" />
                  <templateId root="2.16.840.1.113883.10.20.22.4.27" extension="2014-06-09" />
                  <id root="6ce27386-4ba4-4d19-9e15-359e17e102bd" />
                  <code code="39156-5" displayName="BMI" codeSystemName="LOINC" codeSystem="2.16.840.1.113883.6.1" />
                  <text>
                    <reference value="#vital-1" />
                  </text>
                  <statusCode code="completed" />
                  <effectiveTime value="20150722" />
                  <value xsi:type="PQ" value="28.09" unit="kg/m2" />
                </observation>
              </component>
              <component>
                <observation classCode="OBS" moodCode="EVN">
                  <templateId root="2.16.840.1.113883.10.20.22.4.27" />
                  <templateId root="2.16.840.1.113883.10.20.22.4.27" extension="2014-06-09" />
                  <id root="fcca82bf-a84d-4e6e-9b02-663f99e24fae" />
                  <code code="8302-2" displayName="Height" codeSystemName="LOINC" codeSystem="2.16.840.1.113883.6.1" />
                  <text>
                    <reference value="#vital-2" />
                  </text>
                  <statusCode code="completed" />
                  <effectiveTime value="20150722" />
                  <value xsi:type="PQ" value="177" unit="cm" />
                </observation>
              </component>
              <component>
                <observation classCode="OBS" moodCode="EVN">
                  <templateId root="2.16.840.1.113883.10.20.22.4.27" />
                  <templateId root="2.16.840.1.113883.10.20.22.4.27" extension="2014-06-09" />
                  <id root="3977f00f-ce89-4606-93c6-8b25b38e8830" />
                  <code code="29463-7" displayName="Weight" codeSystemName="LOINC" codeSystem="2.16.840.1.113883.6.1" />
                  <text>
                    <reference value="#vital-3" />
                  </text>
                  <statusCode code="completed" />
                  <effectiveTime value="20150722" />
                  <value xsi:type="PQ" value="88" unit="kg" />
                </observation>
              </component>
              <component>
                <observation classCode="OBS" moodCode="EVN">
                  <templateId root="2.16.840.1.113883.10.20.22.4.27" />
                  <templateId root="2.16.840.1.113883.10.20.22.4.27" extension="2014-06-09" />
                  <id root="414904a1-b22d-43e8-8c69-72ab98a0363c" />
                  <code code="8480-6" displayName="Systolic BP" codeSystemName="LOINC" codeSystem="2.16.840.1.113883.6.1" />
                  <text>
                    <reference value="#vital-4" />
                  </text>
                  <statusCode code="completed" />
                  <effectiveTime value="20150722" />
                  <value xsi:type="PQ" value="145" unit="mm[Hg]" />
                </observation>
              </component>
              <component>
                <observation classCode="OBS" moodCode="EVN">
                  <templateId root="2.16.840.1.113883.10.20.22.4.27" />
                  <templateId root="2.16.840.1.113883.10.20.22.4.27" extension="2014-06-09" />
                  <id root="e828837f-8f9e-40d6-bfd7-3a210544b3c9" />
                  <code code="8462-4" displayName="Diastolic BP" codeSystemName="LOINC" codeSystem="2.16.840.1.113883.6.1" />
                  <text>
                    <reference value="#vital-5" />
                  </text>
                  <statusCode code="completed" />
                  <effectiveTime value="20150722" />
                  <value xsi:type="PQ" value="88" unit="mm[Hg]" />
                </observation>
              </component>
            </organizer>
          </entry>
        </section>
      </component>
      <component>
        <section>
          <templateId root="2.16.840.1.113883.10.20.22.2.17" />
          <templateId root="2.16.840.1.113883.10.20.22.2.17" extension="2015-08-01" />
          <code code="29762-2" codeSystem="2.16.840.1.113883.6.1" displayName="Social History" />
          <title>Social History</title>
          <text>
            <table border="1" width="100%">
              <thead>
                <tr>
                  <th>Social History Element</th>
                  <th>Description</th>
                  <th>Date</th>
                </tr>
              </thead>
              <tbody>
                <tr>
                  <td>
                    <content ID="soc-1" />Current Smoking Status</td>
                  <td>Current, Every day smoker</td>
                  <td>July 22, 2015</td>
                </tr>
              </tbody>
            </table>
          </text>
          <entry typeCode="DRIV">
            <observation classCode="OBS" moodCode="EVN">
              <templateId root="2.16.840.1.113883.10.20.22.4.78" extension="2014-06-09" />
              <templateId root="2.16.840.1.113883.10.20.22.4.78" />
              <id root="eea4d23c-64a6-4b9d-920e-d2d659593fea" />
              <code code="72166-2" codeSystem="2.16.840.1.113883.6.1" displayName="Tobacco smoking status NHIS" />
              <statusCode code="completed" />
              <effectiveTime value="20150722" />
              <value xsi:type="CD" code="449868002" displayName="Current, Every day smoker" codeSystemName="SNOMED CT" codeSystem="2.16.840.1.113883.6.96" />
            </observation>
          </entry>
          <entry>
            <observation classCode="OBS" moodCode="EVN">
              <templateId root="2.16.840.1.113883.10.20.22.4.200" extension="2016-06-01" />
              <code code="76689-9" codeSystem="2.16.840.1.113883.6.1" codeSystemName="LOINC" displayName="Sex Assigned At Birth" />
              <statusCode code="completed" />
              <value xsi:type="CD" code="M" displayName="Male" codeSystem="2.16.840.1.113883.5.1" />
            </observation>
          </entry>
        </section>
      </component>
      <component>
        <section>
          <templateId root="2.16.840.1.113883.10.20.22.2.7.1" />
          <templateId root="2.16.840.1.113883.10.20.22.2.7.1" extension="2014-06-09" />
          <code code="47519-4" displayName="History of Procedures" codeSystem="2.16.840.1.113883.6.1" codeSystemName="LOINC" />
          <title>Procedures</title>
          <text>
            <content ID="proc-1">Not included in this report / available at patient request.</content>
          </text>
          <entry>
            <procedure classCode="PROC" moodCode="EVN" negationInd="true">
              <templateId root="2.16.840.1.113883.10.20.22.4.14" />
              <templateId root="2.16.840.1.113883.10.20.22.4.14" extension="2014-06-09" />
              <id root="4643eda7-98f7-4ac9-bde4-5e0c9f4dcca1" />
              <code nullFlavor="NI">
                <originalText>
                  <reference value="#proc-1" />
                </originalText>
              </code>
              <statusCode code="completed" />
              <effectiveTime nullFlavor="NA" />
            </procedure>
          </entry>
        </section>
      </component>
      <component>
        <section nullFlavor="NI">
          <templateId root="2.16.840.1.113883.10.20.22.2.3" />
          <templateId root="2.16.840.1.113883.10.20.22.2.3.1" />
          <templateId root="2.16.840.1.113883.10.20.22.2.3.1" extension="2015-08-01" />
          <code code="30954-2" displayName="Lab Result" codeSystem="2.16.840.1.113883.6.1" codeSystemName="LOINC" />
          <title>Results</title>
          <text>
            <content ID="results1">Not included in this report / available at patient request.</content>
          </text>
          <entry typeCode="DRIV">
            <organizer classCode="BATTERY" moodCode="EVN">
              <templateId root="2.16.840.1.113883.10.20.22.4.1" />
              <id root="d3e2a547-a90a-48cf-9cf1-a1ff08dd9900" />
              <code nullFlavor="NI" />
              <statusCode code="completed" />
              <effectiveTime>
                <low nullFlavor="NI" />
                <high value="20131210071200-0500" />
              </effectiveTime>
              <component>
                <observation classCode="OBS" moodCode="EVN">
                  <templateId root="2.16.840.1.113883.10.20.22.4.2" />
                  <id root="b5e2df86-1428-413c-b2fb-42a483403861" />
                  <code nullFlavor="NI" />
                  <text>
                    <reference value="#results1" />
                  </text>
                  <statusCode code="completed" />
                  <effectiveTime>
                    <low nullFlavor="NI" />
                    <high value="20131210071200-0500" />
                  </effectiveTime>
                  <value xsi:type="PQ" nullFlavor="NI" />
                </observation>
              </component>
            </organizer>
          </entry>
        </section>
      </component>
      <component>
        <section>
          <templateId root="2.16.840.1.113883.10.20.22.2.23" />
          <templateId root="2.16.840.1.113883.10.20.22.2.23" extension="2014-06-09" />
          <code code="46264-8" codeSystem="2.16.840.1.113883.6.1" codeSystemName="LOINC" displayName="Medical Equipment" />
          <title>Implantable Devices</title>
          <text>
            <content ID="Implant">No Implanted Devices</content>
          </text>
          <entry>
            <procedure classCode="PROC" moodCode="EVN">
              <templateId root="2.16.840.1.113883.10.20.22.4.14" extension="2014-06-09" />
              <id root="6af8592e-7206-47db-83c4-149036f8a402" />
              <code nullFlavor="UNK" />
              <statusCode code="active" />
              <effectiveTime>
                <low nullFlavor="NI" />
                <high nullFlavor="NI" />
              </effectiveTime>
            </procedure>
          </entry>
        </section>
      </component>
      <component>
        <section>
          <templateId root="2.16.840.1.113883.10.20.22.2.8" />
          <code codeSystem="2.16.840.1.113883.6.1" codeSystemName="LOINC" code="51848-0" displayName="ASSESSMENTS" />
          <title>Assessments</title>
          <text>
            <table border="1" width="100%">
              <thead>
                <tr>
                  <th>
                  Assessments
                </th>
                  <th>
                  Date
                </th>
                </tr>
              </thead>
              <tbody>
                <tr>
                  <td>
                    <content ID="assessment-1">The patient was found to be healthy and advised to follow his current routine of exercise, work, sleep and quality of life.</content>
                  </td>
                  <td>July 22, 2015</td>
                </tr>
              </tbody>
            </table>
          </text>
        </section>
      </component>
      <component>
        <section>
          <templateId root="2.16.840.1.113883.10.20.22.2.10" />
          <templateId root="2.16.840.1.113883.10.20.22.2.10" extension="2014-06-09" />
          <code code="18776-5" codeSystem="2.16.840.1.113883.6.1" codeSystemName="LOINC" displayName="Treatment plan" />
          <title>Treatment Plan</title>
          <text>
            <table border="1" width="100%">
              <thead>
                <tr>
                  <th>Planned Activity</th>
                  <th>Planned Date</th>
                </tr>
              </thead>
              <tbody>
                <tr>
                  <td>
                    <content ID="fAppt-1" />Future Appointment with Albert Davis, Neighborhood Physcians, 2472 Rocky Place, BEAVERTON, OR 97006</td>
                  <td>July 22, 2016</td>
                </tr>
              </tbody>
            </table>
          </text>
          <entry>
            <encounter classCode="ENC" moodCode="INT">
              <templateId root="2.16.840.1.113883.10.20.22.4.40" />
              <templateId root="2.16.840.1.113883.10.20.22.4.40" extension="2014-06-09" />
              <id root="b78270e9-2220-499e-8246-6af60d1f8613" />
              <code codeSystem="2.16.840.1.113883.6.96" codeSystemName="SNOMED CT" code="11429006" displayName="consultation" />
              <text>
                <reference value="#fAppt-1" />
              </text>
              <statusCode code="active" />
              <effectiveTime value="20160722" />
            </encounter>
          </entry>
        </section>
      </component>
      <component>
        <section nullFlavor="NI">
          <templateId root="2.16.840.1.113883.10.20.22.2.60" />
          <code code="61146-7" displayName="Goals" codeSystem="2.16.840.1.113883.6.1" codeSystemName="LOINC" />
          <title>Goals</title>
          <text>Not included in this report / available at patient request.</text>
        </section>
      </component>
      <component>
        <section nullFlavor="NI">
          <templateId root="2.16.840.1.113883.10.20.22.2.58" />
          <code code="75310-3" displayName="Health Concerns Document" codeSystem="2.16.840.1.113883.6.1" codeSystemName="LOINC" />
          <title>Health Concerns</title>
          <text>Not included in this report / available at patient request.</text>
        </section>
      </component>
      <component>
        <section nullFlavor="NI">
          <templateId root="1.3.6.1.4.1.19376.1.5.3.1.3.1" />
          <templateId root="1.3.6.1.4.1.19376.1.5.3.1.3.1" extension="2014-06-09" />
          <code code="42349-1" displayName="REASON FOR REFERRAL" codeSystem="2.16.840.1.113883.6.1" codeSystemName="LOINC" />
          <title>Reason For Referral</title>
          <text>Not included in this report / available at patient request.</text>
        </section>
      </component>
    </structuredBody>
  </component>
</ClinicalDocument>