<?xml version="1.0" encoding="UTF-8"?>
<?xml-stylesheet type="text/xsl" href="http://userareas.cpsi.com/downloads/cda.xsl" ?>
<ClinicalDocument xmlns="urn:hl7-org:v3" xmlns:sdtc="urn:hl7-org:sdtc" xmlns:type="http://www.w3.org/2001/XMLSchema-instance">
  <realmCode code="US" />
  <typeId extension="POCD_HD000040" root="2.16.840.1.113883.1.3" />
  <templateId root="2.16.840.1.113883.10.20.22.1.1" />
  <templateId root="2.16.840.1.113883.10.20.22.1.1" extension="2015-08-01" />
  <templateId root="2.16.840.1.113883.10.20.22.1.2" />
  <templateId root="2.16.840.1.113883.10.20.22.1.2" extension="2015-08-01" />
  <id root="8e5da227-6d5e-4843-b068-ddd9f0b0643a" />
  <code code="34133-9" codeSystem="2.16.840.1.113883.6.1" codeSystemName="LOINC" displayName="Patient Summary 2.1" />
  <title>Patient Summary 2.1</title>
  <effectiveTime value="20170718" />
  <confidentialityCode codeSystem="2.16.840.1.113883.5.25" codeSystemName="Confidentiality" code="N" displayName="normal" />
  <languageCode code="en-US" />
  <recordTarget>
    <patientRole>
      <id root="967248d8-4c66-45c7-99c7-2ffdfd4e6240" />
      <addr use="HP">
        <streetAddressLine>1014 Amber Dr</streetAddressLine>
        <city>BEAVERTON</city>
        <state>OR</state>
        <postalCode>97006</postalCode>
        <country>US</country>
      </addr>
      <telecom nullFlavor="UNK" use="HP" />
      <telecom nullFlavor="UNK" use="MC" />
      <telecom nullFlavor="UNK" use="WP" />
      <patient>
        <name use="L">
          <given>CECILIA</given>
          <given>Cecil</given>
          <family>Cummings</family>
        </name>
        <administrativeGenderCode code="F" codeSystem="2.16.840.1.113883.5.1" displayName="Female" />
        <birthTime value="19700701" />
        <raceCode codeSystem="2.16.840.1.113883.6.238" codeSystemName="Race and Ethnicity - CDC" code="2106-3" displayName="CAUCASIAN" />
        <sdtc:raceCode codeSystem="2.16.840.1.113883.6.238" codeSystemName="Race and Ethnicity - CDC" code="2108-9" displayName="White European" />
        <ethnicGroupCode codeSystem="2.16.840.1.113883.6.238" codeSystemName="Race and Ethnicity - CDC" code="2186-5" displayName="Not Hispanic or Latino" />
        <languageCommunication>
          <languageCode code="en" />
        </languageCommunication>
      </patient>
      <providerOrganization>
        <id root="1e2856f2-cfb8-4b76-8328-3410731332d3" />
        <name>Neighborhood Physician Practic</name>
        <telecom value="5555551002" use="WP" />
        <addr use="HP">
          <streetAddressLine>2472 Rocky Place</streetAddressLine>
          <city>Beaverton</city>
          <state>OR</state>
          <postalCode>97006</postalCode>
          <country>US</country>
        </addr>
      </providerOrganization>
    </patientRole>
  </recordTarget>
  <author>
    <time value="20170718" />
    <assignedAuthor>
      <id root="eacffd67-090a-4c06-ab0a-27340f9a0d91" />
      <id root="70efc6ba-1bba-4c4c-a6b8-37de4e4a2859" />
      <addr use="HP">
        <streetAddressLine>2472 Rocky Place</streetAddressLine>
        <city>Beaverton</city>
        <state>OR</state>
        <postalCode>97006</postalCode>
        <country>US</country>
      </addr>
      <telecom value="5555551002" />
      <assignedPerson>
        <name nullFlavor="NI" />
      </assignedPerson>
    </assignedAuthor>
  </author>
  <custodian>
    <assignedCustodian>
      <representedCustodianOrganization>
        <id root="1e2856f2-cfb8-4b76-8328-3410731332d3" />
        <name>Neighborhood Physician Practic</name>
        <telecom value="5555551002" />
        <addr use="HP">
          <streetAddressLine>2472 Rocky Place</streetAddressLine>
          <city>Beaverton</city>
          <state>OR</state>
          <postalCode>97006</postalCode>
          <country>US</country>
        </addr>
      </representedCustodianOrganization>
    </assignedCustodian>
  </custodian>
  <documentationOf>
    <serviceEvent classCode="PCPR">
      <effectiveTime>
        <low value="20170504" />
        <high nullFlavor="UNK" />
      </effectiveTime>
      <performer typeCode="PRF">
        <functionCode codeSystem="2.16.840.1.113883.5.88" codeSystemName="ParticipationFunction" code="careteam" displayName="Registered Nurse">
          <originalText>Registered Nurse</originalText>
        </functionCode>
        <assignedEntity>
          <id root="982559f3-118b-434e-bfaa-3e71b5066d54" />
          <addr use="HP">
            <streetAddressLine>2472 Rocky Place</streetAddressLine>
            <city>Beaverton</city>
            <state>OR</state>
            <postalCode>97006</postalCode>
          </addr>
          <telecom value="5555551002" />
          <assignedPerson>
            <name>
              <family>Beth Searcy, RN</family>
            </name>
          </assignedPerson>
          <representedOrganization>
            <id root="1e2856f2-cfb8-4b76-8328-3410731332d3" />
            <name>Thrive Provider EHR</name>
            <telecom value="5555551002" />
            <addr use="HP">
              <streetAddressLine>2472 Rocky Place</streetAddressLine>
              <city>Beaverton</city>
              <state>OR</state>
              <postalCode>97006</postalCode>
            </addr>
          </representedOrganization>
        </assignedEntity>
      </performer>
      <performer typeCode="PRF">
        <functionCode codeSystem="2.16.840.1.113883.5.88" codeSystemName="ParticipationFunction" code="ATTENDING" displayName="Attending">
          <originalText>Attending</originalText>
        </functionCode>
        <assignedEntity>
          <id root="b96380d1-910c-4d45-8aa9-db70f4b52ca5" />
          <addr use="HP">
            <streetAddressLine>9989 Rockets Rd</streetAddressLine>
            <city>Houston</city>
            <state>TX</state>
            <postalCode>77001</postalCode>
          </addr>
          <telecom value="2815201233" />
          <assignedPerson>
            <name>
              <family>Branson Thomas Middle</family>
            </name>
          </assignedPerson>
          <representedOrganization>
            <id root="1e2856f2-cfb8-4b76-8328-3410731332d3" />
            <name>Thrive Provider EHR</name>
            <telecom value="5555551002" />
            <addr use="HP">
              <streetAddressLine>2472 Rocky Place</streetAddressLine>
              <city>Beaverton</city>
              <state>OR</state>
              <postalCode>97006</postalCode>
            </addr>
          </representedOrganization>
        </assignedEntity>
      </performer>
      <performer typeCode="PRF">
        <functionCode codeSystem="2.16.840.1.113883.5.88" codeSystemName="ParticipationFunction" displayName="Referring Provider" nullFlavor="NI">
          <originalText>Referring Provider</originalText>
        </functionCode>
        <assignedEntity>
          <id root="4ce4364a-4bf9-4a94-842f-2dcf5262474f" />
          <telecom nullFlavor="UNK" />
          <assignedPerson>
            <name />
          </assignedPerson>
        </assignedEntity>
      </performer>
    </serviceEvent>
  </documentationOf>
  <componentOf>
    <encompassingEncounter>
      <id root="35a06535-4f89-42ce-94a7-587c0289f0e7" />
      <effectiveTime>
        <low value="20170504081700" />
        <high nullFlavor="UNK" />
      </effectiveTime>
    </encompassingEncounter>
  </componentOf>
  <component>
    <structuredBody>
      <component>
        <section nullFlavor="NI">
          <templateId root="2.16.840.1.113883.10.20.22.2.14" />
          <code code="47420-5" codeSystem="2.16.840.1.113883.6.1" codeSystemName="LOINC" displayName="Functional Status" />
          <title>Functional Status</title>
          <text><table><thead><tr><td></td></tr></thead><tbody><tr><td>No Data Found</td></tr></tbody></table></text>
        </section>
      </component>
      <component>
        <section nullFlavor="NI">
          <templateId root="2.16.840.1.113883.10.20.22.2.2.1" />
          <code code="11369-6" codeSystem="2.16.840.1.113883.6.1" codeSystemName="LOINC" displayName="History of Immunization Narrative" />
          <title>Immunization</title>
          <text><table><thead><tr><td></td></tr></thead><tbody><tr><td>No Data Found</td></tr></tbody></table></text>
        </section>
      </component>
      <component>
        <section nullFlavor="NI">
          <templateId root="2.16.840.1.113883.10.20.22.2.56" />
          <code code="10190-7" codeSystem="2.16.840.1.113883.6.1" codeSystemName="LOINC" displayName="Mental Status" />
          <title>Mental Status</title>
          <text><table><thead><tr><td></td></tr></thead><tbody><tr><td>No Data Found</td></tr></tbody></table></text>
        </section>
      </component>
      <component>
        <section nullFlavor="NI">
          <templateId root="2.16.840.1.113883.10.20.22.2.3.1" extension="2015-08-01" />
          <templateId root="2.16.840.1.113883.10.20.22.2.3.1" />
          <code code="30954-2" codeSystem="2.16.840.1.113883.6.1" codeSystemName="LOINC" displayName="RELEVANT DIAGNOSTIC TESTS AND/OR LABORATORY DATA" />
          <title>Results</title>
          <text><table><thead><tr><td></td></tr></thead><tbody><tr><td>No Data Found</td></tr></tbody></table></text>
        </section>
      </component>
      <component>
        <section nullFlavor="NI">
          <templateId root="2.16.840.1.113883.10.20.22.2.17" extension="2015-08-01" />
          <templateId root="2.16.840.1.113883.10.20.22.2.17" />
          <code code="29762-2" codeSystem="2.16.840.1.113883.6.1" codeSystemName="LOINC" displayName="Social History" />
          <title>Social History</title>
          <text><table><thead><tr><td></td></tr></thead><tbody><tr><td>No Data Found</td></tr></tbody></table></text>
        </section>
      </component>
      <component>
        <section nullFlavor="NI">
          <templateId root="2.16.840.1.113883.10.20.22.2.4.1" extension="2015-08-01" />
          <templateId root="2.16.840.1.113883.10.20.22.2.4.1" />
          <code code="8716-3" codeSystem="2.16.840.1.113883.6.1" codeSystemName="LOINC" displayName="Vital Signs" />
          <title>Vital Signs</title>
          <text><table><thead><tr><td></td></tr></thead><tbody><tr><td>No Data Found</td></tr></tbody></table></text>
        </section>
      </component>
      <component>
        <section>
          <templateId root="2.16.840.1.113883.10.20.22.2.1.1" extension="2014-06-09" />
          <templateId root="2.16.840.1.113883.10.20.22.2.1.1" />
          <templateId root="2.16.840.1.113883.10.20.34.2.1" extension="2014-06-09" />
          <templateId root="2.16.840.1.113883.10.20.34.2.1" />
          <code code="10160-0" codeSystem="2.16.840.1.113883.6.1" codeSystemName="LOINC" displayName="HISTORY OF MEDICATION USE" />
          <title>Medications</title>
          <text><table>
  <thead>
    <tr>
      <th>Medication</th>
      <th>Start Date</th>
      <th>End Date</th>
      <th>Route</th>
      <th>Frequency</th>
      <th>Dose</th>
      <th>Code</th>
      <th>Code System</th>
    </tr>
  </thead>
  <tbody>
    <tr>
      <td>Aranesp 0.5MG/1ML Injection Solution</td>
      <td>07/18/2017</td>
      <td>Unknown</td>
      <td>INTRAVENOUS</td>
      <td>AS NEEDED</td>
      <td>1 mL</td>
      <td>731241</td>
      <td>RxNorm</td>
    </tr>
    <tr>
      <td>Tylenol Extra Strength 500MG Oral Tablet</td>
      <td>07/18/2017</td>
      <td>Unknown</td>
      <td>ORAL</td>
      <td>AT BEDTIME</td>
      <td>500 MG</td>
      <td>209459</td>
      <td>RxNorm</td>
    </tr>
    <tr>
      <td>cefTRIAXone 10GM Intravenous Powder for Solution</td>
      <td>07/18/2017</td>
      <td>Unknown</td>
      <td>INTRAVENOUS</td>
      <td>WEEKLY</td>
      <td>1 mL</td>
      <td>309090</td>
      <td>RxNorm</td>
    </tr>
  </tbody>
</table></text>
          <entry typeCode="DRIV">
            <substanceAdministration classCode="SBADM" moodCode="EVN">
              <templateId root="2.16.840.1.113883.10.20.22.4.16" extension="2014-06-09" />
              <templateId root="2.16.840.1.113883.10.20.22.4.16" />
              <id root="caf97453-a1b2-4e82-912c-269240ef3497" />
              <statusCode code="active" />
              <effectiveTime xmlns:xsi="http://www.w3.org/2001/XMLSchema-instance" xsi:type="IVL_TS">
                <low value="20170718000000" />
                <high nullFlavor="UNK" />
              </effectiveTime>
              <effectiveTime xmlns:xsi="http://www.w3.org/2001/XMLSchema-instance" xsi:type="PIVL_TS" operator="A" institutionSpecified="true">
                <period value="24" unit="h" />
              </effectiveTime>
              <routeCode codeSystem="2.16.840.1.113883.3.26.1.1" codeSystemName="NCI Thesaurus" code="C38276" displayName="INTRAVENOUS" />
              <doseQuantity value="1" unit="mL" />
              <consumable>
                <manufacturedProduct classCode="MANU">
                  <templateId root="2.16.840.1.113883.10.20.22.4.23" extension="2014-06-09" />
                  <templateId root="2.16.840.1.113883.10.20.22.4.23" />
                  <id root="7191d60b-d159-4b66-8adc-f0345c79e5c6" />
                  <manufacturedMaterial>
                    <code code="731241" codeSystem="2.16.840.1.113883.6.88" codeSystemName="RXNORM" displayName="Aranesp 0.5MG/1ML Injection Solution" />
                  </manufacturedMaterial>
                </manufacturedProduct>
              </consumable>
            </substanceAdministration>
          </entry>
          <entry typeCode="DRIV">
            <substanceAdministration classCode="SBADM" moodCode="EVN">
              <templateId root="2.16.840.1.113883.10.20.22.4.16" extension="2014-06-09" />
              <templateId root="2.16.840.1.113883.10.20.22.4.16" />
              <id root="71bb658c-a1f7-4f51-bd04-828c3b992af4" />
              <statusCode code="active" />
              <effectiveTime xmlns:xsi="http://www.w3.org/2001/XMLSchema-instance" xsi:type="IVL_TS">
                <low value="20170718000000" />
                <high nullFlavor="UNK" />
              </effectiveTime>
              <effectiveTime xmlns:xsi="http://www.w3.org/2001/XMLSchema-instance" xsi:type="EIVL_TS" operator="A">
                <event code="HS" />
              </effectiveTime>
              <routeCode codeSystem="2.16.840.1.113883.3.26.1.1" codeSystemName="NCI Thesaurus" code="C38288" displayName="ORAL" />
              <doseQuantity value="500" unit="mg" />
              <consumable>
                <manufacturedProduct classCode="MANU">
                  <templateId root="2.16.840.1.113883.10.20.22.4.23" extension="2014-06-09" />
                  <templateId root="2.16.840.1.113883.10.20.22.4.23" />
                  <id root="c37ef865-3f82-4c47-87c3-9b90ad5b3fa9" />
                  <manufacturedMaterial>
                    <code code="209459" codeSystem="2.16.840.1.113883.6.88" codeSystemName="RXNORM" displayName="Tylenol Extra Strength 500MG Oral Tablet" />
                  </manufacturedMaterial>
                </manufacturedProduct>
              </consumable>
            </substanceAdministration>
          </entry>
          <entry typeCode="DRIV">
            <substanceAdministration classCode="SBADM" moodCode="EVN">
              <templateId root="2.16.840.1.113883.10.20.22.4.16" extension="2014-06-09" />
              <templateId root="2.16.840.1.113883.10.20.22.4.16" />
              <id root="b73d2ef7-6f5e-457e-ae46-aa225ff4b8a2" />
              <statusCode code="active" />
              <effectiveTime xmlns:xsi="http://www.w3.org/2001/XMLSchema-instance" xsi:type="IVL_TS">
                <low value="20170718000000" />
                <high nullFlavor="UNK" />
              </effectiveTime>
              <effectiveTime xmlns:xsi="http://www.w3.org/2001/XMLSchema-instance" xsi:type="PIVL_TS" operator="A" institutionSpecified="true">
                <period value="7" unit="d" />
              </effectiveTime>
              <routeCode codeSystem="2.16.840.1.113883.3.26.1.1" codeSystemName="NCI Thesaurus" code="C38276" displayName="INTRAVENOUS" />
              <doseQuantity value="1" unit="mL" />
              <consumable>
                <manufacturedProduct classCode="MANU">
                  <templateId root="2.16.840.1.113883.10.20.22.4.23" extension="2014-06-09" />
                  <templateId root="2.16.840.1.113883.10.20.22.4.23" />
                  <id root="55a37d6d-a2a4-4d8e-a956-52cfb5a04ffd" />
                  <manufacturedMaterial>
                    <code code="309090" codeSystem="2.16.840.1.113883.6.88" codeSystemName="RXNORM" displayName="cefTRIAXone 10GM Intravenous Powder for Solution" />
                  </manufacturedMaterial>
                </manufacturedProduct>
              </consumable>
            </substanceAdministration>
          </entry>
        </section>
      </component>
      <component>
        <section>
          <templateId root="2.16.840.1.113883.10.20.22.2.8" />
          <code code="51848-0" codeSystem="2.16.840.1.113883.6.1" codeSystemName="LOINC" displayName="Evaluation Note" />
          <title>Assessment</title>
          <text><table>
  <tbody>
    <tr>
      <td>
        <paragraph>You had the following problems:</paragraph>
        <list>
          <item>Fever</item>
          <item>Chronic rejection of renal transplant</item>
          <item>Severe Hypothyroidism</item>
          <item>Essential hypertension</item>
        </list>
      </td>
    </tr>
  </tbody>
</table></text>
        </section>
      </component>
      <component>
        <section>
          <templateId root="2.16.840.1.113883.10.20.22.2.41" />
          <code code="8653-8" codeSystem="2.16.840.1.113883.6.1" codeSystemName="LOINC" displayName="Hospital Discharge Instructions" />
          <title>Hospital Discharge Instructions</title>
          <text><table>
  <tbody>
    <tr>
      <td>
        <paragraph>Should you have any questions prior to discharge, please contact a member of your healthcare team. If you have left the hospital and have any questions, please contact your primary care physician.</paragraph>
      </td>
    </tr>
  </tbody>
</table></text>
        </section>
      </component>
      <component>
        <section>
          <templateId root="1.3.6.1.4.1.19376.1.5.3.1.3.1" extension="2014-06-09" />
          <code code="42349-1" codeSystem="2.16.840.1.113883.6.1" codeSystemName="LOINC" displayName="Reason for Referral" />
          <title>Reason For Referral</title>
          <text><table>
  <tbody>
    <tr ID="referralReason1">
      <td>
        <paragraph>Receiving Provider: Dr. Penny Puffer</paragraph>
        <paragraph>Portland,OR 97005</paragraph>
        <paragraph>Phone: 555-555-1049</paragraph>
        <paragraph>Appointment Date: 06/13/2017</paragraph>
      </td>
    </tr>
  </tbody>
</table></text>
        </section>
      </component>
      <component>
        <section nullFlavor="NI">
          <templateId root="2.16.840.1.113883.10.20.22.2.7.1" />
          <code code="47519-4" codeSystem="2.16.840.1.113883.6.1" codeSystemName="LOINC" displayName="PROCEDURES" />
          <title>Procedures</title>
          <text><table><thead><tr><td></td></tr></thead><tbody><tr><td>No Data Found</td></tr></tbody></table></text>
        </section>
      </component>
      <component>
        <section>
          <templateId root="2.16.840.1.113883.10.20.22.2.5.1" />
          <templateId root="2.16.840.1.113883.10.20.22.2.5.1" extension="2015-08-01" />
          <code code="11450-4" codeSystem="2.16.840.1.113883.6.1" codeSystemName="LOINC" displayName="PROBLEM LIST" />
          <title>Problems</title>
          <text><table>
  <thead>
    <tr>
      <th>Problem</th>
      <th>Start Date</th>
      <th>Resolved Date</th>
      <th>Status</th>
      <th>Code</th>
      <th>Code System</th>
    </tr>
  </thead>
  <tbody>
    <tr ID="problem1">
      <td>Fever</td>
      <td/>
      <td/>
      <td>active</td>
      <td>386661006</td>
      <td>SNOMED-CT</td>
    </tr>
    <tr ID="problem2">
      <td>Chronic rejection of renal transplant</td>
      <td/>
      <td/>
      <td>active</td>
      <td>236578006</td>
      <td>SNOMED-CT</td>
    </tr>
    <tr ID="problem3">
      <td>Severe Hypothyroidism</td>
      <td/>
      <td/>
      <td>active</td>
      <td>83986005</td>
      <td>SNOMED-CT</td>
    </tr>
    <tr ID="problem4">
      <td>Essential hypertension</td>
      <td/>
      <td/>
      <td>active</td>
      <td>59621000</td>
      <td>SNOMED-CT</td>
    </tr>
    <tr ID="problem5">
      <td>Overweight</td>
      <td/>
      <td>06/01/2007</td>
      <td>resolved</td>
      <td>238131007</td>
      <td>SNOMED-CT</td>
    </tr>
  </tbody>
</table></text>
          <entry>
            <act classCode="ACT" moodCode="EVN">
              <templateId root="2.16.840.1.113883.10.20.22.4.3" extension="2015-08-01" />
              <templateId root="2.16.840.1.113883.10.20.22.4.3" />
              <id root="cba448a7-8619-4187-bce6-176a5786d4fd" />
              <code code="CONC" codeSystem="2.16.840.1.113883.5.6" displayName="Concern" />
              <statusCode code="active" />
              <effectiveTime>
                <low nullFlavor="UNK" />
              </effectiveTime>
              <entryRelationship typeCode="SUBJ">
                <observation classCode="OBS" moodCode="EVN">
                  <templateId root="2.16.840.1.113883.10.20.22.4.4" extension="2015-08-01" />
                  <templateId root="2.16.840.1.113883.10.20.22.4.4" />
                  <id root="fe4fb119-cb0b-436b-9c77-ba70e382a394" />
                  <code code="55607006" codeSystem="2.16.840.1.113883.6.96" codeSystemName="SNOMED CT" displayName="Problem">
                    <translation code="75326-9" codeSystem="2.16.840.1.113883.6.1" codeSystemName="LOINC" displayName="Problem" />
                  </code>
                  <statusCode code="completed" />
                  <effectiveTime>
                    <low nullFlavor="UNK" />
                  </effectiveTime>
                  <value xmlns:xsi="http://www.w3.org/2001/XMLSchema-instance" xsi:type="CD" codeSystem="2.16.840.1.113883.6.96" code="386661006" displayName="Fever" />
                </observation>
              </entryRelationship>
            </act>
          </entry>
          <entry>
            <act classCode="ACT" moodCode="EVN">
              <templateId root="2.16.840.1.113883.10.20.22.4.3" extension="2015-08-01" />
              <templateId root="2.16.840.1.113883.10.20.22.4.3" />
              <id root="3f4f6c50-61e7-47c6-8bde-a8a462bb2eb9" />
              <code code="CONC" codeSystem="2.16.840.1.113883.5.6" displayName="Concern" />
              <statusCode code="active" />
              <effectiveTime>
                <low nullFlavor="UNK" />
              </effectiveTime>
              <entryRelationship typeCode="SUBJ">
                <observation classCode="OBS" moodCode="EVN">
                  <templateId root="2.16.840.1.113883.10.20.22.4.4" extension="2015-08-01" />
                  <templateId root="2.16.840.1.113883.10.20.22.4.4" />
                  <id root="7817ef60-b209-41c4-abe0-f2a64096bcb4" />
                  <code code="55607006" codeSystem="2.16.840.1.113883.6.96" codeSystemName="SNOMED CT" displayName="Problem">
                    <translation code="75326-9" codeSystem="2.16.840.1.113883.6.1" codeSystemName="LOINC" displayName="Problem" />
                  </code>
                  <statusCode code="completed" />
                  <effectiveTime>
                    <low nullFlavor="UNK" />
                  </effectiveTime>
                  <value xmlns:xsi="http://www.w3.org/2001/XMLSchema-instance" xsi:type="CD" codeSystem="2.16.840.1.113883.6.96" code="236578006" displayName="Chronic rejection of renal transplant" />
                </observation>
              </entryRelationship>
            </act>
          </entry>
          <entry>
            <act classCode="ACT" moodCode="EVN">
              <templateId root="2.16.840.1.113883.10.20.22.4.3" extension="2015-08-01" />
              <templateId root="2.16.840.1.113883.10.20.22.4.3" />
              <id root="e0dd3ae3-63fb-42ba-99f4-1e66666dcd3f" />
              <code code="CONC" codeSystem="2.16.840.1.113883.5.6" displayName="Concern" />
              <statusCode code="active" />
              <effectiveTime>
                <low nullFlavor="UNK" />
              </effectiveTime>
              <entryRelationship typeCode="SUBJ">
                <observation classCode="OBS" moodCode="EVN">
                  <templateId root="2.16.840.1.113883.10.20.22.4.4" extension="2015-08-01" />
                  <templateId root="2.16.840.1.113883.10.20.22.4.4" />
                  <id root="7d6c6170-4fc9-442c-9e42-05db7b697974" />
                  <code code="55607006" codeSystem="2.16.840.1.113883.6.96" codeSystemName="SNOMED CT" displayName="Problem">
                    <translation code="75326-9" codeSystem="2.16.840.1.113883.6.1" codeSystemName="LOINC" displayName="Problem" />
                  </code>
                  <statusCode code="completed" />
                  <effectiveTime>
                    <low nullFlavor="UNK" />
                  </effectiveTime>
                  <value xmlns:xsi="http://www.w3.org/2001/XMLSchema-instance" xsi:type="CD" codeSystem="2.16.840.1.113883.6.96" code="83986005" displayName="Severe Hypothyroidism" />
                </observation>
              </entryRelationship>
            </act>
          </entry>
          <entry>
            <act classCode="ACT" moodCode="EVN">
              <templateId root="2.16.840.1.113883.10.20.22.4.3" extension="2015-08-01" />
              <templateId root="2.16.840.1.113883.10.20.22.4.3" />
              <id root="7788bf57-de8d-4ccc-a711-5f60513b43f7" />
              <code code="CONC" codeSystem="2.16.840.1.113883.5.6" displayName="Concern" />
              <statusCode code="active" />
              <effectiveTime>
                <low nullFlavor="UNK" />
              </effectiveTime>
              <entryRelationship typeCode="SUBJ">
                <observation classCode="OBS" moodCode="EVN">
                  <templateId root="2.16.840.1.113883.10.20.22.4.4" extension="2015-08-01" />
                  <templateId root="2.16.840.1.113883.10.20.22.4.4" />
                  <id root="8896c0e3-4ced-44fb-a1fd-5a8d5f300f2e" />
                  <code code="55607006" codeSystem="2.16.840.1.113883.6.96" codeSystemName="SNOMED CT" displayName="Problem">
                    <translation code="75326-9" codeSystem="2.16.840.1.113883.6.1" codeSystemName="LOINC" displayName="Problem" />
                  </code>
                  <statusCode code="completed" />
                  <effectiveTime>
                    <low nullFlavor="UNK" />
                  </effectiveTime>
                  <value xmlns:xsi="http://www.w3.org/2001/XMLSchema-instance" xsi:type="CD" codeSystem="2.16.840.1.113883.6.96" code="59621000" displayName="Essential hypertension" />
                </observation>
              </entryRelationship>
            </act>
          </entry>
          <entry>
            <act classCode="ACT" moodCode="EVN">
              <templateId root="2.16.840.1.113883.10.20.22.4.3" extension="2015-08-01" />
              <templateId root="2.16.840.1.113883.10.20.22.4.3" />
              <id root="52d80cd3-1f5f-4684-b677-a7aad7ad8dea" />
              <code code="CONC" codeSystem="2.16.840.1.113883.5.6" displayName="Concern" />
              <statusCode code="completed" />
              <effectiveTime>
                <low nullFlavor="UNK" />
                <high value="20070601" />
              </effectiveTime>
              <entryRelationship typeCode="SUBJ">
                <observation classCode="OBS" moodCode="EVN">
                  <templateId root="2.16.840.1.113883.10.20.22.4.4" extension="2015-08-01" />
                  <templateId root="2.16.840.1.113883.10.20.22.4.4" />
                  <id root="43c11013-2008-4a09-afbf-cc216a2fa29a" />
                  <code code="55607006" codeSystem="2.16.840.1.113883.6.96" codeSystemName="SNOMED CT" displayName="Problem">
                    <translation code="75326-9" codeSystem="2.16.840.1.113883.6.1" codeSystemName="LOINC" displayName="Problem" />
                  </code>
                  <statusCode code="completed" />
                  <effectiveTime>
                    <low nullFlavor="UNK" />
                    <high value="20070601" />
                  </effectiveTime>
                  <value xmlns:xsi="http://www.w3.org/2001/XMLSchema-instance" xsi:type="CD" codeSystem="2.16.840.1.113883.6.96" code="238131007" displayName="Overweight" />
                </observation>
              </entryRelationship>
            </act>
          </entry>
        </section>
      </component>
      <component>
        <section>
          <templateId root="2.16.840.1.113883.10.20.22.2.6.1" />
          <templateId root="2.16.840.1.113883.10.20.22.2.6.1" extension="2015-08-01" />
          <code code="48765-2" codeSystem="2.16.840.1.113883.6.1" codeSystemName="LOINC" displayName="Allergies, adverse reactions, alerts" />
          <title>Allergies</title>
          <text><table>
  <thead>
    <tr>
      <th>Allergy Substance</th>
      <th>Reaction</th>
      <th>Severity</th>
      <th>Start Date</th>
      <th>Concern Status</th>
      <th>Code</th>
      <th>Code System</th>
    </tr>
  </thead>
  <tbody>
    <tr ID="Drug1">
      <td>PENICILLIN G</td>
      <td>Hives (SNOMED-CT: 247472004)</td>
      <td/>
      <td/>
      <td>Active</td>
      <td>7980</td>
      <td>RxNorm</td>
    </tr>
    <tr ID="Drug2">
      <td>AMPICILLIN</td>
      <td>Hives (SNOMED-CT: 247472004)</td>
      <td/>
      <td/>
      <td>Active</td>
      <td>733</td>
      <td>RxNorm</td>
    </tr>
  </tbody>
</table></text>
          <entry typeCode="DRIV">
            <act classCode="ACT" moodCode="EVN">
              <templateId root="2.16.840.1.113883.10.20.22.4.30" />
              <templateId root="2.16.840.1.113883.10.20.22.4.30" extension="2015-08-01" />
              <id root="95d9b8a6-11b4-4a97-bd64-2804a976df5a" />
              <code code="CONC" codeSystem="2.16.840.1.113883.5.6" />
              <statusCode code="active" />
              <effectiveTime>
                <low value="20170524" />
              </effectiveTime>
              <entryRelationship typeCode="SUBJ">
                <observation classCode="OBS" moodCode="EVN">
                  <templateId root="2.16.840.1.113883.10.20.22.4.7" extension="2014-06-09" />
                  <templateId root="2.16.840.1.113883.10.20.22.4.7" />
                  <id root="b2eebc4c-169a-443f-b13d-75b83bf7fbea" />
                  <code code="ASSERTION" codeSystem="2.16.840.1.113883.5.4" />
                  <statusCode code="completed" />
                  <effectiveTime>
                    <low nullFlavor="UNK" />
                  </effectiveTime>
                  <value xmlns:xsi="http://www.w3.org/2001/XMLSchema-instance" xsi:type="CD" codeSystem="2.16.840.1.113883.6.96" codeSystemName="SNOMED CT" code="416098002" displayName="Drug allergy (disorder)" />
                  <participant typeCode="CSM">
                    <participantRole classCode="MANU">
                      <playingEntity classCode="MMAT">
                        <code code="7980" codeSystem="2.16.840.1.113883.6.88" codeSystemName="RXNORM" displayName="PENICILLIN G" />
                      </playingEntity>
                    </participantRole>
                  </participant>
                  <entryRelationship typeCode="MFST" inversionInd="true">
                    <observation classCode="OBS" moodCode="EVN">
                      <templateId root="2.16.840.1.113883.10.20.22.4.9" extension="2014-06-09" />
                      <templateId root="2.16.840.1.113883.10.20.22.4.9" />
                      <id root="8b0c8904-1a63-45a3-9be4-5cbddb11983e" />
                      <code code="ASSERTION" codeSystem="2.16.840.1.113883.5.4" />
                      <statusCode code="completed" />
                      <value xmlns:xsi="http://www.w3.org/2001/XMLSchema-instance" xsi:type="CD" code="247472004" codeSystem="2.16.840.1.113883.6.96" displayName="Hives" />
                    </observation>
                  </entryRelationship>
                </observation>
              </entryRelationship>
            </act>
          </entry>
          <entry typeCode="DRIV">
            <act classCode="ACT" moodCode="EVN">
              <templateId root="2.16.840.1.113883.10.20.22.4.30" />
              <templateId root="2.16.840.1.113883.10.20.22.4.30" extension="2015-08-01" />
              <id root="6a7672c4-f18e-46a8-9a63-9d885607dc62" />
              <code code="CONC" codeSystem="2.16.840.1.113883.5.6" />
              <statusCode code="active" />
              <effectiveTime>
                <low value="20170718" />
              </effectiveTime>
              <entryRelationship typeCode="SUBJ">
                <observation classCode="OBS" moodCode="EVN">
                  <templateId root="2.16.840.1.113883.10.20.22.4.7" extension="2014-06-09" />
                  <templateId root="2.16.840.1.113883.10.20.22.4.7" />
                  <id root="a200ad43-bfd2-4aa1-ac09-8758dd289342" />
                  <code code="ASSERTION" codeSystem="2.16.840.1.113883.5.4" />
                  <statusCode code="completed" />
                  <effectiveTime>
                    <low nullFlavor="UNK" />
                  </effectiveTime>
                  <value xmlns:xsi="http://www.w3.org/2001/XMLSchema-instance" xsi:type="CD" codeSystem="2.16.840.1.113883.6.96" codeSystemName="SNOMED CT" code="416098002" displayName="Drug allergy (disorder)" />
                  <participant typeCode="CSM">
                    <participantRole classCode="MANU">
                      <playingEntity classCode="MMAT">
                        <code code="733" codeSystem="2.16.840.1.113883.6.88" codeSystemName="RXNORM" displayName="AMPICILLIN" />
                      </playingEntity>
                    </participantRole>
                  </participant>
                  <entryRelationship typeCode="MFST" inversionInd="true">
                    <observation classCode="OBS" moodCode="EVN">
                      <templateId root="2.16.840.1.113883.10.20.22.4.9" extension="2014-06-09" />
                      <templateId root="2.16.840.1.113883.10.20.22.4.9" />
                      <id root="9a7ba90b-f371-4132-a1fc-4508ec86f25e" />
                      <code code="ASSERTION" codeSystem="2.16.840.1.113883.5.4" />
                      <statusCode code="completed" />
                      <value xmlns:xsi="http://www.w3.org/2001/XMLSchema-instance" xsi:type="CD" code="247472004" codeSystem="2.16.840.1.113883.6.96" displayName="Hives" />
                    </observation>
                  </entryRelationship>
                </observation>
              </entryRelationship>
            </act>
          </entry>
        </section>
      </component>
      <component>
        <section>
          <templateId root="2.16.840.1.113883.10.20.22.2.10" extension="2014-06-09" />
          <code code="18776-5" codeSystem="2.16.840.1.113883.6.1" codeSystemName="LOINC" displayName="Plan of Care Note" />
          <title>Plan of Treatment</title>
          <text><table>
  <tbody>
    <tr ID="treatmentplan1">
      <td>Dr. Penny Puffer</td>
      <td colspan="2">06/13/2017</td>
    </tr>
  </tbody>
</table></text>
          <entry>
            <encounter classCode="ENC" moodCode="APT">
              <templateId root="2.16.840.1.113883.10.20.22.4.40" extension="2014-06-09" />
              <id root="59bc6d74-308f-4886-a4d4-06674ac7bf0d" />
              <code nullFlavor="NI" displayName="Dr. Penny Puffer" />
              <statusCode code="active" />
            </encounter>
          </entry>
        </section>
      </component>
      <component>
        <section nullFlavor="NI">
          <templateId root="2.16.840.1.113883.10.20.22.2.22.1" extension="2015-08-01" />
          <code code="46240-8" codeSystem="2.16.840.1.113883.6.1" codeSystemName="LOINC" displayName="History of encounters" />
          <title>Encounters</title>
          <text><table><thead><tr><td></td></tr></thead><tbody><tr><td>No Data Found</td></tr></tbody></table></text>
        </section>
      </component>
      <component>
        <section nullFlavor="NI">
          <templateId root="2.16.840.1.113883.10.20.22.2.60" />
          <code code="61146-7" codeSystem="2.16.840.1.113883.6.1" codeSystemName="LOINC" displayName="Goals" />
          <title>Goals</title>
          <text><table><thead><tr><td></td></tr></thead><tbody><tr><td>No Data Found</td></tr></tbody></table></text>
        </section>
      </component>
      <component>
        <section nullFlavor="NI">
          <templateId root="2.16.840.1.113883.10.20.22.2.58" />
          <code code="75310-3" codeSystem="2.16.840.1.113883.6.1" codeSystemName="LOINC" displayName="Health Concerns Document" />
          <title>Health Concerns Section</title>
          <text><table><thead><tr><td></td></tr></thead><tbody><tr><td>No Data Found</td></tr></tbody></table></text>
        </section>
      </component>
    </structuredBody>
  </component>
</ClinicalDocument>