<?xml version="1.0" encoding="UTF-8"?>
<?xml-stylesheet type="text/xsl" href="CHSViewCCD_V002.xsl"?>
<ClinicalDocument xsi:schemaLocation="urn:hl7-org:v3 CDA.xsd" xmlns:xsi="http://www.w3.org/2001/XMLSchema-instance" xmlns="urn:hl7-org:v3" xmlns:voc="urn:hl7-org:v3/voc" xmlns:sdtc="urn:hl7-org:sdtc">
<realmCode code="US"></realmCode>
<typeId extension="POCD_HD000040" root="2.16.840.1.113883.1.3"></typeId>
<templateId root="2.16.840.1.113883.10.20.22.1.1"></templateId>
<templateId root="2.16.840.1.113883.10.20.22.1.1" extension="2015-08-01"></templateId>
<templateId root="2.16.840.1.113883.10.20.22.1.2"></templateId>
<templateId root="2.16.840.1.113883.10.20.22.1.2" extension="2015-08-01"></templateId>
<id root="1.3.6.1.4.1.21367.13.20.1000.1.3.8.1.16208"></id>
<code code="34133-9" displayName="Summary of Episode Note" codeSystemName="LOINC" codeSystem="2.16.840.1.113883.6.1"></code>
<title>Summary of Episode Wright 518</title>
<effectiveTime value="20170518111420-0400"></effectiveTime>
<confidentialityCode code="N" displayName="Normal" codeSystem="2.16.840.1.113883.5.25" codeSystemName="Confidentiality"></confidentialityCode>
<languageCode code="en-US"></languageCode>
<recordTarget>
<patientRole>
<id root="1.3.6.1.4.1.21367.13.20.1000.1.3.7.1" extension="235" assigningAuthorityName="W001: Mainland Health Systems Locally-assigned Medical Record Number"></id>
<id root="1.3.6.1.4.1.21367.13.20.1000.1.3.7.4" extension="1" assigningAuthorityName="City General (Cert): Mainland Health Systems Locally-assigned Alternate Visit Identifier"></id>
<id root="1.3.6.1.4.1.21367.13.20.1000.1.3.7.3" extension="3235" assigningAuthorityName="City General (Cert): Mainland Health Systems Locally-assigned Patient Account Number"></id>
<addr use="HP">
<streetAddressLine>1357 Amber Dr</streetAddressLine>
<postBox nullFlavor="NI"></postBox>
<city>Beaverton</city>
<state>OR</state>
<postalCode>97006</postalCode>
<country nullFlavor="NI"></country>
</addr>
<telecom use="HP" value="tel:555-723-1544"></telecom>
<telecom use="MC" value="tel:555-777-1234"></telecom>
<patient>
<name>
<prefix nullFlavor="NI"></prefix>
<given>John</given>
<given>R</given>
<family>Wright</family>
<suffix>Jr.</suffix>
</name>
<administrativeGenderCode code="M" displayName="Male" codeSystem="2.16.840.1.113883.5.1" codeSystemName="AdministrativeGender">
<translation code="0" displayName="0" codeSystem="1.3.6.1.4.1.21367.13.20.1000.1.3.2.2" codeSystemName="Mainland Health Systems Locally-assigned Gender codes"></translation>
</administrativeGenderCode>
<birthTime value="19800801"></birthTime>
<maritalStatusCode nullFlavor="NI"></maritalStatusCode>
<raceCode nullFlavor="UNK">
<translation code="UNK" displayName="Unknown" codeSystem="2.16.840.1.113883.6.238" codeSystemName="Race &amp; Ethnicity - CDC"></translation>
</raceCode>
<ethnicGroupCode nullFlavor="UNK">
<translation code="UNK" displayName="Unknown" codeSystem="2.16.840.1.113883.6.238" codeSystemName="Race &amp; Ethnicity - CDC"></translation>
</ethnicGroupCode>
<languageCommunication>
<languageCode code="EN"></languageCode>
<preferenceInd value="true"></preferenceInd>
</languageCommunication>
</patient>
<providerOrganization>
<id root="1.3.6.1.4.1.21367.13.20.1000.1.3.6.5" extension="Entity:1002" assigningAuthorityName="Health Enterprise"></id>
<name>City General (Cert)</name>
<telecom use="WP" value="tel:555-555-1002"></telecom>
<addr use="WP">
<streetAddressLine>1002 Healthcare Dr</streetAddressLine>
<postBox nullFlavor="NI"></postBox>
<city>Portland</city>
<state>OR</state>
<postalCode>97266</postalCode>
<country>United States</country>
</addr>
</providerOrganization>
</patientRole>
</recordTarget>
<author>
<time value="20170518111420-0400"></time>
<assignedAuthor>
<id root="1.3.6.1.4.1.21367.13.20.1000.1.3.8.3" extension="MSI:000001" assigningAuthorityName="City General (Cert)"></id>
<addr use="WP">
<streetAddressLine>1002 Healthcare Dr</streetAddressLine>
<postBox nullFlavor="NI"></postBox>
<city>Portland</city>
<state>OR</state>
<postalCode>97266</postalCode>
<country nullFlavor="NI"></country>
</addr>
<telecom use="WP" value="tel:555-555-1002"></telecom>
<assignedPerson>
<name>
<prefix>Dr.</prefix>
<given>Henry</given>
<given nullFlavor="NI"></given>
<family>Seven</family>
<suffix>Dr.</suffix>
</name>
</assignedPerson>
</assignedAuthor>
</author>
<custodian>
<assignedCustodian>
<representedCustodianOrganization>
<id nullFlavor="NI"></id>
<name>Health Enterprise</name>
<telecom value="tel:--6102196300"></telecom>
<addr>
<streetAddressLine>53 Valley Stream Parkway</streetAddressLine>
<postBox nullFlavor="NI"></postBox>
<city>Malvern</city>
<state>PA</state>
<postalCode>19355</postalCode>
<country>United States</country>
</addr>
</representedCustodianOrganization>
</assignedCustodian>
</custodian>
<legalAuthenticator>
<time value="20170518111420-0400"></time>
<signatureCode code="S"></signatureCode>
<assignedEntity>
<id nullFlavor="NI"></id>
<addr nullFlavor="NI"></addr>
<telecom nullFlavor="NI"></telecom>
<assignedPerson>
<name>
<prefix>Dr.</prefix>
<given>Henry</given>
<given nullFlavor="NI"></given>
<family>Seven</family>
<suffix>Dr.</suffix>
</name>
</assignedPerson>
</assignedEntity>
</legalAuthenticator>
<participant typeCode="IND">
<associatedEntity classCode="PRS">
<code nullFlavor="NI">
<translation code="PCMH" displayName="Patient Centered Medical Home" codeSystem="1.3.6.1.4.1.21367.13.20.1000.1.3.2.11" codeSystemName="Mainland Health Systems Locally-assigned role codes"></translation>
</code>
<addr use="WP">
<streetAddressLine>1002 Healthcare Dr</streetAddressLine>
<postBox nullFlavor="NI"></postBox>
<city>Portland</city>
<state nullFlavor="NI"></state>
<postalCode>97266</postalCode>
<country nullFlavor="NI"></country>
</addr>
<telecom use="WP" value="tel:555 555-1002"></telecom>
<associatedPerson>
<name>
<prefix nullFlavor="NI"></prefix>
<given>Mary</given>
<family>McDonald</family>
<suffix nullFlavor="NI"></suffix>
</name>
</associatedPerson>
</associatedEntity>
</participant>
<participant typeCode="IND">
<associatedEntity classCode="PRS">
<code nullFlavor="NI">
<translation code="Spouse" displayName="Spouse" codeSystem="1.3.6.1.4.1.21367.13.20.1000.1.3.2.11" codeSystemName="Mainland Health Systems Locally-assigned role codes"></translation>
</code>
<addr use="WP">
<streetAddressLine>1357 Amber Dr</streetAddressLine>
<postBox nullFlavor="NI"></postBox>
<city>Beaverton</city>
<state nullFlavor="NI"></state>
<postalCode>97006</postalCode>
<country nullFlavor="NI"></country>
</addr>
<telecom nullFlavor="NI"></telecom>
<associatedPerson>
<name>
<prefix nullFlavor="NI"></prefix>
<given>Kathy</given>
<family>Wright</family>
<suffix nullFlavor="NI"></suffix>
</name>
</associatedPerson>
</associatedEntity>
</participant>
<participant typeCode="IND">
<associatedEntity classCode="PRS">
<code nullFlavor="NI">
<translation code="GrandParent" displayName="Grand Parent" codeSystem="1.3.6.1.4.1.21367.13.20.1000.1.3.2.11" codeSystemName="Mainland Health Systems Locally-assigned role codes"></translation>
</code>
<addr use="WP">
<streetAddressLine>1357 Amber Dr</streetAddressLine>
<postBox nullFlavor="NI"></postBox>
<city>Beaverton</city>
<state nullFlavor="NI"></state>
<postalCode>97006</postalCode>
<country nullFlavor="NI"></country>
</addr>
<telecom nullFlavor="NI"></telecom>
<associatedPerson>
<name>
<prefix nullFlavor="NI"></prefix>
<given>Mr. Mathew</given>
<family>Wright</family>
<suffix nullFlavor="NI"></suffix>
</name>
</associatedPerson>
</associatedEntity>
</participant>
<documentationOf>
<serviceEvent classCode="PCPR">
<effectiveTime>
<low value="20150722180000-0400"></low>
<high value="20150722230000-0400"></high>
</effectiveTime>
<performer typeCode="PRF">
<functionCode code="PCP" displayName="Primary Care Provider Performer" codeSystem="2.16.840.1.113883.12.443" codeSystemName="Provider Role">
<originalText>Primary Care Provider</originalText>
</functionCode>
<assignedEntity>
<id root="1.3.6.1.4.1.21367.13.20.1000.1.3.2.10" extension="MSI:000001" assigningAuthorityName="Mainland Health Systems Locally-assigned staff codes"></id>
<addr use="WP">
<streetAddressLine>1002 Healthcare Dr</streetAddressLine>
<postBox nullFlavor="NI"></postBox>
<city>Portland</city>
<state>OR</state>
<postalCode>97266</postalCode>
<country nullFlavor="NI"></country>
</addr>
<addr use="WP">
<streetAddressLine>1002 Healthcare Dr</streetAddressLine>
<postBox nullFlavor="NI"></postBox>
<city>Portland</city>
<state nullFlavor="NI"></state>
<postalCode>97266</postalCode>
<country nullFlavor="NI"></country>
</addr>
<telecom use="WP" value="tel:555-555-1002"></telecom>
<telecom use="WP" value="tel:555 555-1002"></telecom>
<assignedPerson>
<name>
<prefix>Dr.</prefix>
<given>Henry</given>
<family>Seven</family>
<suffix>Dr.</suffix>
</name>
</assignedPerson>
</assignedEntity>
</performer>
</serviceEvent>
</documentationOf>
<componentOf>
<encompassingEncounter>
<id root="2.16.840.1.113883.19" extension="1477"></id>
<effectiveTime>
<low value="20150722180000-0400"></low>
<high value="20150722230000-0400"></high>
</effectiveTime>
<encounterParticipant typeCode="ATND">
<assignedEntity>
<id root="1.3.6.1.4.1.21367.13.20.1000.1.3.2.10" extension="MSI:000001" assigningAuthorityName="Mainland Health Systems Locally-assigned staff codes"></id>
<addr use="WP">
<streetAddressLine>1002 Healthcare Dr</streetAddressLine>
<postBox nullFlavor="NI"></postBox>
<city>Portland</city>
<state>OR</state>
<postalCode>97266</postalCode>
<country nullFlavor="NI"></country>
</addr>
<telecom use="WP" value="tel:555-555-1002"></telecom>
<assignedPerson>
<name>
<prefix>Dr.</prefix>
<given>Henry</given>
<family>Seven</family>
<suffix>Dr.</suffix>
</name>
</assignedPerson>
</assignedEntity>
</encounterParticipant>
<encounterParticipant typeCode="DIS">
<assignedEntity>
<id root="1.3.6.1.4.1.21367.13.20.1000.1.3.2.10" extension="MSI:000001" assigningAuthorityName="Mainland Health Systems Locally-assigned staff codes"></id>
<addr use="WP">
<streetAddressLine>1002 Healthcare Dr</streetAddressLine>
<postBox nullFlavor="NI"></postBox>
<city>Portland</city>
<state>OR</state>
<postalCode>97266</postalCode>
<country nullFlavor="NI"></country>
</addr>
<telecom use="WP" value="tel:555-555-1002"></telecom>
<assignedPerson>
<name>
<prefix>Dr.</prefix>
<given>Henry</given>
<family>Seven</family>
<suffix>Dr.</suffix>
</name>
</assignedPerson>
</assignedEntity>
</encounterParticipant>
<location>
<healthCareFacility>
<id root="1.3.6.1.4.1.21367.13.20.1000.1.3.6.5" extension="MRU:1045" assigningAuthorityName="City General (Cert)"></id>
<location>
<name>Medicine</name>
<addr use="WP">
<streetAddressLine>1002 Healthcare Dr</streetAddressLine>
<postBox nullFlavor="NI"></postBox>
<city>Portland</city>
<state>OR</state>
<postalCode>97266</postalCode>
<country>United States</country>
</addr>
</location>
</healthCareFacility>
</location>
</encompassingEncounter>
</componentOf>
<!--***********************************************-->
<!--              CDA Structured Body                 -->
<!--***********************************************-->
<component>
<structuredBody>
<component>
<section nullFlavor="NI">
<templateId root="1.3.6.1.4.1.19376.1.5.3.1.3.5" assigningAuthorityName="CCD"></templateId>
<templateId root="2.16.840.1.113883.3.88.11.83.121"></templateId>
<code code="8648-8" displayName="Hospital Course" codeSystem="2.16.840.1.113883.6.1" codeSystemName="LOINC"></code>
<title>Hospital Course</title>
<text></text>
</section>
</component>
<component>
<section nullFlavor="NI">
<templateId root="2.16.840.1.113883.10.20.22.2.5"></templateId>
<templateId root="2.16.840.1.113883.10.20.22.2.5" extension="2015-08-01"></templateId>
<templateId root="2.16.840.1.113883.10.20.22.2.5.1"></templateId>
<templateId root="2.16.840.1.113883.10.20.22.2.5.1" extension="2015-08-01"></templateId>
<code code="11450-4" codeSystem="2.16.840.1.113883.6.1"></code>
<title>Problems</title>
<!--****  Problems Section Narrative Block  ****-->
<text>
<content styleCode="Bold">Encounter Diagnosis</content>
<br></br>
<paragraph>
<content ID="ZProblems.Problems.POCPRB-PHL01-NO-DATA">No relevant problems exist.</content>
</paragraph>
</text>
<!--**** Problems Section Structured Body ****-->
<entry typeCode="DRIV">
<act classCode="ACT" moodCode="EVN">
<templateId root="2.16.840.1.113883.10.20.22.4.3"></templateId>
<templateId root="2.16.840.1.113883.10.20.22.4.3" extension="2015-08-01"></templateId>
<id nullFlavor="NI"></id>
<code code="CONC" codeSystem="2.16.840.1.113883.5.6"></code>
<statusCode code="active"></statusCode>
<effectiveTime>
<low nullFlavor="UNK"></low>
</effectiveTime>
<entryRelationship typeCode="SUBJ" inversionInd="false">
<observation classCode="OBS" moodCode="EVN" negationInd="true">
<templateId root="2.16.840.1.113883.10.20.22.4.4"></templateId>
<templateId root="2.16.840.1.113883.10.20.22.4.4" extension="2015-08-01"></templateId>
<id root="1.3.6.1.4.1.21367.13.20.1000.1.3.2.6.1" extension="POCPRB_PHL01_NO_DATA"></id>
<code code="55607006" codeSystem="2.16.840.1.113883.6.96" displayName="Problem" codeSystemName="SNOMED CT">
<translation code="75326-9" codeSystem="2.16.840.1.113883.6.1" displayName="Problem HL7.CCDAR2" codeSystemName="LOINC"></translation>
</code>
<text>
<reference value="#ZProblems.Problems.POCPRB-PHL01-NO-DATA"></reference>
</text>
<statusCode code="completed"></statusCode>
<effectiveTime>
<low nullFlavor="UNK"></low>
</effectiveTime>
<value xsi:type="CD" nullFlavor="NI"></value>
</observation>
</entryRelationship>
</act>
</entry>
</section>
</component>
<component>
<section>
<templateId root="2.16.840.1.113883.10.20.22.2.6"></templateId>
<templateId root="2.16.840.1.113883.10.20.22.2.6" extension="2015-08-01"></templateId>
<templateId root="2.16.840.1.113883.10.20.22.2.6.1"></templateId>
<templateId root="2.16.840.1.113883.10.20.22.2.6.1" extension="2015-08-01"></templateId>
<code code="48765-2" codeSystem="2.16.840.1.113883.6.1" displayName="Allergies and adverse reactions" codeSystemName="LOINC"></code>
<title>Allergies and Intolerances</title>
<!--****  Alert Section Narrative Block  ****-->
<text>This section is representative of the current allergy information, at the time of the CCD generation. In the case of regeneration of the CCD, the allergy information may not reflect the state of known allergies at the time of the CCD's subject visit.<br></br>
<br></br>
<list listType="unordered">
<item>
<content ID="ZCCD-Allergies.CCD-Allergies.NoLatex">No Latex Allergy.</content>
</item>
<item>
<content ID="ZCCD-Allergies.CCD-Allergies.NoContrast">No IV Contrast Allergy.</content>
</item>
<item>
<content ID="ZCCD-Allergies.CCD-Allergies.NKDA">No Known Drug Allergies.</content>
</item>
<item>
<content ID="ZCCD-Allergies.CCD-Allergies.NKFA">No Known Food Allergies.</content>
</item>
<item>
<content ID="ZCCD-Allergies.CCD-Allergies.NKA">No Known Allergies.</content>
</item>
</list>
</text>
<!--**** Alert Section Structured Body ****-->
<entry typeCode="DRIV">
<act classCode="ACT" moodCode="EVN">
<templateId root="2.16.840.1.113883.10.20.22.4.30"></templateId>
<templateId root="2.16.840.1.113883.10.20.22.4.30" extension="2015-08-01"></templateId>
<id root="1.3.6.1.4.1.21367.13.20.1000.1.3.2.6.2" extension="NKA"></id>
<code code="CONC" codeSystem="2.16.840.1.113883.5.6" codeSystemName="HL7ActClass"></code>
<statusCode code="active"></statusCode>
<effectiveTime>
<low nullFlavor="UNK"></low>
</effectiveTime>
<author>
<templateId root="2.16.840.1.113883.10.20.22.4.119"></templateId>
<time value="20160830200109+0000"></time>
<assignedAuthor>
<id nullFlavor="NI"></id>
<addr nullFlavor="NI"></addr>
<telecom nullFlavor="NI"></telecom>
</assignedAuthor>
</author>
<entryRelationship typeCode="SUBJ" inversionInd="false">
<observation classCode="OBS" moodCode="EVN" negationInd="true">
<templateId root="2.16.840.1.113883.10.20.22.4.7"></templateId>
<templateId root="2.16.840.1.113883.10.20.22.4.7" extension="2014-06-09"></templateId>
<id root="1.3.6.1.4.1.21367.13.20.1000.1.3.2.6.2" extension="NKA"></id>
<code code="ASSERTION" codeSystem="2.16.840.1.113883.5.4"></code>
<statusCode code="completed"></statusCode>
<effectiveTime>
<low nullFlavor="UNK"></low>
</effectiveTime>
<value xsi:type="CD" code="419199007" displayName="Allergy to Substance" codeSystem="2.16.840.1.113883.6.96" codeSystemName="SNOMED CT"></value>
<participant typeCode="CSM">
<participantRole classCode="MANU">
<playingEntity classCode="MMAT">
<code nullFlavor="NAV">
<translation code="NRS_AL_NKACODE" displayName="NKA" codeSystem="1.3.6.1.4.1.21367.13.20.1000.1.3.3.1" codeSystemName="Mainland Health Systems Locally-assigned Allergy Indicator codes"></translation>
</code>
</playingEntity>
</participantRole>
</participant>
</observation>
</entryRelationship>
</act>
</entry>
<entry typeCode="DRIV">
<act classCode="ACT" moodCode="EVN">
<templateId root="2.16.840.1.113883.10.20.22.4.30"></templateId>
<templateId root="2.16.840.1.113883.10.20.22.4.30" extension="2015-08-01"></templateId>
<id root="1.3.6.1.4.1.21367.13.20.1000.1.3.2.6.2" extension="NKDA"></id>
<code code="CONC" codeSystem="2.16.840.1.113883.5.6" codeSystemName="HL7ActClass"></code>
<statusCode code="active"></statusCode>
<effectiveTime>
<low nullFlavor="UNK"></low>
</effectiveTime>
<author>
<templateId root="2.16.840.1.113883.10.20.22.4.119"></templateId>
<time value="20160830200109+0000"></time>
<assignedAuthor>
<id nullFlavor="NI"></id>
<addr nullFlavor="NI"></addr>
<telecom nullFlavor="NI"></telecom>
</assignedAuthor>
</author>
<entryRelationship typeCode="SUBJ" inversionInd="false">
<observation classCode="OBS" moodCode="EVN" negationInd="true">
<templateId root="2.16.840.1.113883.10.20.22.4.7"></templateId>
<templateId root="2.16.840.1.113883.10.20.22.4.7" extension="2014-06-09"></templateId>
<id root="1.3.6.1.4.1.21367.13.20.1000.1.3.2.6.2" extension="NKDA"></id>
<code code="ASSERTION" codeSystem="2.16.840.1.113883.5.4"></code>
<statusCode code="completed"></statusCode>
<effectiveTime>
<low nullFlavor="UNK"></low>
</effectiveTime>
<value xsi:type="CD" code="416098002" displayName="Drug allergy (disorder)" codeSystem="2.16.840.1.113883.6.96" codeSystemName="SNOMED CT"></value>
<participant typeCode="CSM">
<participantRole classCode="MANU">
<playingEntity classCode="MMAT">
<code nullFlavor="NAV">
<translation code="NRS_AL_NKDACODE" displayName="NKDA" codeSystem="1.3.6.1.4.1.21367.13.20.1000.1.3.3.1" codeSystemName="Mainland Health Systems Locally-assigned Allergy Indicator codes"></translation>
</code>
</playingEntity>
</participantRole>
</participant>
</observation>
</entryRelationship>
</act>
</entry>
<entry typeCode="DRIV">
<act classCode="ACT" moodCode="EVN">
<templateId root="2.16.840.1.113883.10.20.22.4.30"></templateId>
<templateId root="2.16.840.1.113883.10.20.22.4.30" extension="2015-08-01"></templateId>
<id root="1.3.6.1.4.1.21367.13.20.1000.1.3.2.6.2" extension="NKFA"></id>
<code code="CONC" codeSystem="2.16.840.1.113883.5.6" codeSystemName="HL7ActClass"></code>
<statusCode code="active"></statusCode>
<effectiveTime>
<low nullFlavor="UNK"></low>
</effectiveTime>
<author>
<templateId root="2.16.840.1.113883.10.20.22.4.119"></templateId>
<time value="20160830200109+0000"></time>
<assignedAuthor>
<id nullFlavor="NI"></id>
<addr nullFlavor="NI"></addr>
<telecom nullFlavor="NI"></telecom>
</assignedAuthor>
</author>
<entryRelationship typeCode="SUBJ" inversionInd="false">
<observation classCode="OBS" moodCode="EVN" negationInd="true">
<templateId root="2.16.840.1.113883.10.20.22.4.7"></templateId>
<templateId root="2.16.840.1.113883.10.20.22.4.7" extension="2014-06-09"></templateId>
<id root="1.3.6.1.4.1.21367.13.20.1000.1.3.2.6.2" extension="NKFA"></id>
<code code="ASSERTION" codeSystem="2.16.840.1.113883.5.4"></code>
<statusCode code="completed"></statusCode>
<effectiveTime>
<low nullFlavor="UNK"></low>
</effectiveTime>
<value xsi:type="CD" code="414285001" displayName="Food Allergy (disorder)" codeSystem="2.16.840.1.113883.6.96" codeSystemName="SNOMED CT"></value>
<participant typeCode="CSM">
<participantRole classCode="MANU">
<playingEntity classCode="MMAT">
<code nullFlavor="NAV">
<translation code="NRS_AL_NKFACODE" displayName="NKFA" codeSystem="1.3.6.1.4.1.21367.13.20.1000.1.3.3.1" codeSystemName="Mainland Health Systems Locally-assigned Allergy Indicator codes"></translation>
</code>
</playingEntity>
</participantRole>
</participant>
</observation>
</entryRelationship>
</act>
</entry>
<entry typeCode="DRIV">
<act classCode="ACT" moodCode="EVN">
<templateId root="2.16.840.1.113883.10.20.22.4.30"></templateId>
<templateId root="2.16.840.1.113883.10.20.22.4.30" extension="2015-08-01"></templateId>
<id root="1.3.6.1.4.1.21367.13.20.1000.1.3.2.6.2" extension="NoLatex"></id>
<code code="CONC" codeSystem="2.16.840.1.113883.5.6" codeSystemName="HL7ActClass"></code>
<statusCode code="active"></statusCode>
<effectiveTime>
<low nullFlavor="UNK"></low>
</effectiveTime>
<author>
<templateId root="2.16.840.1.113883.10.20.22.4.119"></templateId>
<time value="20160830200109+0000"></time>
<assignedAuthor>
<id nullFlavor="NI"></id>
<addr nullFlavor="NI"></addr>
<telecom nullFlavor="NI"></telecom>
</assignedAuthor>
</author>
<entryRelationship typeCode="SUBJ" inversionInd="false">
<observation classCode="OBS" moodCode="EVN" negationInd="true">
<templateId root="2.16.840.1.113883.10.20.22.4.7"></templateId>
<templateId root="2.16.840.1.113883.10.20.22.4.7" extension="2014-06-09"></templateId>
<id root="1.3.6.1.4.1.21367.13.20.1000.1.3.2.6.2" extension="NoLatex"></id>
<code code="ASSERTION" codeSystem="2.16.840.1.113883.5.4"></code>
<statusCode code="completed"></statusCode>
<effectiveTime>
<low nullFlavor="UNK"></low>
</effectiveTime>
<value xsi:type="CD" code="416098002" displayName="Drug allergy (disorder)" codeSystem="2.16.840.1.113883.6.96" codeSystemName="SNOMED CT"></value>
<participant typeCode="CSM">
<participantRole classCode="MANU">
<playingEntity classCode="MMAT">
<code nullFlavor="NAV">
<originalText>
<reference value="#ZCCD-Allergies.CCD-Allergies.NoLatex"></reference>
</originalText>
<translation code="8921" displayName="Latex" codeSystem="2.16.840.1.113883.6.63" codeSystemName="FDDC"></translation>
<translation code="2LQ0UUW8IN" displayName="Natural Latex Rubber" codeSystem="2.16.840.1.113883.4.9" codeSystemName="UNII"></translation>
<translation code="300916003" displayName=" Latex allergy" codeSystem="2.16.840.1.113883.6.96" codeSystemName="SNOMED CT"></translation>
</code>
</playingEntity>
</participantRole>
</participant>
</observation>
</entryRelationship>
</act>
</entry>
<entry typeCode="DRIV">
<act classCode="ACT" moodCode="EVN">
<templateId root="2.16.840.1.113883.10.20.22.4.30"></templateId>
<templateId root="2.16.840.1.113883.10.20.22.4.30" extension="2015-08-01"></templateId>
<id root="1.3.6.1.4.1.21367.13.20.1000.1.3.2.6.2" extension="NoContrast"></id>
<code code="CONC" codeSystem="2.16.840.1.113883.5.6" codeSystemName="HL7ActClass"></code>
<statusCode code="active"></statusCode>
<effectiveTime>
<low nullFlavor="UNK"></low>
</effectiveTime>
<author>
<templateId root="2.16.840.1.113883.10.20.22.4.119"></templateId>
<time value="20160830200109+0000"></time>
<assignedAuthor>
<id nullFlavor="NI"></id>
<addr nullFlavor="NI"></addr>
<telecom nullFlavor="NI"></telecom>
</assignedAuthor>
</author>
<entryRelationship typeCode="SUBJ" inversionInd="false">
<observation classCode="OBS" moodCode="EVN" negationInd="true">
<templateId root="2.16.840.1.113883.10.20.22.4.7"></templateId>
<templateId root="2.16.840.1.113883.10.20.22.4.7" extension="2014-06-09"></templateId>
<id root="1.3.6.1.4.1.21367.13.20.1000.1.3.2.6.2" extension="NoContrast"></id>
<code code="ASSERTION" codeSystem="2.16.840.1.113883.5.4"></code>
<statusCode code="completed"></statusCode>
<effectiveTime>
<low nullFlavor="UNK"></low>
</effectiveTime>
<value xsi:type="CD" code="416098002" displayName="Drug allergy (disorder)" codeSystem="2.16.840.1.113883.6.96" codeSystemName="SNOMED CT"></value>
<participant typeCode="CSM">
<participantRole classCode="MANU">
<playingEntity classCode="MMAT">
<code nullFlavor="NAV">
<originalText>
<reference value="#ZCCD-Allergies.CCD-Allergies.NoContrast"></reference>
</originalText>
<translation code="7" displayName="Contrast" codeSystem="2.16.840.1.113883.6.63" codeSystemName="FDDC"></translation>
</code>
</playingEntity>
</participantRole>
</participant>
</observation>
</entryRelationship>
</act>
</entry>
</section>
</component>
<component>
<section nullFlavor="NI">
<templateId root="2.16.840.1.113883.10.20.22.2.2"></templateId>
<templateId root="2.16.840.1.113883.10.20.22.2.2" extension="2015-08-01"></templateId>
<templateId root="2.16.840.1.113883.10.20.22.2.2.1"></templateId>
<templateId root="2.16.840.1.113883.10.20.22.2.2.1" extension="2015-08-01"></templateId>
<code code="11369-6" codeSystem="2.16.840.1.113883.6.1" displayName="History of immunizations" codeSystemName="LOINC"></code>
<title>Immunizations</title>
<!--****  Immunizations Section Narrative Block  ****-->
<text>
<paragraph>
<content ID="ZImmunizations.Immunizations.ORD-PHL02-NO-DATA">No immunizations administered or ordered.</content>
</paragraph>
</text>
<!--****  Immunizations Section Structured Body ****-->
</section>
</component>
<component>
<section nullFlavor="NI">
<templateId root="2.16.840.1.113883.10.20.22.2.1"></templateId>
<templateId root="2.16.840.1.113883.10.20.22.2.1" extension="2014-06-09"></templateId>
<templateId root="2.16.840.1.113883.10.20.22.2.1.1"></templateId>
<templateId root="2.16.840.1.113883.10.20.22.2.1.1" extension="2014-06-09"></templateId>
<code code="10160-0" codeSystem="2.16.840.1.113883.6.1" displayName="History of medication use" codeSystemName="LOINC"></code>
<title>Medication</title>
<!--****  Medications Section Narrative Block  ****-->
<text>
<paragraph>
<content styleCode="Bold">Discharge medications</content>
</paragraph>
<list listType="unordered">
<item>
<content ID="ZDischargeMeds.DischargeMeds.0">None</content>
</item>
</list>
</text>
<!--There are no relevant content available in this section -->
</section>
</component>
<component>
<section>
<templateId root="2.16.840.1.113883.10.20.22.2.7"></templateId>
<templateId root="2.16.840.1.113883.10.20.22.2.7" extension="2014-06-09"></templateId>
<templateId root="2.16.840.1.113883.10.20.22.2.7.1"></templateId>
<templateId root="2.16.840.1.113883.10.20.22.2.7.1" extension="2014-06-09"></templateId>
<code code="47519-4" displayName="History of procedures" codeSystem="2.16.840.1.113883.6.1" codeSystemName="LOINC"></code>
<title>Procedures</title>
<!--****  Procedures Section Narrative Block  ****-->
<text>
<list listType="unordered">
<item>
<content ID="ZCCDProcedureList.CCDProcedureList.1001">Completed Application of Dressing for burn, on 7/22/2015 6:00 PM</content>
</item>
</list>
</text>
<!--**** Procedures Section Structured Body ****-->
<entry typeCode="DRIV">
<procedure classCode="PROC" moodCode="EVN">
<templateId root="2.16.840.1.113883.10.20.22.4.14"></templateId>
<templateId root="2.16.840.1.113883.10.20.22.4.14" extension="2014-06-09"></templateId>
<id root="1.3.6.1.4.1.21367.13.20.1000.1.3.2.6.5" extension="1001"></id>
<code code="90660004" displayName="Application of Dressing for burn" codeSystem="2.16.840.1.113883.6.96" codeSystemName="SNOMED">
<originalText>
<reference value="#ZCCDProcedureList.CCDProcedureList.1001"></reference>
</originalText>
<translation code="1001" displayName="Application of Dressing for burn" codeSystem="1.3.6.1.4.1.21367.13.20.1000.1.3.6.7" codeSystemName="Mainland Health Systems Locally-assigned abbreviation for Procedure"></translation>
</code>
<text>
<reference value="#ZCCDProcedureList.CCDProcedureList.1001"></reference>
</text>
<statusCode code="completed"></statusCode>
<effectiveTime value="20150722180000-0400"></effectiveTime>
<author>
<templateId root="2.16.840.1.113883.10.20.22.4.119"></templateId>
<time value="20160913143344+0000"></time>
<assignedAuthor>
<id nullFlavor="NI"></id>
<addr nullFlavor="NI"></addr>
<telecom nullFlavor="NI"></telecom>
</assignedAuthor>
</author>
</procedure>
</entry>
</section>
</component>
<component>
<section nullFlavor="NI">
<templateId root="2.16.840.1.113883.10.20.22.2.23" extension="2014-06-09"></templateId>
<code code="46264-8" codeSystem="2.16.840.1.113883.6.1" codeSystemName="LOINC" displayName="Medical Equipment"></code>
<title>Medical Equipment Section</title>
<text>
<paragraph>
<content styleCode="Bold Underline CAPTION"></content>
</paragraph>
<paragraph>
<content ID="ORD_PHL07_NO_DATA">No implantable medical devices are associated to this patient. </content>
</paragraph>
</text>
</section>
</component>
<component>
<section>
<templateId root="2.16.840.1.113883.10.20.22.2.17"></templateId>
<templateId root="2.16.840.1.113883.10.20.22.2.17" extension="2015-08-01"></templateId>
<code code="29762-2" codeSystemName="LOINC" codeSystem="2.16.840.1.113883.6.1" displayName="Social History"></code>
<title>Social History</title>
<text>
<paragraph>
<content styleCode="Bold Underline CAPTION">Soacial History from 7/22/2015 5:03 PM:</content>
</paragraph>
<list listType="unordered" ID="ZSocial-History.CLX-Social-Hx_FS.48440.19129">
<item>Tobacco Use? : Smokes tobacco daily (449868002)</item>
</list>
<list listType="unordered" ID="ZSocial-History.CLX-Social-Hx_FS.48440.19124">
<item>Patient_BirthSex : Male</item>
</list>
<br></br>
</text>
<entry typeCode="DRIV">
<observation classCode="OBS" moodCode="EVN">
<templateId root="2.16.840.1.113883.10.20.22.4.78"></templateId>
<templateId root="2.16.840.1.113883.10.20.22.4.78" extension="2014-06-09"></templateId>
<id root="1.3.6.1.4.1.21367.13.20.1000.1.3.6.9" extension="19129"></id>
<code code="72166-2" codeSystem="2.16.840.1.113883.6.1" codeSystemName="LOINC">
<translation code="A_Tobacco?" displayName="Tobacco Use?" codeSystem="1.3.6.1.4.1.21367.13.20.1000.1.3.6.11" codeSystemName="Mainland Health Systems Locally-assigned Social History codes"></translation>
</code>
<statusCode code="completed"></statusCode>
<effectiveTime value="20150722170300-0400"></effectiveTime>
<value xsi:type="CD" code="449868002" codeSystem="2.16.840.1.113883.6.96">
<originalText>
<reference value="ZSocial-History.CLX-Social-Hx_FS.48440.19129"></reference>
</originalText>
</value>
<author>
<templateId root="2.16.840.1.113883.10.20.22.4.119"></templateId>
<time value="20170406212020+0000"></time>
<assignedAuthor>
<id root="1.3.6.1.4.1.21367.13.20.1000.1.3.8.3" extension="102001"></id>
<assignedPerson>
<name>
<given>mitch</given>
<family>hoang</family>
</name>
</assignedPerson>
</assignedAuthor>
</author>
</observation>
</entry>
</section>
</component>
<component>
<section nullFlavor="NI">
<templateId root="2.16.840.1.113883.10.20.22.2.56"></templateId>
<templateId root="2.16.840.1.113883.10.20.22.2.56" extension="2015-08-01"></templateId>
<code code="10190-7" codeSystem="2.16.840.1.113883.6.1" codeSystemName="LOINC" displayName="Mental Status"></code>
<title>Mental Status</title>
<text>
<br></br>
</text>
</section>
</component>
<component>
<section nullFlavor="NI">
<templateId root="2.16.840.1.113883.10.20.22.2.14"></templateId>
<templateId root="2.16.840.1.113883.10.20.22.2.14" extension="2014-06-09"></templateId>
<code code="47420-5" codeSystem="2.16.840.1.113883.6.1" codeSystemName="LOINC" displayName="Functional Status"></code>
<title>Functional Status</title>
<text>
<br></br>
</text>
</section>
</component>
<component>
<section>
<templateId root="2.16.840.1.113883.10.20.22.2.4"></templateId>
<templateId root="2.16.840.1.113883.10.20.22.2.4" extension="2015-08-01"></templateId>
<templateId root="2.16.840.1.113883.10.20.22.2.4.1"></templateId>
<templateId root="2.16.840.1.113883.10.20.22.2.4.1" extension="2015-08-01"></templateId>
<code code="8716-3" codeSystem="2.16.840.1.113883.6.1" codeSystemName="LOINC" displayName="Vital Signs"></code>
<title>Vital Signs</title>
<text>
<paragraph>
<content styleCode="Bold Underline CAPTION">Vital Signs from 7/22/2015 5:03 PM:</content>
</paragraph>
<list listType="unordered" ID="ZVitalSigns.CLXXVital_Signs.48440.19123">
<item>Body Temperature : 38 Cel</item>
</list>
<list listType="unordered" ID="ZVitalSigns.CLXXVital_Signs.48440.19125">
<item>Blood Pressure : 145/88</item>
</list>
<list listType="unordered" ID="ZVitalSigns.CLXXVital_Signs.48440.19121">
<item>Height : 177/ cm</item>
</list>
<list listType="unordered" ID="ZVitalSigns.CLXXVital_Signs.48440.19120">
<item>Weight : 88/ kg</item>
</list>
<br></br>
</text>
<entry typeCode="DRIV">
<organizer classCode="CLUSTER" moodCode="EVN">
<templateId root="2.16.840.1.113883.10.20.22.4.26"></templateId>
<templateId root="2.16.840.1.113883.10.20.22.4.26" extension="2015-08-01"></templateId>
<id nullFlavor="NA"></id>
<code code="46680005" codeSystem="2.16.840.1.113883.6.96" codeSystemName="SNOMED CT" displayName="Vital signs">
<translation code="74728-7" codeSystem="2.16.840.1.113883.6.1" codeSystemName="LOINC" displayName="Vital signs"></translation>
</code>
<statusCode code="completed"></statusCode>
<effectiveTime>
<low value="20150722170300-0400"></low>
<high value="20150722170300-0400"></high>
</effectiveTime>
<component>
<observation classCode="OBS" moodCode="EVN">
<templateId root="2.16.840.1.113883.10.20.22.4.27"></templateId>
<templateId root="2.16.840.1.113883.10.20.22.4.27" extension="2014-06-09"></templateId>
<id root="1.3.6.1.4.1.21367.13.20.1000.1.3.2.6.6.7" extension="19120"></id>
<code code="29463-7" codeSystem="2.16.840.1.113883.6.1" codeSystemName="LOINC">
<translation code="Wt" displayName="Weight" codeSystem="1.3.6.1.4.1.21367.13.20.1000.1.3.6.10" codeSystemName="Mainland Health Systems Locally-assigned Vital Signs codes"></translation>
</code>
<statusCode code="completed"></statusCode>
<effectiveTime value="20150722170300-0400"></effectiveTime>
<value xsi:type="PQ" value="88.000000" unit="kg"></value>
<author>
<templateId root="2.16.840.1.113883.10.20.22.4.119"></templateId>
<time value="20170406212020+0000"></time>
<assignedAuthor>
<id root="1.3.6.1.4.1.21367.13.20.1000.1.3.8.3" extension="102001"></id>
<assignedPerson>
<name>
<given>mitch</given>
<family>hoang</family>
</name>
</assignedPerson>
</assignedAuthor>
</author>
</observation>
</component>
<component>
<observation classCode="OBS" moodCode="EVN">
<templateId root="2.16.840.1.113883.10.20.22.4.27"></templateId>
<templateId root="2.16.840.1.113883.10.20.22.4.27" extension="2014-06-09"></templateId>
<id root="1.3.6.1.4.1.21367.13.20.1000.1.3.2.6.6.7" extension="19121"></id>
<code code="8302-2" codeSystem="2.16.840.1.113883.6.1" codeSystemName="LOINC">
<translation code="Ht" displayName="Height" codeSystem="1.3.6.1.4.1.21367.13.20.1000.1.3.6.10" codeSystemName="Mainland Health Systems Locally-assigned Vital Signs codes"></translation>
</code>
<statusCode code="completed"></statusCode>
<effectiveTime value="20150722170300-0400"></effectiveTime>
<value xsi:type="PQ" value="176.999998" unit="cm"></value>
<author>
<templateId root="2.16.840.1.113883.10.20.22.4.119"></templateId>
<time value="20170406212020+0000"></time>
<assignedAuthor>
<id root="1.3.6.1.4.1.21367.13.20.1000.1.3.8.3" extension="102001"></id>
<assignedPerson>
<name>
<given>mitch</given>
<family>hoang</family>
</name>
</assignedPerson>
</assignedAuthor>
</author>
</observation>
</component>
<component>
<observation classCode="OBS" moodCode="EVN">
<templateId root="2.16.840.1.113883.10.20.22.4.27"></templateId>
<templateId root="2.16.840.1.113883.10.20.22.4.27" extension="2014-06-09"></templateId>
<id root="1.3.6.1.4.1.21367.13.20.1000.1.3.2.6.6.7" extension="19123"></id>
<code code="8310-5" codeSystem="2.16.840.1.113883.6.1" codeSystemName="LOINC">
<translation code="A_Temperature" displayName="Body Temperature" codeSystem="1.3.6.1.4.1.21367.13.20.1000.1.3.6.10" codeSystemName="Mainland Health Systems Locally-assigned Vital Signs codes"></translation>
</code>
<statusCode code="completed"></statusCode>
<effectiveTime value="20150722170300-0400"></effectiveTime>
<value xsi:type="PQ" value="37.999994" unit="Cel"></value>
<author>
<templateId root="2.16.840.1.113883.10.20.22.4.119"></templateId>
<time value="20170406212020+0000"></time>
<assignedAuthor>
<id root="1.3.6.1.4.1.21367.13.20.1000.1.3.8.3" extension="102001"></id>
<assignedPerson>
<name>
<given>mitch</given>
<family>hoang</family>
</name>
</assignedPerson>
</assignedAuthor>
</author>
</observation>
</component>
<component>
<observation classCode="OBS" moodCode="EVN">
<templateId root="2.16.840.1.113883.10.20.22.4.27"></templateId>
<templateId root="2.16.840.1.113883.10.20.22.4.27" extension="2014-06-09"></templateId>
<id root="1.3.6.1.4.1.21367.13.20.1000.1.3.2.6.6.7" extension="19125"></id>
<code code="8480-6" codeSystem="2.16.840.1.113883.6.1" codeSystemName="LOINC">
<translation code="A_BP" displayName="Blood Pressure" codeSystem="1.3.6.1.4.1.21367.13.20.1000.1.3.6.10" codeSystemName="Mainland Health Systems Locally-assigned Vital Signs codes"></translation>
</code>
<statusCode code="completed"></statusCode>
<effectiveTime value="20150722170300-0400"></effectiveTime>
<value xsi:type="PQ" value="145" unit="mm[Hg]"></value>
<author>
<templateId root="2.16.840.1.113883.10.20.22.4.119"></templateId>
<time value="20170406212020+0000"></time>
<assignedAuthor>
<id root="1.3.6.1.4.1.21367.13.20.1000.1.3.8.3" extension="102001"></id>
<assignedPerson>
<name>
<given>mitch</given>
<family>hoang</family>
</name>
</assignedPerson>
</assignedAuthor>
</author>
</observation>
</component>
<component>
<observation classCode="OBS" moodCode="EVN">
<templateId root="2.16.840.1.113883.10.20.22.4.27"></templateId>
<templateId root="2.16.840.1.113883.10.20.22.4.27" extension="2014-06-09"></templateId>
<id root="1.3.6.1.4.1.21367.13.20.1000.1.3.2.6.6.7" extension="19125"></id>
<code code="8462-4" codeSystem="2.16.840.1.113883.6.1" codeSystemName="LOINC">
<translation code="A_BP" displayName="Blood Pressure" codeSystem="1.3.6.1.4.1.21367.13.20.1000.1.3.6.10" codeSystemName="Mainland Health Systems Locally-assigned Vital Signs codes"></translation>
</code>
<statusCode code="completed"></statusCode>
<effectiveTime value="20150722170300-0400"></effectiveTime>
<value xsi:type="PQ" value="88" unit="mm[Hg]"></value>
<author>
<templateId root="2.16.840.1.113883.10.20.22.4.119"></templateId>
<time value="20170406212020+0000"></time>
<assignedAuthor>
<id root="1.3.6.1.4.1.21367.13.20.1000.1.3.8.3" extension="102001"></id>
<assignedPerson>
<name>
<given>mitch</given>
<family>hoang</family>
</name>
</assignedPerson>
</assignedAuthor>
</author>
</observation>
</component>
</organizer>
</entry>
</section>
</component>
<component>
<section>
<templateId root="2.16.840.1.113883.10.20.22.2.9"></templateId>
<templateId root="2.16.840.1.113883.10.20.22.2.9" extension="2014-06-09"></templateId>
<code code="51847-2" codeSystem="2.16.840.1.113883.6.1" codeSystemName="LOINC" displayName="Assessment and Plan"></code>
<title>Assessment and Plan</title>
<text>
<paragraph>
<content styleCode="Bold Underline CAPTION">Assessment from 7/22/2015 5:03 PM:</content>
</paragraph>
<list listType="unordered" ID="ZAssessmentAndPlan.MU3-Assessment.48440.19115">
<item>Assessment : The patient Mr. John Wright was found to have first degree burns and Dr. Seven and his staff treated Mr. Wright by cleaning the burn and dressing the burn and observed for couple of hours before discharging Mr. Wright.</item>
</list>
<paragraph>
<content styleCode="Bold Underline CAPTION">Plan of Treatment from 7/22/2015 5:03 PM:</content>
</paragraph>
<list listType="unordered" ID="ZAssessmentAndPlan.MU3_Plan.48440.19116">
<item>Treatment Plan : <paragraph>i.  Schedule an appointment with Dr. Seven after 1 week for Follow up with Outpatient facility.</paragraph>
<paragraph>ii.  In case of high fever, take Tylenol as needed.</paragraph>
</item>
</list>
<br></br>
</text>
</section>
</component>
<component>
<section>
<templateId root="2.16.840.1.113883.10.20.22.2.58" extension="2015-08-01"></templateId>
<code code="75310-3" codeSystem="2.16.840.1.113883.6.1" codeSystemName="LOINC" displayName="Health Concerns"></code>
<title>Health Concerns</title>
<text>
<paragraph>
<content styleCode="Bold Underline CAPTION">Health Concerns from 7/22/2015 5:03 PM:</content>
</paragraph>
<list listType="unordered" ID="ZHealthConcerns.MU3_HlthConcern.48440.19117">
<item>Health Concerns : </item>
</list>
<br></br>
</text>
<entry>
<act classCode="ACT" moodCode="EVN">
<templateId root="2.16.840.1.113883.10.20.22.4.132" extension="2015-08-01"></templateId>
<id root="HealthConcerns"></id>
<code code="75310-3" codeSystem="2.16.840.1.113883.6.1" codeSystemName="LOINC" displayName="Health Concern"></code>
<statusCode code="active"></statusCode>
</act>
</entry>
</section>
</component>
<component>
<section nullFlavor="NI">
<templateId root="2.16.840.1.113883.10.20.22.2.60"></templateId>
<code code="61146-7" codeSystem="2.16.840.1.113883.6.1" codeSystemName="LOINC" displayName="Goals"></code>
<title>Goals</title>
<text>
<br></br>
</text>
</section>
</component>
<component>
<section>
<templateId root="2.16.840.1.113883.10.20.22.2.41"></templateId>
<code code="8653-8" codeSystem="2.16.840.1.113883.6.1" codeSystemName="LOINC" displayName="Hospital Discharge Instructions"></code>
<title>Hospital Discharge Instructions</title>
<text>
<paragraph>
<content styleCode="Bold Underline CAPTION">Discharge   Instructions from 7/22/2015 5:03 PM:</content>
</paragraph>
<list listType="unordered" ID="ZDetailedInstructions.MU3DischInst.48440.19119">
<item>Discharge  Instructions : <paragraph>a. Appointments : Schedule an appointment with Dr. Seven after 1 week. Follow up with Outpatient facility.</paragraph>
<paragraph>b. In case of fever, take Tylenol as advised in plan of treatment.</paragraph>
</item>
</list>
<br></br>
</text>
</section>
</component>
<component>
<section nullFlavor="NI">
<templateId root="2.16.840.1.113883.10.20.22.2.3"></templateId>
<templateId root="2.16.840.1.113883.10.20.22.2.3" extension="2015-08-01"></templateId>
<templateId root="2.16.840.1.113883.10.20.22.2.3.1"></templateId>
<templateId root="2.16.840.1.113883.10.20.22.2.3.1" extension="2015-08-01"></templateId>
<code code="30954-2" codeSystem="2.16.840.1.113883.6.1"></code>
<title>Results</title>
<text>
<br></br>Lab results are displayed in the following format if available:   Test Name, Test Value, Value Unit, Reference Range - (exception is microbiology results)<br></br>Example 1:  Sodium   145 mEq/L   (136-145 mEq/L)    Example 2:  Potassium:  3.4 mEq/L  (Reference Range: not available)<br></br>
<br></br>
</text>
</section>
</component>
</structuredBody>
</component>
</ClinicalDocument>
