<?xml version="1.0" encoding="UTF-8"?><ClinicalDocument xmlns="urn:hl7-org:v3" xmlns:sdtc="urn:hl7-org:sdtc" xmlns:type="http://www.w3.org/2001/XMLSchema-instance">
  <realmCode code="US"/>
  <typeId extension="POCD_HD000040" root="2.16.840.1.113883.1.3"/>
  <templateId root="2.16.840.1.113883.10.20.22.1.1"/>
  <templateId extension="2015-08-01" root="2.16.840.1.113883.10.20.22.1.1"/>
  <templateId root="2.16.840.1.113883.10.20.22.1.2"/>
  <templateId extension="2015-08-01" root="2.16.840.1.113883.10.20.22.1.2"/>
  <id root="1eb755cf-30dd-4514-8775-1a2bab14eb3e"/>
  <code code="34133-9" codeSystem="2.16.840.1.113883.6.1" codeSystemName="LOINC" displayName="Patient Summary 2.1"/>
  <title>Patient Summary 2.1</title>
  <effectiveTime value="20170801"/>
  <confidentialityCode code="N" codeSystem="2.16.840.1.113883.5.25" codeSystemName="Confidentiality" displayName="normal"/>
  <languageCode code="en-US"/>
  <recordTarget>
    <patientRole>
      <id root="2b1bae79-42cb-47b8-81b8-083ca63a3a49"/>
      <addr use="HP">
        <streetAddressLine>1357 AMBER DR</streetAddressLine>
        <city>BEAVERTON</city>
        <state>OR</state>
        <postalCode>97006</postalCode>
        <country>US</country>
      </addr>
      <telecom use="HP" value="5557231544"/>
      <telecom use="MC" value="5557771234"/>
      <telecom nullFlavor="UNK" use="WP"/>
      <patient>
        <name use="L">
          <given>JEREMY</given>
          <given>V</given>
          <family>BATES</family>
          <suffix>JR</suffix>
        </name>
        <administrativeGenderCode code="M" codeSystem="2.16.840.1.113883.5.1" displayName="Male"/>
        <birthTime value="19800801"/>
        <raceCode codeSystem="2.16.840.1.113883.6.238" codeSystemName="Race and Ethnicity - CDC" displayName="UNKNOWN" nullFlavor="NI"/>
        <sdtc:raceCode codeSystem="2.16.840.1.113883.6.238" codeSystemName="Race and Ethnicity - CDC" displayName="UNKNOWN" nullFlavor="NI"/>
        <ethnicGroupCode codeSystem="2.16.840.1.113883.6.238" codeSystemName="Race and Ethnicity - CDC" displayName="UNKNOWN" nullFlavor="NI"/>
        <languageCommunication>
          <languageCode code="en"/>
        </languageCommunication>
      </patient>
      <providerOrganization>
        <id root="d62e246d-3d43-4a77-a6e4-5de1f112c23d"/>
        <name>Neighborhood Physician Practic</name>
        <telecom use="WP" value="5555551002"/>
        <addr use="HP">
          <streetAddressLine>2472 Rocky Place</streetAddressLine>
          <city>Beaverton</city>
          <state>OR</state>
          <postalCode>97006</postalCode>
          <country>US</country>
        </addr>
      </providerOrganization>
    </patientRole>
  </recordTarget>
  <author>
    <time value="20170801"/>
    <assignedAuthor>
      <id root="a57625c2-99e0-4063-bec3-54cf5ab4f4b3"/>
      <id root="609c191d-9757-487b-b1ac-22046e6ff080"/>
      <addr use="HP">
        <streetAddressLine>2472 Rocky Place</streetAddressLine>
        <city>Beaverton</city>
        <state>OR</state>
        <postalCode>97006</postalCode>
        <country>US</country>
      </addr>
      <telecom value="5555551002"/>
      <assignedPerson>
        <name nullFlavor="NI"/>
      </assignedPerson>
    </assignedAuthor>
  </author>
  <custodian>
    <assignedCustodian>
      <representedCustodianOrganization>
        <id root="d62e246d-3d43-4a77-a6e4-5de1f112c23d"/>
        <name>Neighborhood Physician Practic</name>
        <telecom value="5555551002"/>
        <addr use="HP">
          <streetAddressLine>2472 Rocky Place</streetAddressLine>
          <city>Beaverton</city>
          <state>OR</state>
          <postalCode>97006</postalCode>
          <country>US</country>
        </addr>
      </representedCustodianOrganization>
    </assignedCustodian>
  </custodian>
  <documentationOf>
    <serviceEvent classCode="PCPR">
      <effectiveTime>
        <low value="20150722"/>
        <high value="20150722"/>
      </effectiveTime>
      <performer typeCode="PRF">
        <functionCode codeSystem="2.16.840.1.113883.5.88" codeSystemName="ParticipationFunction" displayName="Office Contact" nullFlavor="NI">
          <originalText>Office Contact</originalText>
        </functionCode>
        <assignedEntity>
          <id root="5fee407b-3292-4d37-a500-d40119c02ab1"/>
          <addr use="HP">
            <streetAddressLine>2472 Rocky Place</streetAddressLine>
            <city>Beaverton</city>
            <state>OR</state>
            <postalCode>97006</postalCode>
          </addr>
          <telecom value="5555551002"/>
          <assignedPerson>
            <name>
              <family>Tracy Davis</family>
            </name>
          </assignedPerson>
          <representedOrganization>
            <id root="6a21180d-2c79-4261-96dd-02401665ed33"/>
            <name>Neighborhood Physician Pr</name>
            <telecom value="2516398100"/>
            <addr use="HP">
              <streetAddressLine>2472 Rocky Place</streetAddressLine>
              <city>Beaverton</city>
              <state>OR</state>
              <postalCode>97006</postalCode>
            </addr>
          </representedOrganization>
        </assignedEntity>
      </performer>
      <performer typeCode="PRF">
        <functionCode code="careteam" codeSystem="2.16.840.1.113883.5.88" codeSystemName="ParticipationFunction" displayName="Registered Nurse">
          <originalText>Registered Nurse</originalText>
        </functionCode>
        <assignedEntity>
          <id root="c828f37b-5c6a-4d07-90c9-8743b7d51250"/>
          <addr use="HP">
            <streetAddressLine>2472 Rocky Place</streetAddressLine>
            <city>Beaverton</city>
            <state>OR</state>
            <postalCode>97006</postalCode>
          </addr>
          <telecom value="5555551002"/>
          <assignedPerson>
            <name>
              <family>Tracy Davis</family>
            </name>
          </assignedPerson>
          <representedOrganization>
            <id root="d62e246d-3d43-4a77-a6e4-5de1f112c23d"/>
            <name>Thrive Provider EHR</name>
            <telecom value="5555551002"/>
            <addr use="HP">
              <streetAddressLine>2472 Rocky Place</streetAddressLine>
              <city>Beaverton</city>
              <state>OR</state>
              <postalCode>97006</postalCode>
            </addr>
          </representedOrganization>
        </assignedEntity>
      </performer>
      <performer typeCode="PRF">
        <functionCode code="ATTENDING" codeSystem="2.16.840.1.113883.5.88" codeSystemName="ParticipationFunction" displayName="Attending">
          <originalText>Attending</originalText>
        </functionCode>
        <assignedEntity>
          <id root="cd58aca9-bd16-4f8a-96cc-3377b57ca85f"/>
          <addr use="HP">
            <streetAddressLine>2472 ROCKY PLACE</streetAddressLine>
            <city>BEAVERTON</city>
            <state>OR</state>
            <postalCode>97006</postalCode>
          </addr>
          <telecom value="5555551002"/>
          <assignedPerson>
            <name>
              <family>DAVIS ALBERT</family>
            </name>
          </assignedPerson>
          <representedOrganization>
            <id root="d62e246d-3d43-4a77-a6e4-5de1f112c23d"/>
            <name>Thrive Provider EHR</name>
            <telecom value="5555551002"/>
            <addr use="HP">
              <streetAddressLine>2472 Rocky Place</streetAddressLine>
              <city>Beaverton</city>
              <state>OR</state>
              <postalCode>97006</postalCode>
            </addr>
          </representedOrganization>
        </assignedEntity>
      </performer>
      <performer typeCode="PRF">
        <functionCode codeSystem="2.16.840.1.113883.5.88" codeSystemName="ParticipationFunction" displayName="Referring Provider" nullFlavor="NI">
          <originalText>Referring Provider</originalText>
        </functionCode>
        <assignedEntity>
          <id root="d174d731-d109-49a5-940f-346432128f12"/>
          <addr use="HP">
            <streetAddressLine>2472 ROCKY PLACE</streetAddressLine>
            <city>BEAVERTON</city>
            <state>OR</state>
            <postalCode>97006</postalCode>
          </addr>
          <telecom nullFlavor="UNK"/>
          <assignedPerson>
            <name>
              <family>DAVIS ALBERT</family>
            </name>
          </assignedPerson>
        </assignedEntity>
      </performer>
    </serviceEvent>
  </documentationOf>
  <componentOf>
    <encompassingEncounter>
      <id root="460c0447-5c41-48b4-8337-41fe8193ecb5"/>
      <effectiveTime>
        <low value="20150722000000"/>
        <high value="20150722071000"/>
      </effectiveTime>
    </encompassingEncounter>
  </componentOf>
  <component>
    <structuredBody>
      <component>
        <section nullFlavor="NI">
          <templateId root="2.16.840.1.113883.10.20.22.2.14"/>
          <code code="47420-5" codeSystem="2.16.840.1.113883.6.1" codeSystemName="LOINC" displayName="Functional Status"/>
          <title>Functional Status</title>
          <text><table><thead><tr><td/></tr></thead><tbody><tr><td>No Data Found</td></tr></tbody></table></text>
        </section>
      </component>
      <component>
        <section nullFlavor="NI">
          <templateId root="2.16.840.1.113883.10.20.22.2.2.1"/>
          <code code="11369-6" codeSystem="2.16.840.1.113883.6.1" codeSystemName="LOINC" displayName="History of Immunization Narrative"/>
          <title>Immunization</title>
          <text><table><thead><tr><td/></tr></thead><tbody><tr><td>No Data Found</td></tr></tbody></table></text>
        </section>
      </component>
      <component>
        <section nullFlavor="NI">
          <templateId root="2.16.840.1.113883.10.20.22.2.56"/>
          <code code="10190-7" codeSystem="2.16.840.1.113883.6.1" codeSystemName="LOINC" displayName="Mental Status"/>
          <title>Mental Status</title>
          <text><table><thead><tr><td/></tr></thead><tbody><tr><td>No Data Found</td></tr></tbody></table></text>
        </section>
      </component>
      <component>
        <section nullFlavor="NI">
          <templateId extension="2015-08-01" root="2.16.840.1.113883.10.20.22.2.3.1"/>
          <templateId root="2.16.840.1.113883.10.20.22.2.3.1"/>
          <code code="30954-2" codeSystem="2.16.840.1.113883.6.1" codeSystemName="LOINC" displayName="RELEVANT DIAGNOSTIC TESTS AND/OR LABORATORY DATA"/>
          <title>Results</title>
          <text><table><thead><tr><td/></tr></thead><tbody><tr><td>No Data Found</td></tr></tbody></table></text>
        </section>
      </component>
      <component>
        <section>
          <templateId extension="2015-08-01" root="2.16.840.1.113883.10.20.22.2.17"/>
          <templateId root="2.16.840.1.113883.10.20.22.2.17"/>
          <code code="29762-2" codeSystem="2.16.840.1.113883.6.1" codeSystemName="LOINC" displayName="Social History"/>
          <title>Social History</title>
          <text><table>
  <thead>
    <tr>
      <th>Type</th>
      <th>Status</th>
      <th>Start Date</th>
      <th>End Date</th>
      <th>Code</th>
      <th>Code System</th>
    </tr>
  </thead>
  <tbody>
    <tr ID="socialHistory1">
      <td>Smoking History</td>
      <td>Current every day smoker</td>
      <td>07/22/2015</td>
      <td/>
      <td>449868002</td>
      <td>SNOMED-CT</td>
    </tr>
  </tbody>
</table></text>
          <entry typeCode="DRIV">
            <observation classCode="OBS" moodCode="EVN">
              <templateId extension="2014-06-09" root="2.16.840.1.113883.10.20.22.4.78"/>
              <id root="30fe07e7-b6b9-44dd-9dfe-0dd31c99f110"/>
              <code code="72166-2" codeSystem="2.16.840.1.113883.6.1" codeSystemName="LOINC" displayName="Tobacco Smoking Status"/>
              <statusCode code="completed"/>
              <effectiveTime value="20150722"/>
              <value xmlns:xsi="http://www.w3.org/2001/XMLSchema-instance" code="449868002" codeSystem="2.16.840.1.113883.6.96" displayName="Current every day smoker" xsi:type="CD"/>
            </observation>
          </entry>
        </section>
      </component>
      <component>
        <section>
          <templateId extension="2015-08-01" root="2.16.840.1.113883.10.20.22.2.4.1"/>
          <templateId root="2.16.840.1.113883.10.20.22.2.4.1"/>
          <code code="8716-3" codeSystem="2.16.840.1.113883.6.1" codeSystemName="LOINC" displayName="Vital Signs"/>
          <title>Vital Signs</title>
          <text><table>
  <thead>
    <tr>
      <th>Vital Sign</th>
      <th>Value</th>
      <th>Unit</th>
      <th>Date/Time</th>
      <th>Recent/Initial?</th>
      <th>Code</th>
      <th>Code System</th>
    </tr>
  </thead>
  <tbody>
    <tr ID="vitalSign0">
      <td>Body Mass Index</td>
      <td>28.09</td>
      <td>kg/m2</td>
      <td>07/22/2015 02:05</td>
      <td>Inital</td>
      <td>39156-5</td>
      <td>LOINC</td>
    </tr>
    <tr ID="vitalSign1">
      <td>Systolic Blood Pressure</td>
      <td>145</td>
      <td>mm[Hg]</td>
      <td>07/22/2015 14:10</td>
      <td>Inital</td>
      <td>8480-6</td>
      <td>LOINC</td>
    </tr>
    <tr ID="vitalSign2">
      <td>Diastolic Blood Pressure</td>
      <td>88</td>
      <td>mm[Hg]</td>
      <td>07/22/2015 14:10</td>
      <td>Inital</td>
      <td>8462-4</td>
      <td>LOINC</td>
    </tr>
    <tr ID="vitalSign3">
      <td>Body Surface Area</td>
      <td>2.08</td>
      <td>m2</td>
      <td>07/22/2015 02:05</td>
      <td>Inital</td>
      <td>3140-1</td>
      <td>LOINC</td>
    </tr>
    <tr ID="vitalSign4">
      <td>Height</td>
      <td>177.0126</td>
      <td>cm</td>
      <td>07/22/2015 02:05</td>
      <td>Inital</td>
      <td>8302-2</td>
      <td>LOINC</td>
    </tr>
    <tr ID="vitalSign5">
      <td>Weight</td>
      <td>88.00</td>
      <td>kg</td>
      <td>07/22/2015 02:05</td>
      <td>Inital</td>
      <td>29463-7</td>
      <td>LOINC</td>
    </tr>
  </tbody>
</table></text>
          <entry typeCode="DRIV">
            <organizer classCode="CLUSTER" moodCode="EVN">
              <templateId extension="2015-08-01" root="2.16.840.1.113883.10.20.22.4.26"/>
              <id root="2db330d4-92cc-4ae8-afa7-5522e2b71f50"/>
              <code code="46680005" codeSystem="2.16.840.1.113883.6.96" codeSystemName="SNOMED CT" displayName="Vital Signs">
                <translation code="74728-7" codeSystem="2.16.840.1.113883.6.1" codeSystemName="LOINC" displayName="Vital signs, weight, height, head circumference, oximetry, BMI, and BSA panel"/>
              </code>
              <statusCode code="completed"/>
              <effectiveTime>
                <low value="20150722"/>
                <high value="20150722"/>
              </effectiveTime>
              <component>
                <observation classCode="OBS" moodCode="EVN">
                  <templateId extension="2014-06-09" root="2.16.840.1.113883.10.20.22.4.27"/>
                  <templateId root="2.16.840.1.113883.10.20.22.4.27"/>
                  <id root="11e263e6-7aec-482f-90c8-41cbeddaee83"/>
                  <code code="39156-5" codeSystem="2.16.840.1.113883.6.1" codeSystemName="LOINC" displayName="BMI (Body Mass Index)"/>
                  <statusCode code="completed"/>
                  <effectiveTime value="20150722"/>
                  <value xmlns:xsi="http://www.w3.org/2001/XMLSchema-instance" unit="kg/m2" value="28.09" xsi:type="PQ"/>
                </observation>
              </component>
              <component>
                <observation classCode="OBS" moodCode="EVN">
                  <templateId extension="2014-06-09" root="2.16.840.1.113883.10.20.22.4.27"/>
                  <templateId root="2.16.840.1.113883.10.20.22.4.27"/>
                  <id root="7e9aa910-0fdb-4a0c-86c1-665209735f36"/>
                  <code code="8480-6" codeSystem="2.16.840.1.113883.6.1" codeSystemName="LOINC" displayName="BP Systolic"/>
                  <statusCode code="completed"/>
                  <effectiveTime value="20150722"/>
                  <value xmlns:xsi="http://www.w3.org/2001/XMLSchema-instance" unit="mm[Hg]" value="145" xsi:type="PQ"/>
                </observation>
              </component>
              <component>
                <observation classCode="OBS" moodCode="EVN">
                  <templateId extension="2014-06-09" root="2.16.840.1.113883.10.20.22.4.27"/>
                  <templateId root="2.16.840.1.113883.10.20.22.4.27"/>
                  <id root="d5603469-fb01-4dc6-83ab-88f71e280a86"/>
                  <code code="8462-4" codeSystem="2.16.840.1.113883.6.1" codeSystemName="LOINC" displayName="BP Diastolic"/>
                  <statusCode code="completed"/>
                  <effectiveTime value="20150722"/>
                  <value xmlns:xsi="http://www.w3.org/2001/XMLSchema-instance" unit="mm[Hg]" value="88" xsi:type="PQ"/>
                </observation>
              </component>
              <component>
                <observation classCode="OBS" moodCode="EVN">
                  <templateId extension="2014-06-09" root="2.16.840.1.113883.10.20.22.4.27"/>
                  <templateId root="2.16.840.1.113883.10.20.22.4.27"/>
                  <id root="236f0753-a030-437c-834d-1d029334d0f8"/>
                  <code code="3140-1" codeSystem="2.16.840.1.113883.6.1" codeSystemName="LOINC" displayName="Body Surface"/>
                  <statusCode code="completed"/>
                  <effectiveTime value="20150722"/>
                  <value xmlns:xsi="http://www.w3.org/2001/XMLSchema-instance" unit="m2" value="2.08" xsi:type="PQ"/>
                </observation>
              </component>
              <component>
                <observation classCode="OBS" moodCode="EVN">
                  <templateId extension="2014-06-09" root="2.16.840.1.113883.10.20.22.4.27"/>
                  <templateId root="2.16.840.1.113883.10.20.22.4.27"/>
                  <id root="88d0799f-878d-4d69-b762-2ea9c5b57acc"/>
                  <code code="8302-2" codeSystem="2.16.840.1.113883.6.1" codeSystemName="LOINC" displayName="Height"/>
                  <statusCode code="completed"/>
                  <effectiveTime value="20150722"/>
                  <value xmlns:xsi="http://www.w3.org/2001/XMLSchema-instance" unit="cm" value="177.0126" xsi:type="PQ"/>
                </observation>
              </component>
              <component>
                <observation classCode="OBS" moodCode="EVN">
                  <templateId extension="2014-06-09" root="2.16.840.1.113883.10.20.22.4.27"/>
                  <templateId root="2.16.840.1.113883.10.20.22.4.27"/>
                  <id root="2b94de91-5558-4158-b718-6a3cccbb8876"/>
                  <code code="29463-7" codeSystem="2.16.840.1.113883.6.1" codeSystemName="LOINC" displayName="Weight Measured"/>
                  <statusCode code="completed"/>
                  <effectiveTime value="20150722"/>
                  <value xmlns:xsi="http://www.w3.org/2001/XMLSchema-instance" unit="kg" value="88.00" xsi:type="PQ"/>
                </observation>
              </component>
            </organizer>
          </entry>
        </section>
      </component>
      <component>
        <section nullFlavor="NI">
          <templateId extension="2014-06-09" root="2.16.840.1.113883.10.20.22.2.1.1"/>
          <templateId root="2.16.840.1.113883.10.20.22.2.1.1"/>
          <templateId extension="2014-06-09" root="2.16.840.1.113883.10.20.34.2.1"/>
          <templateId root="2.16.840.1.113883.10.20.34.2.1"/>
          <code code="10160-0" codeSystem="2.16.840.1.113883.6.1" codeSystemName="LOINC" displayName="HISTORY OF MEDICATION USE"/>
          <title>Medications</title>
          <text><table><thead><tr><td/></tr></thead><tbody><tr><td>No Active Meds</td></tr></tbody></table></text>
        </section>
      </component>
      <component>
        <section>
          <templateId root="2.16.840.1.113883.10.20.22.2.8"/>
          <code code="51848-0" codeSystem="2.16.840.1.113883.6.1" codeSystemName="LOINC" displayName="Evaluation Note"/>
          <title>Assessment</title>
          <text><table>
  <tbody>
    <tr>
      <td>
        <paragraph>You had the following problems:</paragraph>
        <list>
          <item>This Patient has no active problems.</item>
        </list>
        <paragraph>Assessment<br/>i. The Patient was found to be healthy and advised to follow his current routine of exercise, work, sleep and quality of life. <br/>
        </paragraph>
      </td>
    </tr>
  </tbody>
</table></text>
        </section>
      </component>
      <component>
        <section>
          <templateId root="2.16.840.1.113883.10.20.22.2.41"/>
          <code code="8653-8" codeSystem="2.16.840.1.113883.6.1" codeSystemName="LOINC" displayName="Hospital Discharge Instructions"/>
          <title>Hospital Discharge Instructions</title>
          <text><table>
  <tbody>
    <tr>
      <td>
        <paragraph>Should you have any questions prior to discharge, please contact a member of your healthcare team. If you have left the hospital and have any questions, please contact your primary care physician.</paragraph>
      </td>
    </tr>
  </tbody>
</table></text>
        </section>
      </component>
      <component>
        <section>
          <templateId extension="2014-06-09" root="1.3.6.1.4.1.19376.1.5.3.1.3.1"/>
          <code code="42349-1" codeSystem="2.16.840.1.113883.6.1" codeSystemName="LOINC" displayName="Reason for Referral"/>
          <title>Reason For Referral</title>
          <text><table>
  <tbody>
    <tr ID="referralReason1">
      <td/>
    </tr>
  </tbody>
</table></text>
        </section>
      </component>
      <component>
        <section nullFlavor="NI">
          <templateId root="2.16.840.1.113883.10.20.22.2.7.1"/>
          <code code="47519-4" codeSystem="2.16.840.1.113883.6.1" codeSystemName="LOINC" displayName="PROCEDURES"/>
          <title>Procedures</title>
          <text><table><thead><tr><td/></tr></thead><tbody><tr><td>No Data Found</td></tr></tbody></table></text>
        </section>
      </component>
      <component>
        <section>
          <templateId root="2.16.840.1.113883.10.20.22.2.5.1"/>
          <templateId extension="2015-08-01" root="2.16.840.1.113883.10.20.22.2.5.1"/>
          <code code="11450-4" codeSystem="2.16.840.1.113883.6.1" codeSystemName="LOINC" displayName="PROBLEM LIST"/>
          <title>Problems</title>
          <text><table>
  <thead>
    <tr>
      <th>Problem</th>
      <th>Start Date</th>
      <th>Resolved Date</th>
      <th>Status</th>
      <th>Code</th>
      <th>Code System</th>
    </tr>
  </thead>
  <tbody>
    <tr ID="problem1">
      <td>No Active Problems</td>
      <td/>
      <td/>
      <td>active</td>
      <td/>
      <td>SNOMED-CT</td>
    </tr>
  </tbody>
</table></text>
          <entry>
            <act classCode="ACT" moodCode="EVN">
              <templateId extension="2015-08-01" root="2.16.840.1.113883.10.20.22.4.3"/>
              <templateId root="2.16.840.1.113883.10.20.22.4.3"/>
              <id root="c23ba848-13eb-418f-bc5e-89acc165d197"/>
              <code code="CONC" codeSystem="2.16.840.1.113883.5.6" displayName="Concern"/>
              <statusCode code="active"/>
              <effectiveTime>
                <low nullFlavor="UNK"/>
              </effectiveTime>
              <entryRelationship typeCode="SUBJ">
                <observation classCode="OBS" moodCode="EVN" negationInd="true">
                  <templateId extension="2015-08-01" root="2.16.840.1.113883.10.20.22.4.4"/>
                  <templateId root="2.16.840.1.113883.10.20.22.4.4"/>
                  <id root="c106b694-46b9-4a9d-ad71-d645b89de521"/>
                  <code code="55607006" codeSystem="2.16.840.1.113883.6.96" codeSystemName="SNOMED CT" displayName="Problem">
                    <translation code="75326-9" codeSystem="2.16.840.1.113883.6.1" codeSystemName="LOINC" displayName="Problem"/>
                  </code>
                  <statusCode code="completed"/>
                  <effectiveTime>
                    <low nullFlavor="UNK"/>
                  </effectiveTime>
                  <value xmlns:xsi="http://www.w3.org/2001/XMLSchema-instance" code="55607006" codeSystem="2.16.840.1.113883.6.96" displayName="Problem" xsi:type="CD"/>
                </observation>
              </entryRelationship>
            </act>
          </entry>
        </section>
      </component>
      <component>
        <section>
          <templateId root="2.16.840.1.113883.10.20.22.2.6.1"/>
          <templateId extension="2015-08-01" root="2.16.840.1.113883.10.20.22.2.6.1"/>
          <code code="48765-2" codeSystem="2.16.840.1.113883.6.1" codeSystemName="LOINC" displayName="Allergies, adverse reactions, alerts"/>
          <title>Allergies</title>
          <text><table>
  <thead>
    <tr>
      <th>Allergy Substance</th>
      <th>Reaction</th>
      <th>Severity</th>
      <th>Start Date</th>
      <th>Concern Status</th>
      <th>Code</th>
      <th>Code System</th>
    </tr>
  </thead>
  <tbody>
    <tr ID="Drug1">
      <td>No Known Drug Allergies</td>
      <td/>
      <td/>
      <td>07/22/2015</td>
      <td>Active</td>
      <td/>
      <td>RxNorm</td>
    </tr>
  </tbody>
</table></text>
          <entry typeCode="DRIV">
            <act classCode="ACT" moodCode="EVN">
              <templateId root="2.16.840.1.113883.10.20.22.4.30"/>
              <templateId extension="2015-08-01" root="2.16.840.1.113883.10.20.22.4.30"/>
              <id root="507151f2-b142-4429-bacb-7fdf0423fefc"/>
              <code code="CONC" codeSystem="2.16.840.1.113883.5.6"/>
              <statusCode code="active"/>
              <effectiveTime>
                <low value="20170628"/>
              </effectiveTime>
              <entryRelationship negationInd="true" typeCode="SUBJ">
                <observation classCode="OBS" moodCode="EVN">
                  <templateId extension="2014-06-09" root="2.16.840.1.113883.10.20.22.4.7"/>
                  <templateId root="2.16.840.1.113883.10.20.22.4.7"/>
                  <id root="4bebd76b-7d87-4836-982c-9efd0d69cabb"/>
                  <code code="ASSERTION" codeSystem="2.16.840.1.113883.5.4"/>
                  <statusCode code="completed"/>
                  <effectiveTime>
                    <low value="20150722"/>
                  </effectiveTime>
                  <value xmlns:xsi="http://www.w3.org/2001/XMLSchema-instance" code="416098002" codeSystem="2.16.840.1.113883.6.96" codeSystemName="SNOMED CT" displayName="No known drug allergies" nullFlavor="OTH" xsi:type="CD"/>
                  <participant typeCode="CSM">
                    <participantRole classCode="MANU">
                      <playingEntity classCode="MMAT">
                        <code nullFlavor="UNK"/>
                      </playingEntity>
                    </participantRole>
                  </participant>
                </observation>
              </entryRelationship>
            </act>
          </entry>
        </section>
      </component>
      <component>
        <section>
          <templateId extension="2014-06-09" root="2.16.840.1.113883.10.20.22.2.10"/>
          <code code="18776-5" codeSystem="2.16.840.1.113883.6.1" codeSystemName="LOINC" displayName="Plan of Care Note"/>
          <title>Plan of Treatment</title>
          <text><table>
  <tbody>
    <tr ID="treatmentplan1">
      <td/>
      <td colspan="2"/>
    </tr>
    <tr ID="treatmentplan2">
      <td colspan="3">
        <paragraph>Plan<br/>i. Schedule a visit for next year. <br/>
        </paragraph>
      </td>
    </tr>
  </tbody>
</table></text>
          <entry>
            <encounter classCode="ENC" moodCode="APT">
              <templateId extension="2014-06-09" root="2.16.840.1.113883.10.20.22.4.40"/>
              <id root="4646df6a-453f-494e-b570-31f99438615f"/>
              <code nullFlavor="NI"/>
              <statusCode code="active"/>
              <effectiveTime nullFlavor="UNK"/>
            </encounter>
          </entry>
        </section>
      </component>
      <component>
        <section>
          <templateId extension="2015-08-01" root="2.16.840.1.113883.10.20.22.2.22.1"/>
          <code code="46240-8" codeSystem="2.16.840.1.113883.6.1" codeSystemName="LOINC" displayName="History of encounters"/>
          <title>Encounters</title>
          <text><table>
  <thead>
    <tr>
      <th>Encounter Diagnosis</th>
      <th>Start Date</th>
      <th>Code</th>
      <th>Code System</th>
    </tr>
  </thead>
  <tbody>
    <tr ID="encounterDiagnosis1">
      <td>Encounter for routine adult physical exam without abnormal finding</td>
      <td>07/22/2015</td>
      <td>268565007</td>
      <td>SNOMED-CT</td>
    </tr>
  </tbody>
</table></text>
          <entry typeCode="DRIV">
            <encounter classCode="ENC" moodCode="EVN">
              <templateId extension="2015-08-01" root="2.16.840.1.113883.10.20.22.4.49"/>
              <id root="d9dec093-7f82-4cf9-96d9-0dff20d13019"/>
              <code code="IMP" codeSystem="2.16.840.1.113883.5.4" displayName="Inpatient"/>
              <effectiveTime value="20150722000000-0500"/>
              <entryRelationship typeCode="REFR">
                <act classCode="ACT" moodCode="EVN">
                  <templateId extension="2015-08-01" root="2.16.840.1.113883.10.20.22.4.80"/>
                  <code code="29308-4" codeSystem="2.16.840.1.113883.6.1" codeSystemName="LOINC" displayName="DIAGNOSIS"/>
                  <entryRelationship typeCode="SUBJ">
                    <observation classCode="OBS" moodCode="EVN">
                      <templateId extension="2015-08-01" root="2.16.840.1.113883.10.20.22.4.4"/>
                      <id root="c18e64a3-5d64-4cc6-9454-43612ef494bc"/>
                      <code code="282291009" codeSystem="2.16.840.1.113883.6.96" codeSystemName="SNOMED CT" displayName="Diagnosis">
                        <translation code="29308-4" codeSystem="2.16.840.1.113883.6.1" codeSystemName="LOINC" displayName="Diagnosis"/>
                      </code>
                      <statusCode code="completed"/>
                      <effectiveTime>
                        <low value="20150722"/>
                      </effectiveTime>
                      <value xmlns:xsi="http://www.w3.org/2001/XMLSchema-instance" code="268565007" codeSystem="2.16.840.1.113883.6.96" displayName="Encounter for routine adult physical exam without abnormal finding" xsi:type="CD"/>
                    </observation>
                  </entryRelationship>
                </act>
              </entryRelationship>
            </encounter>
          </entry>
        </section>
      </component>
      <component>
        <section nullFlavor="NI">
          <templateId root="2.16.840.1.113883.10.20.22.2.60"/>
          <code code="61146-7" codeSystem="2.16.840.1.113883.6.1" codeSystemName="LOINC" displayName="Goals"/>
          <title>Goals</title>
          <text><table><thead><tr><td/></tr></thead><tbody><tr><td>No Data Found</td></tr></tbody></table></text>
        </section>
      </component>
      <component>
        <section nullFlavor="NI">
          <templateId root="2.16.840.1.113883.10.20.22.2.58"/>
          <code code="75310-3" codeSystem="2.16.840.1.113883.6.1" codeSystemName="LOINC" displayName="Health Concerns Document"/>
          <title>Health Concerns Section</title>
          <text><table><thead><tr><td/></tr></thead><tbody><tr><td>No Data Found</td></tr></tbody></table></text>
        </section>
      </component>
    </structuredBody>
  </component>
</ClinicalDocument>