<?xml version="1.0" encoding="UTF-8"?><ClinicalDocument xmlns="urn:hl7-org:v3" xmlns:sdtc="urn:hl7-org:sdtc" xmlns:type="http://www.w3.org/2001/XMLSchema-instance">
  <realmCode code="US"/>
  <typeId extension="POCD_HD000040" root="2.16.840.1.113883.1.3"/>
  <templateId root="2.16.840.1.113883.10.20.22.1.1"/>
  <templateId extension="2015-08-01" root="2.16.840.1.113883.10.20.22.1.1"/>
  <templateId root="2.16.840.1.113883.10.20.22.1.2"/>
  <templateId extension="2015-08-01" root="2.16.840.1.113883.10.20.22.1.2"/>
  <id root="5bef8bb5-7baa-4627-b5ec-f336423be642"/>
  <code code="34133-9" codeSystem="2.16.840.1.113883.6.1" codeSystemName="LOINC" displayName="Patient Summary 2.1"/>
  <title>Patient Summary 2.1</title>
  <effectiveTime value="20170801"/>
  <confidentialityCode code="N" codeSystem="2.16.840.1.113883.5.25" codeSystemName="Confidentiality" displayName="normal"/>
  <languageCode code="en-US"/>
  <recordTarget>
    <patientRole>
      <id root="bd7d5de3-a28e-4d4e-ba82-2a4132373311"/>
      <addr use="HP">
        <streetAddressLine>1357 AMBER DR</streetAddressLine>
        <city>BEAVERTON</city>
        <state>OR</state>
        <postalCode>97006</postalCode>
        <country>US</country>
      </addr>
      <telecom use="HP" value="5557231544"/>
      <telecom use="MC" value="5557771234"/>
      <telecom nullFlavor="UNK" use="WP"/>
      <patient>
        <name use="L">
          <given>ALICE</given>
          <given>JONES</given>
          <family>NEWMAN</family>
        </name>
        <name>
          <given>Alicia</given>
          <given>JONES</given>
          <family>NEWMAN</family>
        </name>
        <administrativeGenderCode code="F" codeSystem="2.16.840.1.113883.5.1" displayName="Female"/>
        <birthTime value="19700501"/>
        <raceCode code="2106-3" codeSystem="2.16.840.1.113883.6.238" codeSystemName="Race and Ethnicity - CDC" displayName="WHITE"/>
        <sdtc:raceCode code="2108-9" codeSystem="2.16.840.1.113883.6.238" codeSystemName="Race and Ethnicity - CDC" displayName="White European"/>
        <ethnicGroupCode code="2186-5" codeSystem="2.16.840.1.113883.6.238" codeSystemName="Race and Ethnicity - CDC" displayName="Not Hispanic or Latino"/>
        <languageCommunication>
          <languageCode code="en"/>
        </languageCommunication>
      </patient>
      <providerOrganization>
        <id root="b83e11c4-b092-4774-864a-a10c7acc25c7"/>
        <name>Neighborhood Physician Practic</name>
        <telecom use="WP" value="5555551002"/>
        <addr use="HP">
          <streetAddressLine>2472 Rocky Place</streetAddressLine>
          <city>Beaverton</city>
          <state>OR</state>
          <postalCode>97006</postalCode>
          <country>US</country>
        </addr>
      </providerOrganization>
    </patientRole>
  </recordTarget>
  <author>
    <time value="20170801"/>
    <assignedAuthor>
      <id root="6d0c1cda-9e18-4fab-ac7a-77d217b098e2"/>
      <id root="2db98e91-4579-41b2-b5cc-1fdc134e37c2"/>
      <addr use="HP">
        <streetAddressLine>2472 Rocky Place</streetAddressLine>
        <city>Beaverton</city>
        <state>OR</state>
        <postalCode>97006</postalCode>
        <country>US</country>
      </addr>
      <telecom value="5555551002"/>
      <assignedPerson>
        <name nullFlavor="NI"/>
      </assignedPerson>
    </assignedAuthor>
  </author>
  <custodian>
    <assignedCustodian>
      <representedCustodianOrganization>
        <id root="b83e11c4-b092-4774-864a-a10c7acc25c7"/>
        <name>Neighborhood Physician Practic</name>
        <telecom value="5555551002"/>
        <addr use="HP">
          <streetAddressLine>2472 Rocky Place</streetAddressLine>
          <city>Beaverton</city>
          <state>OR</state>
          <postalCode>97006</postalCode>
          <country>US</country>
        </addr>
      </representedCustodianOrganization>
    </assignedCustodian>
  </custodian>
  <documentationOf>
    <serviceEvent classCode="PCPR">
      <effectiveTime>
        <low value="20150622"/>
        <high value="20150622"/>
      </effectiveTime>
      <performer typeCode="PRF">
        <functionCode codeSystem="2.16.840.1.113883.5.88" codeSystemName="ParticipationFunction" displayName="Office Contact" nullFlavor="NI">
          <originalText>Office Contact</originalText>
        </functionCode>
        <assignedEntity>
          <id root="dddf702a-2d4f-48b9-80ed-1829541af368"/>
          <addr use="HP">
            <streetAddressLine>2472 Rocky Place</streetAddressLine>
            <city>Beaverton</city>
            <state>OR</state>
            <postalCode>97006</postalCode>
          </addr>
          <telecom value="5555551002"/>
          <assignedPerson>
            <name>
              <family>Tracy Davis</family>
            </name>
          </assignedPerson>
          <representedOrganization>
            <id root="23d8afb4-46f7-4356-bd0c-1d54f6445e8a"/>
            <name>Neighborhood Physician Pr</name>
            <telecom value="2516398100"/>
            <addr use="HP">
              <streetAddressLine>2472 Rocky Place</streetAddressLine>
              <city>Beaverton</city>
              <state>OR</state>
              <postalCode>97006</postalCode>
            </addr>
          </representedOrganization>
        </assignedEntity>
      </performer>
      <performer typeCode="PRF">
        <functionCode code="careteam" codeSystem="2.16.840.1.113883.5.88" codeSystemName="ParticipationFunction" displayName="Registered Nurse">
          <originalText>Registered Nurse</originalText>
        </functionCode>
        <assignedEntity>
          <id root="ec4b4936-1d28-4607-9736-6f25b284dd04"/>
          <addr use="HP">
            <streetAddressLine>2472 Rocky Place</streetAddressLine>
            <city>Beaverton</city>
            <state>OR</state>
            <postalCode>97006</postalCode>
          </addr>
          <telecom value="5555551002"/>
          <assignedPerson>
            <name>
              <family>Tracy Davis</family>
            </name>
          </assignedPerson>
          <representedOrganization>
            <id root="b83e11c4-b092-4774-864a-a10c7acc25c7"/>
            <name>Thrive Provider EHR</name>
            <telecom value="5555551002"/>
            <addr use="HP">
              <streetAddressLine>2472 Rocky Place</streetAddressLine>
              <city>Beaverton</city>
              <state>OR</state>
              <postalCode>97006</postalCode>
            </addr>
          </representedOrganization>
        </assignedEntity>
      </performer>
      <performer typeCode="PRF">
        <functionCode code="ATTENDING" codeSystem="2.16.840.1.113883.5.88" codeSystemName="ParticipationFunction" displayName="Attending">
          <originalText>Attending</originalText>
        </functionCode>
        <assignedEntity>
          <id root="97362391-88a8-4367-a261-1b755b8184b6"/>
          <addr use="HP">
            <streetAddressLine>2472 ROCKY PLACE</streetAddressLine>
            <city>BEAVERTON</city>
            <state>OR</state>
            <postalCode>97006</postalCode>
          </addr>
          <telecom value="5555551002"/>
          <assignedPerson>
            <name>
              <family>DAVIS ALBERT</family>
            </name>
          </assignedPerson>
          <representedOrganization>
            <id root="b83e11c4-b092-4774-864a-a10c7acc25c7"/>
            <name>Thrive Provider EHR</name>
            <telecom value="5555551002"/>
            <addr use="HP">
              <streetAddressLine>2472 Rocky Place</streetAddressLine>
              <city>Beaverton</city>
              <state>OR</state>
              <postalCode>97006</postalCode>
            </addr>
          </representedOrganization>
        </assignedEntity>
      </performer>
      <performer typeCode="PRF">
        <functionCode codeSystem="2.16.840.1.113883.5.88" codeSystemName="ParticipationFunction" displayName="Referring Provider" nullFlavor="NI">
          <originalText>Referring Provider</originalText>
        </functionCode>
        <assignedEntity>
          <id root="5052f702-0de3-457e-8613-3d16dff5bd80"/>
          <addr use="HP">
            <streetAddressLine>2472 ROCKY PLACE</streetAddressLine>
            <city>BEAVERTON</city>
            <state>OR</state>
            <postalCode>97006</postalCode>
          </addr>
          <telecom nullFlavor="UNK"/>
          <assignedPerson>
            <name>
              <family>DAVIS ALBERT</family>
            </name>
          </assignedPerson>
        </assignedEntity>
      </performer>
    </serviceEvent>
  </documentationOf>
  <componentOf>
    <encompassingEncounter>
      <id root="b1639b26-ba39-4301-a800-2b7465d767d0"/>
      <effectiveTime>
        <low value="20150622000000"/>
        <high value="20150622162100"/>
      </effectiveTime>
    </encompassingEncounter>
  </componentOf>
  <component>
    <structuredBody>
      <component>
        <section>
          <templateId root="2.16.840.1.113883.10.20.22.2.14"/>
          <code code="47420-5" codeSystem="2.16.840.1.113883.6.1" codeSystemName="LOINC" displayName="Functional Status"/>
          <title>Functional Status</title>
          <text><table>
  <thead>
    <tr>
      <th>Description</th>
      <th>Date</th>
      <th>Code</th>
      <th>Code System</th>
    </tr>
  </thead>
  <tbody>
    <tr ID="functionalStatus1">
      <td>Dependence on walking stick</td>
      <td>05/01/2005</td>
      <td>105504002</td>
      <td>SNOMED-CT</td>
    </tr>
  </tbody>
</table></text>
          <entry>
            <organizer classCode="CLUSTER" moodCode="EVN">
              <templateId extension="2014-06-09" root="2.16.840.1.113883.10.20.22.4.66"/>
              <id root="b20c708c-0834-4257-a6ac-6d000ea7a262"/>
              <code code="54522-8" codeSystem="2.16.840.1.113883.6.1" codeSystemName="LOINC" displayName="Functional Status"/>
              <statusCode code="completed"/>
              <component>
                <observation classCode="OBS" moodCode="EVN">
                  <templateId extension="2014-06-09" root="2.16.840.1.113883.10.20.22.4.67"/>
                  <id root="b7c78478-ae42-4958-b31f-8453d806bdcb"/>
                  <code code="54522-8" codeSystem="2.16.840.1.113883.6.1" codeSystemName="LOINC" displayName="Functional Status"/>
                  <statusCode code="completed"/>
                  <effectiveTime value="20050501"/>
                  <value xmlns:xsi="http://www.w3.org/2001/XMLSchema-instance" code="105504002" codeSystem="2.16.840.1.113883.6.96" displayName="Dependence on walking stick" xsi:type="CD"/>
                </observation>
              </component>
              <component>
                <observation classCode="OBS" moodCode="EVN" nullFlavor="NI">
                  <templateId root="2.16.840.1.113883.10.20.22.4.128"/>
                  <id root="933c1aa1-9116-4b14-8af3-f15440201290"/>
                  <code nullFlavor="NI"/>
                  <statusCode code="completed"/>
                  <effectiveTime nullFlavor="UNK"/>
                  <value xmlns:xsi="http://www.w3.org/2001/XMLSchema-instance" nullFlavor="UNK" xsi:type="CD"/>
                </observation>
              </component>
            </organizer>
          </entry>
        </section>
      </component>
      <component>
        <section>
          <templateId root="2.16.840.1.113883.10.20.22.2.2.1"/>
          <code code="11369-6" codeSystem="2.16.840.1.113883.6.1" codeSystemName="LOINC" displayName="History of Immunization Narrative"/>
          <title>Immunization</title>
          <text><table>
  <thead>
    <tr>
      <th>Immunization</th>
      <th>Date</th>
      <th>Status</th>
      <th>Additional Notes</th>
      <th>Code</th>
      <th>Code System</th>
    </tr>
  </thead>
  <tbody>
    <tr ID="immunization0">
      <td>DTaP, 5 pertussis antigens</td>
      <td>01/04/2012</td>
      <td>Completed</td>
      <td/>
      <td>106</td>
      <td>CVX</td>
    </tr>
    <tr ID="immunization1">
      <td>influenza, unspecified formulation</td>
      <td>05/10/2014</td>
      <td>Completed</td>
      <td/>
      <td>88</td>
      <td>CVX</td>
    </tr>
    <tr ID="immunization2">
      <td>influenza, intradermal, quadrivalent, preservative free</td>
      <td>06/22/2015</td>
      <td>Canceled</td>
      <td>Patient Objection</td>
      <td>166</td>
      <td>CVX</td>
    </tr>
  </tbody>
</table></text>
          <entry typeCode="DRIV">
            <substanceAdministration classCode="SBADM" moodCode="EVN" negationInd="false">
              <templateId extension="2015-08-01" root="2.16.840.1.113883.10.20.22.4.52"/>
              <templateId root="2.16.840.1.113883.10.20.22.4.52"/>
              <id root="6bc1d8d0-5f70-45a3-8dcc-d71fffcca2e0"/>
              <statusCode code="completed"/>
              <effectiveTime value="20120104"/>
              <consumable>
                <manufacturedProduct classCode="MANU">
                  <templateId extension="2014-06-09" root="2.16.840.1.113883.10.20.22.4.54"/>
                  <templateId root="2.16.840.1.113883.10.20.22.4.54"/>
                  <manufacturedMaterial>
                    <code code="106" codeSystem="2.16.840.1.113883.12.292" codeSystemName="CVX Vaccines Administered - Vaccine Set" displayName="DTaP, 5 pertussis antigens"/>
                    <lotNumberText nullFlavor="UNK"/>
                  </manufacturedMaterial>
                </manufacturedProduct>
              </consumable>
            </substanceAdministration>
          </entry>
          <entry typeCode="DRIV">
            <substanceAdministration classCode="SBADM" moodCode="EVN" negationInd="false">
              <templateId extension="2015-08-01" root="2.16.840.1.113883.10.20.22.4.52"/>
              <templateId root="2.16.840.1.113883.10.20.22.4.52"/>
              <id root="4b5d1d55-3b6d-4e11-9597-15088cc451d8"/>
              <statusCode code="completed"/>
              <effectiveTime value="20140510"/>
              <consumable>
                <manufacturedProduct classCode="MANU">
                  <templateId extension="2014-06-09" root="2.16.840.1.113883.10.20.22.4.54"/>
                  <templateId root="2.16.840.1.113883.10.20.22.4.54"/>
                  <manufacturedMaterial>
                    <code code="88" codeSystem="2.16.840.1.113883.12.292" codeSystemName="CVX Vaccines Administered - Vaccine Set" displayName="influenza, unspecified formulation"/>
                    <lotNumberText nullFlavor="UNK"/>
                  </manufacturedMaterial>
                </manufacturedProduct>
              </consumable>
            </substanceAdministration>
          </entry>
          <entry typeCode="DRIV">
            <substanceAdministration classCode="SBADM" moodCode="EVN" negationInd="true">
              <templateId extension="2015-08-01" root="2.16.840.1.113883.10.20.22.4.52"/>
              <templateId root="2.16.840.1.113883.10.20.22.4.52"/>
              <id root="aff3a9da-77d7-4b1e-a68e-94d820f8c2bf"/>
              <statusCode code="cancelled"/>
              <effectiveTime value="20150622"/>
              <consumable>
                <manufacturedProduct classCode="MANU">
                  <templateId extension="2014-06-09" root="2.16.840.1.113883.10.20.22.4.54"/>
                  <templateId root="2.16.840.1.113883.10.20.22.4.54"/>
                  <manufacturedMaterial>
                    <code code="166" codeSystem="2.16.840.1.113883.12.292" codeSystemName="CVX Vaccines Administered - Vaccine Set" displayName="influenza, intradermal, quadrivalent, preservative free"/>
                    <lotNumberText nullFlavor="UNK"/>
                  </manufacturedMaterial>
                </manufacturedProduct>
              </consumable>
              <entryRelationship typeCode="RSON">
                <observation classCode="OBS" moodCode="EVN">
                  <templateId root="2.16.840.1.113883.10.20.22.4.53"/>
                  <id root="ad33d93e-7987-4a11-bc00-6f2dc801fdbf"/>
                  <code code="PATOBJ" codeSystem="2.16.840.1.113883.5.8" codeSystemName="HL7 ActNoImmunizationReason" displayName="Patient Objection"/>
                  <statusCode code="completed"/>
                </observation>
              </entryRelationship>
            </substanceAdministration>
          </entry>
        </section>
      </component>
      <component>
        <section>
          <templateId root="2.16.840.1.113883.10.20.22.2.56"/>
          <code code="10190-7" codeSystem="2.16.840.1.113883.6.1" codeSystemName="LOINC" displayName="Mental Status"/>
          <title>Mental Status</title>
          <text><table>
  <thead>
    <tr>
      <th>Description</th>
      <th>Date</th>
      <th>Code</th>
      <th>Code System</th>
    </tr>
  </thead>
  <tbody>
    <tr ID="mentalStatus1">
      <td>Amnesia</td>
      <td>05/01/2005</td>
      <td>48167000</td>
      <td>SNOMED-CT</td>
    </tr>
  </tbody>
</table></text>
          <entry>
            <organizer classCode="CLUSTER" moodCode="EVN">
              <templateId extension="2015-08-01" root="2.16.840.1.113883.10.20.22.4.74"/>
              <id root="6b3cd5e3-e5d2-4649-8db1-c0e0ce9cc01d"/>
              <id root="a2bbdf88-44fb-4f42-8556-8f76f428cf1e"/>
              <code code="373930000" codeSystem="2.16.840.1.113883.6.96" codeSystemName="SNOMED CT" displayName="Cognitive Function Finding"/>
              <statusCode code="completed"/>
              <effectiveTime xmlns:xsi="http://www.w3.org/2001/XMLSchema-instance" xsi:type="IVL_TS">
                <low value="20050501000000"/>
                <high value="20050501000000"/>
              </effectiveTime>
              <component>
                <observation classCode="OBS" moodCode="EVN">
                  <templateId root="2.16.840.1.113883.10.20.22.4.74"/>
                  <id root="d422ed62-09b6-42a9-980e-669c97507e0c"/>
                  <code code="373930000" codeSystem="2.16.840.1.113883.6.96" codeSystemName="SNOMED CT" displayName="Cognitive Function Finding">
                    <translation code="75275-8" codeSystem="2.16.840.1.113883.6.1" codeSystemName="LOINC" displayName="Cognitive Function"/>
                  </code>
                  <statusCode code="completed"/>
                  <effectiveTime value="20050501000000"/>
                  <value xmlns:xsi="http://www.w3.org/2001/XMLSchema-instance" code="48167000" codeSystem="2.16.840.1.113883.6.96" displayName="Amnesia" xsi:type="CD"/>
                </observation>
              </component>
            </organizer>
          </entry>
        </section>
      </component>
      <component>
        <section>
          <templateId extension="2015-08-01" root="2.16.840.1.113883.10.20.22.2.3.1"/>
          <templateId root="2.16.840.1.113883.10.20.22.2.3.1"/>
          <code code="30954-2" codeSystem="2.16.840.1.113883.6.1" codeSystemName="LOINC" displayName="RELEVANT DIAGNOSTIC TESTS AND/OR LABORATORY DATA"/>
          <title>Results</title>
          <text><table>
  <tbody>
    <tr>
      <td colspan="5">Urinalysis macro (dispstick) panel - Collect Date/Time: 06/22/2015 16:59</td>
    </tr>
    <tr>
      <td colspan="5">Evident Labs</td>
    </tr>
    <tr>
      <td colspan="5">ID: 2.16.840.1.113883.4.7 - 01D1111111</td>
    </tr>
    <tr>
      <td colspan="5">6600 Wall St, Mobile, AL, 36695</td>
    </tr>
    <tr>
      <td>LOINC: 24357-6</td>
    </tr>
    <tr>
      <td>Test</td>
      <td>Value</td>
      <td>Unit</td>
      <td>Reference Range</td>
      <td>Code</td>
      <td>Code System</td>
    </tr>
    <tr ID="result1">
      <td>Color of Urine</td>
      <td>YELLOW</td>
      <td/>
      <td>YELLOW</td>
      <td>5778-6</td>
      <td>LOINC</td>
    </tr>
    <tr ID="result2">
      <td>Appearance of Urine</td>
      <td>CLEAR</td>
      <td/>
      <td>CLEAR</td>
      <td>5767-9</td>
      <td>LOINC</td>
    </tr>
    <tr ID="result3">
      <td>Specific Gravity</td>
      <td>1.015</td>
      <td>1</td>
      <td>L=1.005    H=1.030</td>
      <td>5811-5</td>
      <td>LOINC</td>
    </tr>
    <tr ID="result4">
      <td>pH of Urine</td>
      <td>5.0</td>
      <td>[pH]</td>
      <td>L=5.0      H=8.0</td>
      <td>5803-2</td>
      <td>LOINC</td>
    </tr>
    <tr ID="result5">
      <td>Glucose in Urine</td>
      <td>50</td>
      <td>mg/dL</td>
      <td>Neg</td>
      <td>5792-7</td>
      <td>LOINC</td>
    </tr>
    <tr ID="result6">
      <td>Ketones in Urine</td>
      <td>Negative</td>
      <td/>
      <td>Negative</td>
      <td>5797-6</td>
      <td>LOINC</td>
    </tr>
    <tr ID="result7">
      <td>Protein in Urine</td>
      <td>100</td>
      <td>mg/dL</td>
      <td>negative</td>
      <td>5804-0</td>
      <td>LOINC</td>
    </tr>
    <tr>
      <td colspan="5"> </td>
    </tr>
    <tr>
      <td colspan="5">CHEST X-RAY 2 VIEWS - Completed: 06/22/2015 17:19</td>
    </tr>
    <tr>
      <td>LOINC: 36643-5</td>
    </tr>
    <tr ID="result8">
      <td colspan="5">&lt;![CDATA[CPSI MEMORIAL HOSPITAL
Mobile,  AL 36695
________________________________________________________________________
Diagnostic Radiology
______________________________________________________________________________________
	Name:	NEWMAN ALICE JONES		Patient Number:	C00573
	Age:  47  Sex:	F		Admitting Physician:	DAVIS ALB
	Telephone Number:	555/723/1544		Ordering Physician:	DAVIS ALB
	Stay Type:	CLINIC		Admit Date:	06/22/15
	Transcription Date:	6/16/17		X-ray Number:	35048
	Transcriptionist Initials:  CCC

________________________________________________________________________________________________
**Unsigned Transcriptions are preliminary reports and do not represent a
Medical or Legal Document**
________________________________________________________________________________________________


CHEST X-RAY 2 VIEWS           71020      COMPLETE:06/22/15 17:19  CCC 20306 
    	
Diagnostic Imaging Report - Consulting Specialists Interpretation: 

?	Lungs are not clear, cannot rule out Anemia. Other tests are required to determine the presence or absence of Anemia. 


Dictating Phy:	CK					Reviewed and Electronically Signed by:
Tx date:  6/16/17							WILSON CANDACE K 
Tx time:  17:20	PATHOLOGISTS 
Tx by:  CCC








	

]]&gt;</td>
    </tr>
  </tbody>
</table></text>
          <entry typeCode="DRIV">
            <organizer classCode="BATTERY" moodCode="EVN">
              <templateId extension="2015-08-01" root="2.16.840.1.113883.10.20.22.4.1"/>
              <id root="c76303d4-5f1c-4c6b-a43f-daf01a3dc583"/>
              <code code="24357-6" codeSystem="2.16.840.1.113883.6.1" codeSystemName="LOINC" displayName="Urinalysis macro (dispstick) panel"/>
              <statusCode code="completed"/>
              <effectiveTime xmlns:xsi="http://www.w3.org/2001/XMLSchema-instance" xsi:type="IVL_TS">
                <low value="20150622165900"/>
                <high value="20150622163600"/>
              </effectiveTime>
              <author>
                <templateId root="2.16.840.1.113883.10.20.22.4.119"/>
                <time value="20150622165900-0500"/>
                <assignedAuthor>
                  <id root="94900c3c-f67b-43a6-a586-7185bd23c6e5"/>
                  <representedOrganization>
                    <id extension="01D1111111" root="2.16.840.1.113883.4.7"/>
                    <name>Evident Labs</name>
                    <addr use="HP">
                      <streetAddressLine>6600 Wall St</streetAddressLine>
                      <city>Mobile</city>
                      <state>AL</state>
                      <postalCode>36695</postalCode>
                    </addr>
                  </representedOrganization>
                </assignedAuthor>
              </author>
              <component>
                <observation classCode="OBS" moodCode="EVN">
                  <templateId extension="2015-08-01" root="2.16.840.1.113883.10.20.22.4.2"/>
                  <templateId root="2.16.840.1.113883.10.20.22.4.2"/>
                  <id root="8bd396aa-5e2f-4c75-9001-f7b9393278a8"/>
                  <code code="5778-6" codeSystem="2.16.840.1.113883.6.1" codeSystemName="LOINC" displayName="Color of Urine"/>
                  <statusCode code="completed"/>
                  <effectiveTime xmlns:xsi="http://www.w3.org/2001/XMLSchema-instance" xsi:type="IVL_TS">
                    <low value="20170612170100"/>
                    <high nullFlavor="UNK"/>
                  </effectiveTime>
                  <value xmlns:xsi="http://www.w3.org/2001/XMLSchema-instance" nullFlavor="OTH" xsi:type="ST">YELLOW</value>
                  <referenceRange>
                    <observationRange>
                      <text>YELLOW</text>
                      <value xmlns:xsi="http://www.w3.org/2001/XMLSchema-instance" nullFlavor="NA" xsi:type="ST"/>
                    </observationRange>
                  </referenceRange>
                </observation>
              </component>
              <component>
                <observation classCode="OBS" moodCode="EVN">
                  <templateId extension="2015-08-01" root="2.16.840.1.113883.10.20.22.4.2"/>
                  <templateId root="2.16.840.1.113883.10.20.22.4.2"/>
                  <id root="40333b0b-110c-4a0d-b02f-88c11b28432f"/>
                  <code code="5767-9" codeSystem="2.16.840.1.113883.6.1" codeSystemName="LOINC" displayName="Appearance of Urine"/>
                  <statusCode code="completed"/>
                  <effectiveTime xmlns:xsi="http://www.w3.org/2001/XMLSchema-instance" xsi:type="IVL_TS">
                    <low value="20170612170100"/>
                    <high nullFlavor="UNK"/>
                  </effectiveTime>
                  <value xmlns:xsi="http://www.w3.org/2001/XMLSchema-instance" nullFlavor="OTH" xsi:type="ST">CLEAR</value>
                  <referenceRange>
                    <observationRange>
                      <text>CLEAR</text>
                      <value xmlns:xsi="http://www.w3.org/2001/XMLSchema-instance" nullFlavor="NA" xsi:type="ST"/>
                    </observationRange>
                  </referenceRange>
                </observation>
              </component>
              <component>
                <observation classCode="OBS" moodCode="EVN">
                  <templateId extension="2015-08-01" root="2.16.840.1.113883.10.20.22.4.2"/>
                  <templateId root="2.16.840.1.113883.10.20.22.4.2"/>
                  <id root="02d91c8b-df29-45de-b5e5-520ad20da63d"/>
                  <code code="5811-5" codeSystem="2.16.840.1.113883.6.1" codeSystemName="LOINC" displayName="Specific Gravity"/>
                  <statusCode code="completed"/>
                  <effectiveTime xmlns:xsi="http://www.w3.org/2001/XMLSchema-instance" xsi:type="IVL_TS">
                    <low value="20170612170100"/>
                    <high nullFlavor="UNK"/>
                  </effectiveTime>
                  <value xmlns:xsi="http://www.w3.org/2001/XMLSchema-instance" unit="1" value="1.015" xsi:type="PQ"/>
                  <referenceRange>
                    <observationRange>
                      <text>L=1.005    H=1.030</text>
                      <value xmlns:xsi="http://www.w3.org/2001/XMLSchema-instance" nullFlavor="NA" xsi:type="ST"/>
                    </observationRange>
                  </referenceRange>
                </observation>
              </component>
              <component>
                <observation classCode="OBS" moodCode="EVN">
                  <templateId extension="2015-08-01" root="2.16.840.1.113883.10.20.22.4.2"/>
                  <templateId root="2.16.840.1.113883.10.20.22.4.2"/>
                  <id root="45d5caa3-d085-40a8-b617-c641199c09eb"/>
                  <code code="5803-2" codeSystem="2.16.840.1.113883.6.1" codeSystemName="LOINC" displayName="pH of Urine"/>
                  <statusCode code="completed"/>
                  <effectiveTime xmlns:xsi="http://www.w3.org/2001/XMLSchema-instance" xsi:type="IVL_TS">
                    <low value="20170612170100"/>
                    <high nullFlavor="UNK"/>
                  </effectiveTime>
                  <value xmlns:xsi="http://www.w3.org/2001/XMLSchema-instance" unit="[pH]" value="5.0" xsi:type="PQ"/>
                  <referenceRange>
                    <observationRange>
                      <text>L=5.0      H=8.0</text>
                      <value xmlns:xsi="http://www.w3.org/2001/XMLSchema-instance" nullFlavor="NA" xsi:type="ST"/>
                    </observationRange>
                  </referenceRange>
                </observation>
              </component>
              <component>
                <observation classCode="OBS" moodCode="EVN">
                  <templateId extension="2015-08-01" root="2.16.840.1.113883.10.20.22.4.2"/>
                  <templateId root="2.16.840.1.113883.10.20.22.4.2"/>
                  <id root="343cdb2f-94a3-43d0-8e92-8808a6595358"/>
                  <code code="5792-7" codeSystem="2.16.840.1.113883.6.1" codeSystemName="LOINC" displayName="Glucose in Urine"/>
                  <statusCode code="completed"/>
                  <effectiveTime xmlns:xsi="http://www.w3.org/2001/XMLSchema-instance" xsi:type="IVL_TS">
                    <low value="20170612170100"/>
                    <high nullFlavor="UNK"/>
                  </effectiveTime>
                  <value xmlns:xsi="http://www.w3.org/2001/XMLSchema-instance" unit="mg/dL" value="50" xsi:type="PQ"/>
                  <referenceRange>
                    <observationRange>
                      <text>Neg</text>
                      <value xmlns:xsi="http://www.w3.org/2001/XMLSchema-instance" nullFlavor="NA" xsi:type="ST"/>
                    </observationRange>
                  </referenceRange>
                </observation>
              </component>
              <component>
                <observation classCode="OBS" moodCode="EVN">
                  <templateId extension="2015-08-01" root="2.16.840.1.113883.10.20.22.4.2"/>
                  <templateId root="2.16.840.1.113883.10.20.22.4.2"/>
                  <id root="44eb5d69-cf27-4792-a309-69c9bcd9cc96"/>
                  <code code="5797-6" codeSystem="2.16.840.1.113883.6.1" codeSystemName="LOINC" displayName="Ketones in Urine"/>
                  <statusCode code="completed"/>
                  <effectiveTime xmlns:xsi="http://www.w3.org/2001/XMLSchema-instance" xsi:type="IVL_TS">
                    <low value="20170612170100"/>
                    <high nullFlavor="UNK"/>
                  </effectiveTime>
                  <value xmlns:xsi="http://www.w3.org/2001/XMLSchema-instance" nullFlavor="OTH" xsi:type="ST">Negative</value>
                  <referenceRange>
                    <observationRange>
                      <text>Negative</text>
                      <value xmlns:xsi="http://www.w3.org/2001/XMLSchema-instance" nullFlavor="NA" xsi:type="ST"/>
                    </observationRange>
                  </referenceRange>
                </observation>
              </component>
              <component>
                <observation classCode="OBS" moodCode="EVN">
                  <templateId extension="2015-08-01" root="2.16.840.1.113883.10.20.22.4.2"/>
                  <templateId root="2.16.840.1.113883.10.20.22.4.2"/>
                  <id root="cff24404-cd13-4f3c-aafd-72a4990e01f6"/>
                  <code code="5804-0" codeSystem="2.16.840.1.113883.6.1" codeSystemName="LOINC" displayName="Protein in Urine"/>
                  <statusCode code="completed"/>
                  <effectiveTime xmlns:xsi="http://www.w3.org/2001/XMLSchema-instance" xsi:type="IVL_TS">
                    <low value="20170612170100"/>
                    <high nullFlavor="UNK"/>
                  </effectiveTime>
                  <value xmlns:xsi="http://www.w3.org/2001/XMLSchema-instance" unit="mg/dL" value="100" xsi:type="PQ"/>
                  <referenceRange>
                    <observationRange>
                      <text>negative</text>
                      <value xmlns:xsi="http://www.w3.org/2001/XMLSchema-instance" nullFlavor="NA" xsi:type="ST"/>
                    </observationRange>
                  </referenceRange>
                </observation>
              </component>
            </organizer>
          </entry>
          <entry typeCode="DRIV">
            <organizer classCode="BATTERY" moodCode="EVN">
              <templateId extension="2015-08-01" root="2.16.840.1.113883.10.20.22.4.1"/>
              <id root="59034c35-3a55-4308-80fd-58c7e5083b77"/>
              <code code="36643-5" codeSystem="2.16.840.1.113883.6.1" codeSystemName="LOINC" displayName="CHEST X-RAY 2 VIEWS"/>
              <statusCode code="completed"/>
              <effectiveTime xmlns:xsi="http://www.w3.org/2001/XMLSchema-instance" xsi:type="IVL_TS">
                <low value="20150622171800"/>
                <high value="20150622171900"/>
              </effectiveTime>
              <component>
                <observation classCode="OBS" moodCode="EVN">
                  <templateId extension="2015-08-01" root="2.16.840.1.113883.10.20.22.4.2"/>
                  <templateId root="2.16.840.1.113883.10.20.22.4.2"/>
                  <id root="0ffec9e6-9a67-4315-a89a-ebb2bfe99dd1"/>
                  <code code="36643-5" codeSystem="2.16.840.1.113883.6.1" codeSystemName="LOINC" displayName="CHEST X-RAY 2 VIEWS"/>
                  <text>
                    <reference value="#result8"/>
                  </text>
                  <statusCode code="completed"/>
                  <effectiveTime xmlns:xsi="http://www.w3.org/2001/XMLSchema-instance" xsi:type="IVL_TS">
                    <low value="20170616171800"/>
                    <high nullFlavor="UNK"/>
                  </effectiveTime>
                  <value xmlns:xsi="http://www.w3.org/2001/XMLSchema-instance" xsi:type="ED">
                    <reference value="#result8"/>
                  </value>
                </observation>
              </component>
            </organizer>
          </entry>
        </section>
      </component>
      <component>
        <section>
          <templateId extension="2015-08-01" root="2.16.840.1.113883.10.20.22.2.17"/>
          <templateId root="2.16.840.1.113883.10.20.22.2.17"/>
          <code code="29762-2" codeSystem="2.16.840.1.113883.6.1" codeSystemName="LOINC" displayName="Social History"/>
          <title>Social History</title>
          <text><table>
  <thead>
    <tr>
      <th>Type</th>
      <th>Status</th>
      <th>Start Date</th>
      <th>End Date</th>
      <th>Code</th>
      <th>Code System</th>
    </tr>
  </thead>
  <tbody>
    <tr ID="socialHistory1">
      <td>Smoking History</td>
      <td>Current every day smoker</td>
      <td>06/22/2015</td>
      <td/>
      <td>449868002</td>
      <td>SNOMED-CT</td>
    </tr>
  </tbody>
</table></text>
          <entry typeCode="DRIV">
            <observation classCode="OBS" moodCode="EVN">
              <templateId extension="2014-06-09" root="2.16.840.1.113883.10.20.22.4.78"/>
              <id root="8458851f-2b28-478e-b20a-60a850534e49"/>
              <code code="72166-2" codeSystem="2.16.840.1.113883.6.1" codeSystemName="LOINC" displayName="Tobacco Smoking Status"/>
              <statusCode code="completed"/>
              <effectiveTime value="20150622"/>
              <value xmlns:xsi="http://www.w3.org/2001/XMLSchema-instance" code="449868002" codeSystem="2.16.840.1.113883.6.96" displayName="Current every day smoker" xsi:type="CD"/>
            </observation>
          </entry>
        </section>
      </component>
      <component>
        <section>
          <templateId extension="2015-08-01" root="2.16.840.1.113883.10.20.22.2.4.1"/>
          <templateId root="2.16.840.1.113883.10.20.22.2.4.1"/>
          <code code="8716-3" codeSystem="2.16.840.1.113883.6.1" codeSystemName="LOINC" displayName="Vital Signs"/>
          <title>Vital Signs</title>
          <text><table>
  <thead>
    <tr>
      <th>Vital Sign</th>
      <th>Value</th>
      <th>Unit</th>
      <th>Date/Time</th>
      <th>Recent/Initial?</th>
      <th>Code</th>
      <th>Code System</th>
    </tr>
  </thead>
  <tbody>
    <tr ID="vitalSign0">
      <td>Body Mass Index</td>
      <td>28.09</td>
      <td>kg/m2</td>
      <td>06/22/2015 10:05</td>
      <td>Inital</td>
      <td>39156-5</td>
      <td>LOINC</td>
    </tr>
    <tr ID="vitalSign1">
      <td>Systolic Blood Pressure</td>
      <td>145</td>
      <td>mm[Hg]</td>
      <td>06/22/2015 10:05</td>
      <td>Inital</td>
      <td>8480-6</td>
      <td>LOINC</td>
    </tr>
    <tr ID="vitalSign2">
      <td>Diastolic Blood Pressure</td>
      <td>88</td>
      <td>mm[Hg]</td>
      <td>06/22/2015 10:05</td>
      <td>Inital</td>
      <td>8462-4</td>
      <td>LOINC</td>
    </tr>
    <tr ID="vitalSign3">
      <td>Body Surface Area</td>
      <td>2.08</td>
      <td>m2</td>
      <td>06/22/2015 10:05</td>
      <td>Inital</td>
      <td>3140-1</td>
      <td>LOINC</td>
    </tr>
    <tr ID="vitalSign4">
      <td>Height</td>
      <td>177.0126</td>
      <td>cm</td>
      <td>06/22/2015 10:05</td>
      <td>Inital</td>
      <td>8302-2</td>
      <td>LOINC</td>
    </tr>
    <tr ID="vitalSign5">
      <td>O2 Saturation</td>
      <td>95</td>
      <td>%</td>
      <td>06/22/2015 10:05</td>
      <td>Inital</td>
      <td>59408-5</td>
      <td>LOINC</td>
    </tr>
    <tr ID="vitalSign6">
      <td>Pulse</td>
      <td>80.0</td>
      <td>/min</td>
      <td>06/22/2015 10:05</td>
      <td>Inital</td>
      <td>8867-4</td>
      <td>LOINC</td>
    </tr>
    <tr ID="vitalSign7">
      <td>Respiration</td>
      <td>18</td>
      <td>/min</td>
      <td>06/22/2015 10:05</td>
      <td>Inital</td>
      <td>9279-1</td>
      <td>LOINC</td>
    </tr>
    <tr ID="vitalSign8">
      <td>Temperature</td>
      <td>38.0</td>
      <td>Cel</td>
      <td>06/22/2015 10:05</td>
      <td>Inital</td>
      <td>8310-5</td>
      <td>LOINC</td>
    </tr>
    <tr ID="vitalSign9">
      <td>Weight</td>
      <td>88.00</td>
      <td>kg</td>
      <td>06/22/2015 10:05</td>
      <td>Inital</td>
      <td>29463-7</td>
      <td>LOINC</td>
    </tr>
    <tr ID="vitalSign10">
      <td>Fraction of Inspired Oxygen</td>
      <td>36</td>
      <td>%</td>
      <td>06/22/2015 10:05</td>
      <td>Inital</td>
      <td>3150-0</td>
      <td>LOINC</td>
    </tr>
  </tbody>
</table></text>
          <entry typeCode="DRIV">
            <organizer classCode="CLUSTER" moodCode="EVN">
              <templateId extension="2015-08-01" root="2.16.840.1.113883.10.20.22.4.26"/>
              <id root="4a54170b-8877-4f29-9f7b-1292abe905c8"/>
              <code code="46680005" codeSystem="2.16.840.1.113883.6.96" codeSystemName="SNOMED CT" displayName="Vital Signs">
                <translation code="74728-7" codeSystem="2.16.840.1.113883.6.1" codeSystemName="LOINC" displayName="Vital signs, weight, height, head circumference, oximetry, BMI, and BSA panel"/>
              </code>
              <statusCode code="completed"/>
              <effectiveTime>
                <low value="20150622"/>
                <high value="20150622"/>
              </effectiveTime>
              <component>
                <observation classCode="OBS" moodCode="EVN">
                  <templateId extension="2014-06-09" root="2.16.840.1.113883.10.20.22.4.27"/>
                  <templateId root="2.16.840.1.113883.10.20.22.4.27"/>
                  <id root="984aaadd-9d75-42e7-8a6a-fdfcc7ca180b"/>
                  <code code="39156-5" codeSystem="2.16.840.1.113883.6.1" codeSystemName="LOINC" displayName="BMI (Body Mass Index)"/>
                  <statusCode code="completed"/>
                  <effectiveTime value="20150622"/>
                  <value xmlns:xsi="http://www.w3.org/2001/XMLSchema-instance" unit="kg/m2" value="28.09" xsi:type="PQ"/>
                </observation>
              </component>
              <component>
                <observation classCode="OBS" moodCode="EVN">
                  <templateId extension="2014-06-09" root="2.16.840.1.113883.10.20.22.4.27"/>
                  <templateId root="2.16.840.1.113883.10.20.22.4.27"/>
                  <id root="0b6f7b51-c788-406b-bb1b-baa48bf0b841"/>
                  <code code="8480-6" codeSystem="2.16.840.1.113883.6.1" codeSystemName="LOINC" displayName="BP Systolic"/>
                  <statusCode code="completed"/>
                  <effectiveTime value="20150622"/>
                  <value xmlns:xsi="http://www.w3.org/2001/XMLSchema-instance" unit="mm[Hg]" value="145" xsi:type="PQ"/>
                </observation>
              </component>
              <component>
                <observation classCode="OBS" moodCode="EVN">
                  <templateId extension="2014-06-09" root="2.16.840.1.113883.10.20.22.4.27"/>
                  <templateId root="2.16.840.1.113883.10.20.22.4.27"/>
                  <id root="d523369a-7d7b-4962-a7f0-3160626ddcbd"/>
                  <code code="8462-4" codeSystem="2.16.840.1.113883.6.1" codeSystemName="LOINC" displayName="BP Diastolic"/>
                  <statusCode code="completed"/>
                  <effectiveTime value="20150622"/>
                  <value xmlns:xsi="http://www.w3.org/2001/XMLSchema-instance" unit="mm[Hg]" value="88" xsi:type="PQ"/>
                </observation>
              </component>
              <component>
                <observation classCode="OBS" moodCode="EVN">
                  <templateId extension="2014-06-09" root="2.16.840.1.113883.10.20.22.4.27"/>
                  <templateId root="2.16.840.1.113883.10.20.22.4.27"/>
                  <id root="68df4574-71fb-494b-8de6-6289c41cd43a"/>
                  <code code="3140-1" codeSystem="2.16.840.1.113883.6.1" codeSystemName="LOINC" displayName="Body Surface"/>
                  <statusCode code="completed"/>
                  <effectiveTime value="20150622"/>
                  <value xmlns:xsi="http://www.w3.org/2001/XMLSchema-instance" unit="m2" value="2.08" xsi:type="PQ"/>
                </observation>
              </component>
              <component>
                <observation classCode="OBS" moodCode="EVN">
                  <templateId extension="2014-06-09" root="2.16.840.1.113883.10.20.22.4.27"/>
                  <templateId root="2.16.840.1.113883.10.20.22.4.27"/>
                  <id root="7c064f44-c03f-472c-9707-46a99c423580"/>
                  <code code="8302-2" codeSystem="2.16.840.1.113883.6.1" codeSystemName="LOINC" displayName="Height"/>
                  <statusCode code="completed"/>
                  <effectiveTime value="20150622"/>
                  <value xmlns:xsi="http://www.w3.org/2001/XMLSchema-instance" unit="cm" value="177.0126" xsi:type="PQ"/>
                </observation>
              </component>
              <component>
                <observation classCode="OBS" moodCode="EVN">
                  <templateId extension="2014-06-09" root="2.16.840.1.113883.10.20.22.4.27"/>
                  <templateId root="2.16.840.1.113883.10.20.22.4.27"/>
                  <id root="bdaaca38-2ca3-4011-9b36-872ab408eaa3"/>
                  <code code="59408-5" codeSystem="2.16.840.1.113883.6.1" codeSystemName="LOINC" displayName="O2 % BldC Oximetry"/>
                  <statusCode code="completed"/>
                  <effectiveTime value="20150622"/>
                  <value xmlns:xsi="http://www.w3.org/2001/XMLSchema-instance" unit="%" value="95" xsi:type="PQ"/>
                </observation>
              </component>
              <component>
                <observation classCode="OBS" moodCode="EVN">
                  <templateId extension="2014-06-09" root="2.16.840.1.113883.10.20.22.4.27"/>
                  <templateId root="2.16.840.1.113883.10.20.22.4.27"/>
                  <id root="40775f2c-8cfb-4697-9202-6c6918616b78"/>
                  <code code="8867-4" codeSystem="2.16.840.1.113883.6.1" codeSystemName="LOINC" displayName="Heart Rate"/>
                  <statusCode code="completed"/>
                  <effectiveTime value="20150622"/>
                  <value xmlns:xsi="http://www.w3.org/2001/XMLSchema-instance" unit="/min" value="80.0" xsi:type="PQ"/>
                </observation>
              </component>
              <component>
                <observation classCode="OBS" moodCode="EVN">
                  <templateId extension="2014-06-09" root="2.16.840.1.113883.10.20.22.4.27"/>
                  <templateId root="2.16.840.1.113883.10.20.22.4.27"/>
                  <id root="fcdab822-15e3-4bab-9bf1-1ce3e735fb51"/>
                  <code code="9279-1" codeSystem="2.16.840.1.113883.6.1" codeSystemName="LOINC" displayName="Respiratory Rate"/>
                  <statusCode code="completed"/>
                  <effectiveTime value="20150622"/>
                  <value xmlns:xsi="http://www.w3.org/2001/XMLSchema-instance" unit="/min" value="18" xsi:type="PQ"/>
                </observation>
              </component>
              <component>
                <observation classCode="OBS" moodCode="EVN">
                  <templateId extension="2014-06-09" root="2.16.840.1.113883.10.20.22.4.27"/>
                  <templateId root="2.16.840.1.113883.10.20.22.4.27"/>
                  <id root="230b6b35-2468-46bf-a722-df37c1660379"/>
                  <code code="8310-5" codeSystem="2.16.840.1.113883.6.1" codeSystemName="LOINC" displayName="Body Temperature"/>
                  <statusCode code="completed"/>
                  <effectiveTime value="20150622"/>
                  <value xmlns:xsi="http://www.w3.org/2001/XMLSchema-instance" unit="Cel" value="38.0" xsi:type="PQ"/>
                </observation>
              </component>
              <component>
                <observation classCode="OBS" moodCode="EVN">
                  <templateId extension="2014-06-09" root="2.16.840.1.113883.10.20.22.4.27"/>
                  <templateId root="2.16.840.1.113883.10.20.22.4.27"/>
                  <id root="701fb626-21c0-4d21-85e5-74d518af46f7"/>
                  <code code="29463-7" codeSystem="2.16.840.1.113883.6.1" codeSystemName="LOINC" displayName="Weight Measured"/>
                  <statusCode code="completed"/>
                  <effectiveTime value="20150622"/>
                  <value xmlns:xsi="http://www.w3.org/2001/XMLSchema-instance" unit="kg" value="88.00" xsi:type="PQ"/>
                </observation>
              </component>
              <component>
                <observation classCode="OBS" moodCode="EVN">
                  <templateId extension="2014-06-09" root="2.16.840.1.113883.10.20.22.4.27"/>
                  <templateId root="2.16.840.1.113883.10.20.22.4.27"/>
                  <id root="d0466dbe-3c1f-46d5-9447-730377708252"/>
                  <code code="3150-0" codeSystem="2.16.840.1.113883.6.1" codeSystemName="LOINC" displayName="Inhaled Oxygen Concentration"/>
                  <statusCode code="completed"/>
                  <effectiveTime value="20150622"/>
                  <value xmlns:xsi="http://www.w3.org/2001/XMLSchema-instance" unit="%" value="36" xsi:type="PQ"/>
                </observation>
              </component>
            </organizer>
          </entry>
        </section>
      </component>
      <component>
        <section>
          <templateId extension="2014-06-09" root="2.16.840.1.113883.10.20.22.2.1.1"/>
          <templateId root="2.16.840.1.113883.10.20.22.2.1.1"/>
          <templateId extension="2014-06-09" root="2.16.840.1.113883.10.20.34.2.1"/>
          <templateId root="2.16.840.1.113883.10.20.34.2.1"/>
          <code code="10160-0" codeSystem="2.16.840.1.113883.6.1" codeSystemName="LOINC" displayName="HISTORY OF MEDICATION USE"/>
          <title>Medications</title>
          <text><table>
  <thead>
    <tr>
      <th>Medication</th>
      <th>Start Date</th>
      <th>End Date</th>
      <th>Route</th>
      <th>Frequency</th>
      <th>Dose</th>
      <th>Code</th>
      <th>Code System</th>
    </tr>
  </thead>
  <tbody>
    <tr>
      <td>Tylenol Extra Strength 500MG Oral Tablet</td>
      <td>06/22/2015</td>
      <td>Unknown</td>
      <td>ORAL</td>
      <td>AS NEEDED</td>
      <td>1 UNIT</td>
      <td>209459</td>
      <td>RxNorm</td>
    </tr>
    <tr>
      <td>Aranesp 0.5MG/1ML Injection Solution</td>
      <td>06/22/2015</td>
      <td>Unknown</td>
      <td>INJECTABLE</td>
      <td>WEEKLY</td>
      <td>1 UNIT</td>
      <td>731241</td>
      <td>RxNorm</td>
    </tr>
    <tr>
      <td>cefTRIAXone 10GM Intravenous Powder for Solution</td>
      <td>06/22/2015</td>
      <td>Unknown</td>
      <td>INJECTABLE</td>
      <td>TWO TIMES DAILY</td>
      <td>1 UNIT</td>
      <td>309090</td>
      <td>RxNorm</td>
    </tr>
  </tbody>
</table></text>
          <entry typeCode="DRIV">
            <substanceAdministration classCode="SBADM" moodCode="EVN">
              <templateId extension="2014-06-09" root="2.16.840.1.113883.10.20.22.4.16"/>
              <templateId root="2.16.840.1.113883.10.20.22.4.16"/>
              <id root="44abbbb4-b263-4c5e-a730-bb31a8e26835"/>
              <statusCode code="active"/>
              <effectiveTime xmlns:xsi="http://www.w3.org/2001/XMLSchema-instance" xsi:type="IVL_TS">
                <low value="20150622000000"/>
                <high nullFlavor="UNK"/>
              </effectiveTime>
              <effectiveTime xmlns:xsi="http://www.w3.org/2001/XMLSchema-instance" institutionSpecified="true" operator="A" xsi:type="PIVL_TS">
                <period unit="h" value="24"/>
              </effectiveTime>
              <routeCode code="C38288" codeSystem="2.16.840.1.113883.3.26.1.1" codeSystemName="NCI Thesaurus" displayName="ORAL"/>
              <doseQuantity unit="U" value="1"/>
              <consumable>
                <manufacturedProduct classCode="MANU">
                  <templateId extension="2014-06-09" root="2.16.840.1.113883.10.20.22.4.23"/>
                  <templateId root="2.16.840.1.113883.10.20.22.4.23"/>
                  <id root="291f6e08-4d1d-48e2-a450-0324c06ed99d"/>
                  <manufacturedMaterial>
                    <code code="209459" codeSystem="2.16.840.1.113883.6.88" codeSystemName="RXNORM" displayName="Tylenol Extra Strength 500MG Oral Tablet"/>
                  </manufacturedMaterial>
                </manufacturedProduct>
              </consumable>
            </substanceAdministration>
          </entry>
          <entry typeCode="DRIV">
            <substanceAdministration classCode="SBADM" moodCode="EVN">
              <templateId extension="2014-06-09" root="2.16.840.1.113883.10.20.22.4.16"/>
              <templateId root="2.16.840.1.113883.10.20.22.4.16"/>
              <id root="2980986a-13f6-407c-9d32-bac4b1468528"/>
              <statusCode code="active"/>
              <effectiveTime xmlns:xsi="http://www.w3.org/2001/XMLSchema-instance" xsi:type="IVL_TS">
                <low value="20150622000000"/>
                <high nullFlavor="UNK"/>
              </effectiveTime>
              <effectiveTime xmlns:xsi="http://www.w3.org/2001/XMLSchema-instance" institutionSpecified="true" operator="A" xsi:type="PIVL_TS">
                <period unit="d" value="7"/>
              </effectiveTime>
              <routeCode code="C28161" codeSystem="2.16.840.1.113883.3.26.1.1" codeSystemName="NCI Thesaurus" displayName="INJECTABLE"/>
              <doseQuantity unit="U" value="1"/>
              <consumable>
                <manufacturedProduct classCode="MANU">
                  <templateId extension="2014-06-09" root="2.16.840.1.113883.10.20.22.4.23"/>
                  <templateId root="2.16.840.1.113883.10.20.22.4.23"/>
                  <id root="7dae99bb-a7ac-4098-8cef-e9f2277437f1"/>
                  <manufacturedMaterial>
                    <code code="731241" codeSystem="2.16.840.1.113883.6.88" codeSystemName="RXNORM" displayName="Aranesp 0.5MG/1ML Injection Solution"/>
                  </manufacturedMaterial>
                </manufacturedProduct>
              </consumable>
            </substanceAdministration>
          </entry>
          <entry typeCode="DRIV">
            <substanceAdministration classCode="SBADM" moodCode="EVN">
              <templateId extension="2014-06-09" root="2.16.840.1.113883.10.20.22.4.16"/>
              <templateId root="2.16.840.1.113883.10.20.22.4.16"/>
              <id root="1cea6e8f-18d6-40bc-a911-1bbbd444a67e"/>
              <statusCode code="active"/>
              <effectiveTime xmlns:xsi="http://www.w3.org/2001/XMLSchema-instance" xsi:type="IVL_TS">
                <low value="20150622000000"/>
                <high nullFlavor="UNK"/>
              </effectiveTime>
              <effectiveTime xmlns:xsi="http://www.w3.org/2001/XMLSchema-instance" institutionSpecified="true" operator="A" xsi:type="PIVL_TS">
                <period unit="h" value="12"/>
              </effectiveTime>
              <routeCode code="C28161" codeSystem="2.16.840.1.113883.3.26.1.1" codeSystemName="NCI Thesaurus" displayName="INJECTABLE"/>
              <doseQuantity unit="U" value="1"/>
              <consumable>
                <manufacturedProduct classCode="MANU">
                  <templateId extension="2014-06-09" root="2.16.840.1.113883.10.20.22.4.23"/>
                  <templateId root="2.16.840.1.113883.10.20.22.4.23"/>
                  <id root="0fdf79d6-2509-4a5d-8b1f-af5b0c1fa501"/>
                  <manufacturedMaterial>
                    <code code="309090" codeSystem="2.16.840.1.113883.6.88" codeSystemName="RXNORM" displayName="cefTRIAXone 10GM Intravenous Powder for Solution"/>
                  </manufacturedMaterial>
                </manufacturedProduct>
              </consumable>
            </substanceAdministration>
          </entry>
        </section>
      </component>
      <component>
        <section>
          <templateId root="2.16.840.1.113883.10.20.22.2.8"/>
          <code code="51848-0" codeSystem="2.16.840.1.113883.6.1" codeSystemName="LOINC" displayName="Evaluation Note"/>
          <title>Assessment</title>
          <text><table>
  <tbody>
    <tr>
      <td>
        <paragraph>You had the following problems:</paragraph>
        <list>
          <item>ESSENTIAL HYPERTENSION</item>
          <item>SEVERE HYPOTHYROIDISM</item>
          <item>CHRONIC REJECTION OF RENAL TRANSPLANT</item>
          <item>FEVER</item>
        </list>
        <paragraph>Assessment<br/>The patient was found to have fever and Dr Davis is suspecting Anemia based on the patient history. So Dr Davis asked the patient to closely monitor the temperature and blood pressure and get admitted to Community Health Hospitals if the fever does not subside within a day. <br/>
        </paragraph>
      </td>
    </tr>
  </tbody>
</table></text>
        </section>
      </component>
      <component>
        <section>
          <templateId root="2.16.840.1.113883.10.20.22.2.41"/>
          <code code="8653-8" codeSystem="2.16.840.1.113883.6.1" codeSystemName="LOINC" displayName="Hospital Discharge Instructions"/>
          <title>Hospital Discharge Instructions</title>
          <text><table>
  <tbody>
    <tr>
      <td>
        <paragraph>Should you have any questions prior to discharge, please contact a member of your healthcare team. If you have left the hospital and have any questions, please contact your primary care physician.</paragraph>
      </td>
    </tr>
  </tbody>
</table></text>
        </section>
      </component>
      <component>
        <section>
          <templateId extension="2014-06-09" root="1.3.6.1.4.1.19376.1.5.3.1.3.1"/>
          <code code="42349-1" codeSystem="2.16.840.1.113883.6.1" codeSystemName="LOINC" displayName="Reason for Referral"/>
          <title>Reason For Referral</title>
          <text><table>
  <tbody>
    <tr ID="referralReason1">
      <td>
        <paragraph>Reason for Referral: Ms Alice Newman is being referred to Community Health Hospitals Inpatient facility because of the high fever noticed and suspected Anemia.</paragraph>
        <paragraph>Receiving Provider: Community Health Hosp</paragraph>
        <paragraph>Beaverton, 97006</paragraph>
        <paragraph>Phone: 555-555-1003</paragraph>
        <paragraph>Appointment Date: 06/22/2015</paragraph>
      </td>
    </tr>
  </tbody>
</table></text>
        </section>
      </component>
      <component>
        <section>
          <templateId root="2.16.840.1.113883.10.20.22.2.7.1"/>
          <code code="47519-4" codeSystem="2.16.840.1.113883.6.1" codeSystemName="LOINC" displayName="PROCEDURES"/>
          <title>Procedures</title>
          <text><table>
  <thead>
    <tr>
      <th>Procedure Name</th>
      <th>Date</th>
      <th>Status</th>
      <th>Code</th>
      <th>Code System</th>
    </tr>
  </thead>
  <tbody>
    <tr ID="procedure0">
      <td>Nebulizer therapy</td>
      <td>06/22/2015</td>
      <td>completed</td>
      <td>56251003</td>
      <td>SNOMED CT</td>
    </tr>
    <tr ID="procedure1">
      <td>Introduction of intravenous cardiac pacemaker system</td>
      <td>10/05/2011</td>
      <td>completed</td>
      <td>175135009</td>
      <td>SNOMED CT</td>
    </tr>
  </tbody>
</table>
<table>
  <thead>
    <tr>
      <th>Implanted</th>
      <th>UDI</th>
      <th>Status</th>
      <th>Assigning Authority</th>
    </tr>
  </thead>
  <tbody>
    <tr ID="implantdevice0">
      <td>Cardiac resynchronization therapy implantable defibrillator</td>
      <td>(01)00643169007222(17)160128(21)BLC200461H</td>
      <td>Active</td>
      <td>FDA</td>
    </tr>
  </tbody>
</table></text>
          <entry typeCode="DRIV">
            <procedure classCode="PROC" moodCode="EVN">
              <templateId extension="2014-06-09" root="2.16.840.1.113883.10.20.22.4.14"/>
              <id root="2019b3dd-c015-424d-995e-831c286e19c8"/>
              <code code="56251003" codeSystem="2.16.840.1.113883.6.96" codeSystemName="SNOMED CT" displayName="Nebulizer therapy"/>
              <statusCode code="completed"/>
              <effectiveTime value="20150622"/>
            </procedure>
          </entry>
          <entry typeCode="DRIV">
            <procedure classCode="PROC" moodCode="EVN">
              <templateId extension="2014-06-09" root="2.16.840.1.113883.10.20.22.4.14"/>
              <id root="e9038111-ff17-40d3-a64c-1e9e9b360ba7"/>
              <code code="175135009" codeSystem="2.16.840.1.113883.6.96" codeSystemName="SNOMED CT" displayName="Introduction of intravenous cardiac pacemaker system"/>
              <statusCode code="completed"/>
              <effectiveTime value="20111005"/>
              <participant typeCode="DEV">
                <participantRole classCode="MANU">
                  <templateId root="2.16.840.1.113883.10.20.22.4.37"/>
                  <id assigningAuthorityName="FDA" extension="(01)00643169007222(17)160128(21)BLC200461H" root="2.16.840.1.113883.3.3719"/>
                  <playingDevice/>
                  <scopingEntity>
                    <id root="2.16.840.1.113883.3.3719"/>
                  </scopingEntity>
                </participantRole>
              </participant>
            </procedure>
          </entry>
        </section>
      </component>
      <component>
        <section>
          <templateId root="2.16.840.1.113883.10.20.22.2.5.1"/>
          <templateId extension="2015-08-01" root="2.16.840.1.113883.10.20.22.2.5.1"/>
          <code code="11450-4" codeSystem="2.16.840.1.113883.6.1" codeSystemName="LOINC" displayName="PROBLEM LIST"/>
          <title>Problems</title>
          <text><table>
  <thead>
    <tr>
      <th>Problem</th>
      <th>Start Date</th>
      <th>Resolved Date</th>
      <th>Status</th>
      <th>Code</th>
      <th>Code System</th>
    </tr>
  </thead>
  <tbody>
    <tr ID="problem1">
      <td>ESSENTIAL HYPERTENSION</td>
      <td>10/05/2011</td>
      <td/>
      <td>active</td>
      <td>59621000</td>
      <td>SNOMED-CT</td>
    </tr>
    <tr ID="problem2">
      <td>SEVERE HYPOTHYROIDISM</td>
      <td>12/31/2006</td>
      <td/>
      <td>active</td>
      <td>83986005</td>
      <td>SNOMED-CT</td>
    </tr>
    <tr ID="problem3">
      <td>CHRONIC REJECTION OF RENAL TRANSPLANT</td>
      <td>12/31/2011</td>
      <td/>
      <td>active</td>
      <td>236578006</td>
      <td>SNOMED-CT</td>
    </tr>
    <tr ID="problem4">
      <td>FEVER</td>
      <td>06/22/2015</td>
      <td/>
      <td>active</td>
      <td>386661006</td>
      <td>SNOMED-CT</td>
    </tr>
    <tr ID="problem5">
      <td>OVERWEIGHT</td>
      <td>12/31/2006</td>
      <td>06/01/2007</td>
      <td>resolved</td>
      <td>238131007</td>
      <td>SNOMED-CT</td>
    </tr>
  </tbody>
</table></text>
          <entry>
            <act classCode="ACT" moodCode="EVN">
              <templateId extension="2015-08-01" root="2.16.840.1.113883.10.20.22.4.3"/>
              <templateId root="2.16.840.1.113883.10.20.22.4.3"/>
              <id root="af94c24f-19a3-4062-881d-a96dd0574b6c"/>
              <code code="CONC" codeSystem="2.16.840.1.113883.5.6" displayName="Concern"/>
              <statusCode code="active"/>
              <effectiveTime>
                <low value="20111005"/>
              </effectiveTime>
              <entryRelationship typeCode="SUBJ">
                <observation classCode="OBS" moodCode="EVN">
                  <templateId extension="2015-08-01" root="2.16.840.1.113883.10.20.22.4.4"/>
                  <templateId root="2.16.840.1.113883.10.20.22.4.4"/>
                  <id root="06a71b6e-5352-496e-863e-fb559b2fb96f"/>
                  <code code="55607006" codeSystem="2.16.840.1.113883.6.96" codeSystemName="SNOMED CT" displayName="Problem">
                    <translation code="75326-9" codeSystem="2.16.840.1.113883.6.1" codeSystemName="LOINC" displayName="Problem"/>
                  </code>
                  <statusCode code="completed"/>
                  <effectiveTime>
                    <low value="20111005"/>
                  </effectiveTime>
                  <value xmlns:xsi="http://www.w3.org/2001/XMLSchema-instance" code="59621000" codeSystem="2.16.840.1.113883.6.96" displayName="Essential hypertension" xsi:type="CD"/>
                </observation>
              </entryRelationship>
            </act>
          </entry>
          <entry>
            <act classCode="ACT" moodCode="EVN">
              <templateId extension="2015-08-01" root="2.16.840.1.113883.10.20.22.4.3"/>
              <templateId root="2.16.840.1.113883.10.20.22.4.3"/>
              <id root="c6b0193c-8ee1-490c-9ac3-7d4495525bff"/>
              <code code="CONC" codeSystem="2.16.840.1.113883.5.6" displayName="Concern"/>
              <statusCode code="active"/>
              <effectiveTime>
                <low value="20061231"/>
              </effectiveTime>
              <entryRelationship typeCode="SUBJ">
                <observation classCode="OBS" moodCode="EVN">
                  <templateId extension="2015-08-01" root="2.16.840.1.113883.10.20.22.4.4"/>
                  <templateId root="2.16.840.1.113883.10.20.22.4.4"/>
                  <id root="40829e75-5822-4134-9424-7f0bb1560c67"/>
                  <code code="55607006" codeSystem="2.16.840.1.113883.6.96" codeSystemName="SNOMED CT" displayName="Problem">
                    <translation code="75326-9" codeSystem="2.16.840.1.113883.6.1" codeSystemName="LOINC" displayName="Problem"/>
                  </code>
                  <statusCode code="completed"/>
                  <effectiveTime>
                    <low value="20061231"/>
                  </effectiveTime>
                  <value xmlns:xsi="http://www.w3.org/2001/XMLSchema-instance" code="83986005" codeSystem="2.16.840.1.113883.6.96" displayName="Severe hypothyroidism" xsi:type="CD"/>
                </observation>
              </entryRelationship>
            </act>
          </entry>
          <entry>
            <act classCode="ACT" moodCode="EVN">
              <templateId extension="2015-08-01" root="2.16.840.1.113883.10.20.22.4.3"/>
              <templateId root="2.16.840.1.113883.10.20.22.4.3"/>
              <id root="266b0b2b-dd7e-4b54-9f97-2029dfcd8cd8"/>
              <code code="CONC" codeSystem="2.16.840.1.113883.5.6" displayName="Concern"/>
              <statusCode code="active"/>
              <effectiveTime>
                <low value="20111231"/>
              </effectiveTime>
              <entryRelationship typeCode="SUBJ">
                <observation classCode="OBS" moodCode="EVN">
                  <templateId extension="2015-08-01" root="2.16.840.1.113883.10.20.22.4.4"/>
                  <templateId root="2.16.840.1.113883.10.20.22.4.4"/>
                  <id root="6ce6226c-73dc-4faf-99ed-21d1c3baf5e3"/>
                  <code code="55607006" codeSystem="2.16.840.1.113883.6.96" codeSystemName="SNOMED CT" displayName="Problem">
                    <translation code="75326-9" codeSystem="2.16.840.1.113883.6.1" codeSystemName="LOINC" displayName="Problem"/>
                  </code>
                  <statusCode code="completed"/>
                  <effectiveTime>
                    <low value="20111231"/>
                  </effectiveTime>
                  <value xmlns:xsi="http://www.w3.org/2001/XMLSchema-instance" code="236578006" codeSystem="2.16.840.1.113883.6.96" displayName="Chronic rejection of renal transplant" xsi:type="CD"/>
                </observation>
              </entryRelationship>
            </act>
          </entry>
          <entry>
            <act classCode="ACT" moodCode="EVN">
              <templateId extension="2015-08-01" root="2.16.840.1.113883.10.20.22.4.3"/>
              <templateId root="2.16.840.1.113883.10.20.22.4.3"/>
              <id root="9ab6226e-b1de-460a-9939-e1f44305d5d2"/>
              <code code="CONC" codeSystem="2.16.840.1.113883.5.6" displayName="Concern"/>
              <statusCode code="active"/>
              <effectiveTime>
                <low value="20150622"/>
              </effectiveTime>
              <entryRelationship typeCode="SUBJ">
                <observation classCode="OBS" moodCode="EVN">
                  <templateId extension="2015-08-01" root="2.16.840.1.113883.10.20.22.4.4"/>
                  <templateId root="2.16.840.1.113883.10.20.22.4.4"/>
                  <id root="bb28719f-3b35-4c2d-a427-5cd8f8acc448"/>
                  <code code="55607006" codeSystem="2.16.840.1.113883.6.96" codeSystemName="SNOMED CT" displayName="Problem">
                    <translation code="75326-9" codeSystem="2.16.840.1.113883.6.1" codeSystemName="LOINC" displayName="Problem"/>
                  </code>
                  <statusCode code="completed"/>
                  <effectiveTime>
                    <low value="20150622"/>
                  </effectiveTime>
                  <value xmlns:xsi="http://www.w3.org/2001/XMLSchema-instance" code="386661006" codeSystem="2.16.840.1.113883.6.96" displayName="Fever" xsi:type="CD"/>
                </observation>
              </entryRelationship>
            </act>
          </entry>
          <entry>
            <act classCode="ACT" moodCode="EVN">
              <templateId extension="2015-08-01" root="2.16.840.1.113883.10.20.22.4.3"/>
              <templateId root="2.16.840.1.113883.10.20.22.4.3"/>
              <id root="942af876-1ef8-40b7-b6cd-b2678c2473d1"/>
              <code code="CONC" codeSystem="2.16.840.1.113883.5.6" displayName="Concern"/>
              <statusCode code="completed"/>
              <effectiveTime>
                <low value="20061231"/>
                <high value="20070601"/>
              </effectiveTime>
              <entryRelationship typeCode="SUBJ">
                <observation classCode="OBS" moodCode="EVN">
                  <templateId extension="2015-08-01" root="2.16.840.1.113883.10.20.22.4.4"/>
                  <templateId root="2.16.840.1.113883.10.20.22.4.4"/>
                  <id root="bb74518c-0d74-461c-9cfd-71393250b5b2"/>
                  <code code="55607006" codeSystem="2.16.840.1.113883.6.96" codeSystemName="SNOMED CT" displayName="Problem">
                    <translation code="75326-9" codeSystem="2.16.840.1.113883.6.1" codeSystemName="LOINC" displayName="Problem"/>
                  </code>
                  <statusCode code="completed"/>
                  <effectiveTime>
                    <low value="20061231"/>
                    <high value="20070601"/>
                  </effectiveTime>
                  <value xmlns:xsi="http://www.w3.org/2001/XMLSchema-instance" code="238131007" codeSystem="2.16.840.1.113883.6.96" displayName="Overweight" xsi:type="CD"/>
                </observation>
              </entryRelationship>
            </act>
          </entry>
        </section>
      </component>
      <component>
        <section>
          <templateId root="2.16.840.1.113883.10.20.22.2.6.1"/>
          <templateId extension="2015-08-01" root="2.16.840.1.113883.10.20.22.2.6.1"/>
          <code code="48765-2" codeSystem="2.16.840.1.113883.6.1" codeSystemName="LOINC" displayName="Allergies, adverse reactions, alerts"/>
          <title>Allergies</title>
          <text><table>
  <thead>
    <tr>
      <th>Allergy Substance</th>
      <th>Reaction</th>
      <th>Severity</th>
      <th>Start Date</th>
      <th>Concern Status</th>
      <th>Code</th>
      <th>Code System</th>
    </tr>
  </thead>
  <tbody>
    <tr ID="Drug1">
      <td>PENICILLIN G</td>
      <td>Hives (SNOMED-CT: 247472004)</td>
      <td>Moderate</td>
      <td>05/10/1980</td>
      <td>Active</td>
      <td>7980</td>
      <td>RxNorm</td>
    </tr>
    <tr ID="Drug2">
      <td>AMPICILLIN</td>
      <td>Hives (SNOMED-CT: 247472004)</td>
      <td>Moderate</td>
      <td>05/10/1980</td>
      <td>Active</td>
      <td>733</td>
      <td>RxNorm</td>
    </tr>
  </tbody>
</table></text>
          <entry typeCode="DRIV">
            <act classCode="ACT" moodCode="EVN">
              <templateId root="2.16.840.1.113883.10.20.22.4.30"/>
              <templateId extension="2015-08-01" root="2.16.840.1.113883.10.20.22.4.30"/>
              <id root="a75c08f1-522d-4b5a-8745-de7255826d34"/>
              <code code="CONC" codeSystem="2.16.840.1.113883.5.6"/>
              <statusCode code="active"/>
              <effectiveTime>
                <low value="20170329"/>
              </effectiveTime>
              <entryRelationship typeCode="SUBJ">
                <observation classCode="OBS" moodCode="EVN">
                  <templateId extension="2014-06-09" root="2.16.840.1.113883.10.20.22.4.7"/>
                  <templateId root="2.16.840.1.113883.10.20.22.4.7"/>
                  <id root="c90ab75c-ae21-4d97-a0a8-6b395a6c9531"/>
                  <code code="ASSERTION" codeSystem="2.16.840.1.113883.5.4"/>
                  <statusCode code="completed"/>
                  <effectiveTime>
                    <low value="19800510"/>
                  </effectiveTime>
                  <value xmlns:xsi="http://www.w3.org/2001/XMLSchema-instance" code="416098002" codeSystem="2.16.840.1.113883.6.96" codeSystemName="SNOMED CT" displayName="Drug allergy (disorder)" xsi:type="CD"/>
                  <participant typeCode="CSM">
                    <participantRole classCode="MANU">
                      <playingEntity classCode="MMAT">
                        <code code="7980" codeSystem="2.16.840.1.113883.6.88" codeSystemName="RXNORM" displayName="PENICILLIN G"/>
                      </playingEntity>
                    </participantRole>
                  </participant>
                  <entryRelationship inversionInd="true" typeCode="MFST">
                    <observation classCode="OBS" moodCode="EVN">
                      <templateId extension="2014-06-09" root="2.16.840.1.113883.10.20.22.4.9"/>
                      <templateId root="2.16.840.1.113883.10.20.22.4.9"/>
                      <id root="0acd88bd-35d6-40fe-9513-ebab78592e74"/>
                      <code code="ASSERTION" codeSystem="2.16.840.1.113883.5.4"/>
                      <statusCode code="completed"/>
                      <value xmlns:xsi="http://www.w3.org/2001/XMLSchema-instance" code="247472004" codeSystem="2.16.840.1.113883.6.96" displayName="Hives" xsi:type="CD"/>
                    </observation>
                  </entryRelationship>
                  <entryRelationship inversionInd="true" typeCode="SUBJ">
                    <observation classCode="OBS" moodCode="EVN">
                      <templateId extension="2014-06-09" root="2.16.840.1.113883.10.20.22.4.8"/>
                      <code code="SEV" codeSystem="2.16.840.1.113883.5.4" codeSystemName="ActCode" displayName="Severity Observation"/>
                      <statusCode code="completed"/>
                      <value xmlns:xsi="http://www.w3.org/2001/XMLSchema-instance" code="6736007" codeSystem="2.16.840.1.113883.6.96" codeSystemName="SNOMED CT" displayName="Moderate" xsi:type="CD"/>
                    </observation>
                  </entryRelationship>
                </observation>
              </entryRelationship>
            </act>
          </entry>
          <entry typeCode="DRIV">
            <act classCode="ACT" moodCode="EVN">
              <templateId root="2.16.840.1.113883.10.20.22.4.30"/>
              <templateId extension="2015-08-01" root="2.16.840.1.113883.10.20.22.4.30"/>
              <id root="dffeeb91-6b0d-4896-aba5-6a2d83c1e39f"/>
              <code code="CONC" codeSystem="2.16.840.1.113883.5.6"/>
              <statusCode code="active"/>
              <effectiveTime>
                <low value="20170619"/>
              </effectiveTime>
              <entryRelationship typeCode="SUBJ">
                <observation classCode="OBS" moodCode="EVN">
                  <templateId extension="2014-06-09" root="2.16.840.1.113883.10.20.22.4.7"/>
                  <templateId root="2.16.840.1.113883.10.20.22.4.7"/>
                  <id root="a5e1c8f5-6dfe-4711-b579-0081d6663f6c"/>
                  <code code="ASSERTION" codeSystem="2.16.840.1.113883.5.4"/>
                  <statusCode code="completed"/>
                  <effectiveTime>
                    <low value="19800510"/>
                  </effectiveTime>
                  <value xmlns:xsi="http://www.w3.org/2001/XMLSchema-instance" code="416098002" codeSystem="2.16.840.1.113883.6.96" codeSystemName="SNOMED CT" displayName="Drug allergy (disorder)" xsi:type="CD"/>
                  <participant typeCode="CSM">
                    <participantRole classCode="MANU">
                      <playingEntity classCode="MMAT">
                        <code code="733" codeSystem="2.16.840.1.113883.6.88" codeSystemName="RXNORM" displayName="AMPICILLIN"/>
                      </playingEntity>
                    </participantRole>
                  </participant>
                  <entryRelationship inversionInd="true" typeCode="MFST">
                    <observation classCode="OBS" moodCode="EVN">
                      <templateId extension="2014-06-09" root="2.16.840.1.113883.10.20.22.4.9"/>
                      <templateId root="2.16.840.1.113883.10.20.22.4.9"/>
                      <id root="b1c7ffa2-64e5-48c1-9efd-d7a424bd6e07"/>
                      <code code="ASSERTION" codeSystem="2.16.840.1.113883.5.4"/>
                      <statusCode code="completed"/>
                      <value xmlns:xsi="http://www.w3.org/2001/XMLSchema-instance" code="247472004" codeSystem="2.16.840.1.113883.6.96" displayName="Hives" xsi:type="CD"/>
                    </observation>
                  </entryRelationship>
                  <entryRelationship inversionInd="true" typeCode="SUBJ">
                    <observation classCode="OBS" moodCode="EVN">
                      <templateId extension="2014-06-09" root="2.16.840.1.113883.10.20.22.4.8"/>
                      <code code="SEV" codeSystem="2.16.840.1.113883.5.4" codeSystemName="ActCode" displayName="Severity Observation"/>
                      <statusCode code="completed"/>
                      <value xmlns:xsi="http://www.w3.org/2001/XMLSchema-instance" code="6736007" codeSystem="2.16.840.1.113883.6.96" codeSystemName="SNOMED CT" displayName="Moderate" xsi:type="CD"/>
                    </observation>
                  </entryRelationship>
                </observation>
              </entryRelationship>
            </act>
          </entry>
        </section>
      </component>
      <component>
        <section>
          <templateId extension="2014-06-09" root="2.16.840.1.113883.10.20.22.2.10"/>
          <code code="18776-5" codeSystem="2.16.840.1.113883.6.1" codeSystemName="LOINC" displayName="Plan of Care Note"/>
          <title>Plan of Treatment</title>
          <text><table>
  <tbody>
    <tr ID="treatmentplan1">
      <td>Urinalysis macro (dispstick) panel</td>
      <td>06/29/2015</td>
      <td>LOINC: 24357-6</td>
    </tr>
    <tr ID="treatmentplan2">
      <td>Community Health Hosp</td>
      <td colspan="2">06/22/2015</td>
    </tr>
    <tr ID="treatmentplan3">
      <td colspan="3">
        <paragraph>Plan<br/>i. Get an EKG done on 6/23/2015. <br/>ii. Take Clindamycin 300mg three times a day as needed if pain does not subside/ <br/>iii. Schedule follow on visit with Neighborhood Physicians Practice on 7/1/2015. <br/>
        </paragraph>
      </td>
    </tr>
  </tbody>
</table></text>
          <entry>
            <observation classCode="OBS" moodCode="RQO">
              <templateId extension="2014-06-09" root="2.16.840.1.113883.10.20.22.4.44"/>
              <id root="a51c7541-90bf-4ef4-a787-4e6e2f29a79c"/>
              <code code="24357-6" codeSystem="2.16.840.1.113883.6.1" codeSystemName="LOINC" displayName="Urinalysis macro (dispstick) panel"/>
              <statusCode code="active"/>
              <effectiveTime value="20150629"/>
            </observation>
          </entry>
          <entry>
            <encounter classCode="ENC" moodCode="APT">
              <templateId extension="2014-06-09" root="2.16.840.1.113883.10.20.22.4.40"/>
              <id root="3cbda9cb-08ed-4fbb-873e-7eab2659c62b"/>
              <code displayName="Community Health Hosp" nullFlavor="NI"/>
              <statusCode code="active"/>
            </encounter>
          </entry>
        </section>
      </component>
      <component>
        <section>
          <templateId extension="2015-08-01" root="2.16.840.1.113883.10.20.22.2.22.1"/>
          <code code="46240-8" codeSystem="2.16.840.1.113883.6.1" codeSystemName="LOINC" displayName="History of encounters"/>
          <title>Encounters</title>
          <text><table>
  <thead>
    <tr>
      <th>Encounter Diagnosis</th>
      <th>Start Date</th>
      <th>Code</th>
      <th>Code System</th>
    </tr>
  </thead>
  <tbody>
    <tr ID="encounterDiagnosis1">
      <td>Fever</td>
      <td>06/22/2015</td>
      <td>386661006</td>
      <td>SNOMED-CT</td>
    </tr>
  </tbody>
</table></text>
          <entry typeCode="DRIV">
            <encounter classCode="ENC" moodCode="EVN">
              <templateId extension="2015-08-01" root="2.16.840.1.113883.10.20.22.4.49"/>
              <id root="c4af1a6b-b301-4e37-9e4a-0e958b830d74"/>
              <code code="IMP" codeSystem="2.16.840.1.113883.5.4" displayName="Inpatient"/>
              <effectiveTime value="20150622000000-0500"/>
              <entryRelationship typeCode="REFR">
                <act classCode="ACT" moodCode="EVN">
                  <templateId extension="2015-08-01" root="2.16.840.1.113883.10.20.22.4.80"/>
                  <code code="29308-4" codeSystem="2.16.840.1.113883.6.1" codeSystemName="LOINC" displayName="DIAGNOSIS"/>
                  <entryRelationship typeCode="SUBJ">
                    <observation classCode="OBS" moodCode="EVN">
                      <templateId extension="2015-08-01" root="2.16.840.1.113883.10.20.22.4.4"/>
                      <id root="20019684-f44c-4377-9595-007f53cd07bf"/>
                      <code code="282291009" codeSystem="2.16.840.1.113883.6.96" codeSystemName="SNOMED CT" displayName="Diagnosis">
                        <translation code="29308-4" codeSystem="2.16.840.1.113883.6.1" codeSystemName="LOINC" displayName="Diagnosis"/>
                      </code>
                      <statusCode code="completed"/>
                      <effectiveTime>
                        <low value="20150622"/>
                      </effectiveTime>
                      <value xmlns:xsi="http://www.w3.org/2001/XMLSchema-instance" code="386661006" codeSystem="2.16.840.1.113883.6.96" displayName="Fever" xsi:type="CD"/>
                    </observation>
                  </entryRelationship>
                </act>
              </entryRelationship>
            </encounter>
          </entry>
        </section>
      </component>
      <component>
        <section>
          <templateId root="2.16.840.1.113883.10.20.22.2.60"/>
          <code code="61146-7" codeSystem="2.16.840.1.113883.6.1" codeSystemName="LOINC" displayName="Goals"/>
          <title>Goals</title>
          <text><table>
  <thead>
    <tr>
      <th>Goal</th>
    </tr>
  </thead>
  <tbody>
    <tr ID="goal1">
      <td>b. Need to gain more energy to do regular activities.</td>
    </tr>
    <tr ID="goal2">
      <td>a. Get rid of intermittent fever that is occurring every few weeks.</td>
    </tr>
  </tbody>
</table></text>
          <entry typeCode="DRIV">
            <observation classCode="OBS" moodCode="GOL">
              <templateId root="2.16.840.1.113883.10.20.22.4.121"/>
              <id nullFlavor="NI"/>
              <code/>
              <text>
                <reference value="#goal1"/>
              </text>
              <statusCode code="active"/>
              <effectiveTime value="20170706091313"/>
              <author>
                <templateId root="2.16.840.1.113883.10.20.22.4.119"/>
                <time value="20170706091313-0500"/>
                <assignedAuthor>
                  <id root="2e3cd285-59d2-48ce-ae41-9b3c1975d252"/>
                  <assignedPerson>
                    <name>
                      <given>Zack</given>
                      <family>Mann</family>
                    </name>
                  </assignedPerson>
                  <representedOrganization>
                    <name>Thrive Provider EHR</name>
                    <telecom value="5555551002"/>
                    <addr use="HP">
                      <streetAddressLine>2472 Rocky Place</streetAddressLine>
                      <city>Beaverton</city>
                      <state>OR</state>
                      <postalCode>97006</postalCode>
                    </addr>
                  </representedOrganization>
                </assignedAuthor>
              </author>
            </observation>
          </entry>
          <entry typeCode="DRIV">
            <observation classCode="OBS" moodCode="GOL">
              <templateId root="2.16.840.1.113883.10.20.22.4.121"/>
              <id nullFlavor="NI"/>
              <code/>
              <text>
                <reference value="#goal2"/>
              </text>
              <statusCode code="active"/>
              <effectiveTime value="20170706091338"/>
              <author>
                <templateId root="2.16.840.1.113883.10.20.22.4.119"/>
                <time value="20170706091338-0500"/>
                <assignedAuthor>
                  <id root="d2530ec7-6e41-4d99-9dbf-94620ee6659f"/>
                  <assignedPerson>
                    <name>
                      <given>Zack</given>
                      <family>Mann</family>
                    </name>
                  </assignedPerson>
                  <representedOrganization>
                    <name>Thrive Provider EHR</name>
                    <telecom value="5555551002"/>
                    <addr use="HP">
                      <streetAddressLine>2472 Rocky Place</streetAddressLine>
                      <city>Beaverton</city>
                      <state>OR</state>
                      <postalCode>97006</postalCode>
                    </addr>
                  </representedOrganization>
                </assignedAuthor>
              </author>
            </observation>
          </entry>
        </section>
      </component>
      <component>
        <section>
          <templateId root="2.16.840.1.113883.10.20.22.2.58"/>
          <code code="75310-3" codeSystem="2.16.840.1.113883.6.1" codeSystemName="LOINC" displayName="Health Concerns Document"/>
          <title>Health Concerns Section</title>
          <text><table>
  <thead>
    <tr>
      <th>Health Concern</th>
    </tr>
  </thead>
  <tbody>
    <tr>
      <td>Chronic sick </td>
    </tr>
    <tr>
      <td>Comment:</td>
    </tr>
    <tr>
      <td>
        <paragraph ID="Concern0">Chronic Sickness exhibited by patient</paragraph>
      </td>
    </tr>
  </tbody>
</table>
<table>
  <thead>
    <tr>
      <th>Health Concern</th>
    </tr>
  </thead>
  <tbody>
    <tr>
      <td>Chronic sick </td>
    </tr>
    <tr>
      <td>Comment:</td>
    </tr>
    <tr>
      <td>
        <paragraph ID="Concern1">HealthCare Concerns refer to underlying clinical facts
i. Documented HyperTension problem
ii. Documented HypoThyroidism problem
iii. Watch Weight of patient</paragraph>
      </td>
    </tr>
  </tbody>
</table></text>
          <entry>
            <observation classCode="OBS" moodCode="EVN">
              <templateId extension="2014-06-09" root="2.16.840.1.113883.10.20.22.4.5"/>
              <id root="0eae1ace-7fac-4fc8-9a7f-bafaa7ce6c2f"/>
              <code code="11323-3" codeSystem="2.16.840.1.113883.6.1" displayName="Health status"/>
              <text>
                <reference value="#Concern0"/>
              </text>
              <statusCode code="completed"/>
              <value xmlns:xsi="http://www.w3.org/2001/XMLSchema-instance" code="161901003" codeSystem="2.16.840.1.113883.6.96" displayName="Chronic sick " xsi:type="CD"/>
            </observation>
          </entry>
          <entry>
            <act classCode="ACT" moodCode="EVN" negationInd="true">
              <templateId extension="2015-08-01" root="2.16.840.1.113883.10.20.22.4.132"/>
              <id root="86857df8-4628-4220-b1c1-27f4ea351a91"/>
              <code code="75310-3" codeSystem="2.16.840.1.113883.6.1" codeSystemName="LOINC" displayName="Health Concern"/>
              <text>
                <reference value="#Concern0"/>
              </text>
              <statusCode code="active"/>
              <effectiveTime value="20170531"/>
            </act>
          </entry>
          <entry>
            <observation classCode="OBS" moodCode="EVN">
              <templateId extension="2014-06-09" root="2.16.840.1.113883.10.20.22.4.5"/>
              <id root="320d42c8-565c-4762-a661-291d807dd304"/>
              <code code="11323-3" codeSystem="2.16.840.1.113883.6.1" displayName="Health status"/>
              <text>
                <reference value="#Concern1"/>
              </text>
              <statusCode code="completed"/>
              <value xmlns:xsi="http://www.w3.org/2001/XMLSchema-instance" code="161901003" codeSystem="2.16.840.1.113883.6.96" displayName="Chronic sick " xsi:type="CD"/>
            </observation>
          </entry>
          <entry>
            <act classCode="ACT" moodCode="EVN" negationInd="true">
              <templateId extension="2015-08-01" root="2.16.840.1.113883.10.20.22.4.132"/>
              <id root="7a926a20-6299-4680-bd0e-189c87528fc7"/>
              <code code="75310-3" codeSystem="2.16.840.1.113883.6.1" codeSystemName="LOINC" displayName="Health Concern"/>
              <text>
                <reference value="#Concern1"/>
              </text>
              <statusCode code="active"/>
              <effectiveTime value="20170531"/>
            </act>
          </entry>
        </section>
      </component>
    </structuredBody>
  </component>
</ClinicalDocument>