<?xml version="1.0" encoding="UTF-8"?>
<?xml-stylesheet type="text/xsl" href="http://userareas.cpsi.com/downloads/cda.xsl" ?>
<ClinicalDocument xmlns="urn:hl7-org:v3" xmlns:sdtc="urn:hl7-org:sdtc" xmlns:type="http://www.w3.org/2001/XMLSchema-instance">
  <realmCode code="US" />
  <typeId extension="POCD_HD000040" root="2.16.840.1.113883.1.3" />
  <templateId root="2.16.840.1.113883.10.20.22.1.1" />
  <templateId root="2.16.840.1.113883.10.20.22.1.1" extension="2015-08-01" />
  <templateId root="2.16.840.1.113883.10.20.22.1.2" />
  <templateId root="2.16.840.1.113883.10.20.22.1.2" extension="2015-08-01" />
  <id root="ff11b329-d7a4-4bb6-a898-a2ff899f60e5" />
  <code code="34133-9" codeSystem="2.16.840.1.113883.6.1" codeSystemName="LOINC" displayName="Patient Summary 2.1" />
  <title>Patient Summary 2.1</title>
  <effectiveTime value="20170801" />
  <confidentialityCode codeSystem="2.16.840.1.113883.5.25" codeSystemName="Confidentiality" code="N" displayName="normal" />
  <languageCode code="en-US" />
  <recordTarget>
    <patientRole>
      <id root="ad12fe23-9720-4cd5-abf7-c0158f79f10e" />
      <addr use="HP">
        <streetAddressLine>1357 AMBER DR</streetAddressLine>
        <city>BEAVERTON</city>
        <state>OR</state>
        <postalCode>97006</postalCode>
        <country>US</country>
      </addr>
      <telecom value="5557231544" use="HP" />
      <telecom value="5557771234" use="MC" />
      <telecom nullFlavor="UNK" use="WP" />
      <patient>
        <name use="L">
          <given>JEREMY</given>
          <given>V</given>
          <family>BATES</family>
          <suffix>JR</suffix>
        </name>
        <administrativeGenderCode code="M" codeSystem="2.16.840.1.113883.5.1" displayName="Male" />
        <birthTime value="19800801" />
        <raceCode codeSystem="2.16.840.1.113883.6.238" codeSystemName="Race and Ethnicity - CDC" nullFlavor="NI" displayName="UNKNOWN" />
        <sdtc:raceCode codeSystem="2.16.840.1.113883.6.238" codeSystemName="Race and Ethnicity - CDC" nullFlavor="NI" displayName="UNKNOWN" />
        <ethnicGroupCode codeSystem="2.16.840.1.113883.6.238" codeSystemName="Race and Ethnicity - CDC" nullFlavor="NI" displayName="UNKNOWN" />
        <languageCommunication>
          <languageCode code="en" />
        </languageCommunication>
      </patient>
      <providerOrganization>
        <id root="5a7fd847-2a7e-4890-8fe9-32eda17696ae" />
        <name>Neighborhood Physician Practic</name>
        <telecom value="5555551002" use="WP" />
        <addr use="HP">
          <streetAddressLine>2472 Rocky Place</streetAddressLine>
          <city>Beaverton</city>
          <state>OR</state>
          <postalCode>97006</postalCode>
          <country>US</country>
        </addr>
      </providerOrganization>
    </patientRole>
  </recordTarget>
  <author>
    <time value="20170801" />
    <assignedAuthor>
      <id root="4dbc1185-2433-4800-95a8-355bf6826396" />
      <id root="23af4831-3dd1-438a-a76a-fa342098ae34" />
      <addr use="HP">
        <streetAddressLine>2472 Rocky Place</streetAddressLine>
        <city>Beaverton</city>
        <state>OR</state>
        <postalCode>97006</postalCode>
        <country>US</country>
      </addr>
      <telecom value="5555551002" />
      <assignedPerson>
        <name nullFlavor="NI" />
      </assignedPerson>
    </assignedAuthor>
  </author>
  <custodian>
    <assignedCustodian>
      <representedCustodianOrganization>
        <id root="5a7fd847-2a7e-4890-8fe9-32eda17696ae" />
        <name>Neighborhood Physician Practic</name>
        <telecom value="5555551002" />
        <addr use="HP">
          <streetAddressLine>2472 Rocky Place</streetAddressLine>
          <city>Beaverton</city>
          <state>OR</state>
          <postalCode>97006</postalCode>
          <country>US</country>
        </addr>
      </representedCustodianOrganization>
    </assignedCustodian>
  </custodian>
  <documentationOf>
    <serviceEvent classCode="PCPR">
      <effectiveTime>
        <low value="20150722" />
        <high value="20150722" />
      </effectiveTime>
      <performer typeCode="PRF">
        <functionCode codeSystem="2.16.840.1.113883.5.88" codeSystemName="ParticipationFunction" displayName="Office Contact" nullFlavor="NI">
          <originalText>Office Contact</originalText>
        </functionCode>
        <assignedEntity>
          <id root="8c034732-1385-4439-9791-8d9a8848922b" />
          <addr use="HP">
            <streetAddressLine>2472 Rocky Place</streetAddressLine>
            <city>Beaverton</city>
            <state>OR</state>
            <postalCode>97006</postalCode>
          </addr>
          <telecom value="5555551002" />
          <assignedPerson>
            <name>
              <family>Tracy Davis</family>
            </name>
          </assignedPerson>
          <representedOrganization>
            <id root="64833c40-d406-433b-871b-15467e0c3bc4" />
            <name>Neighborhood Physician Pr</name>
            <telecom value="2516398100" />
            <addr use="HP">
              <streetAddressLine>2472 Rocky Place</streetAddressLine>
              <city>Beaverton</city>
              <state>OR</state>
              <postalCode>97006</postalCode>
            </addr>
          </representedOrganization>
        </assignedEntity>
      </performer>
      <performer typeCode="PRF">
        <functionCode codeSystem="2.16.840.1.113883.5.88" codeSystemName="ParticipationFunction" code="careteam" displayName="Registered Nurse">
          <originalText>Registered Nurse</originalText>
        </functionCode>
        <assignedEntity>
          <id root="f4675f70-4a4a-469d-b7f5-f92041189bc7" />
          <addr use="HP">
            <streetAddressLine>2472 Rocky Place</streetAddressLine>
            <city>Beaverton</city>
            <state>OR</state>
            <postalCode>97006</postalCode>
          </addr>
          <telecom value="5555551002" />
          <assignedPerson>
            <name>
              <family>Tracy Davis</family>
            </name>
          </assignedPerson>
          <representedOrganization>
            <id root="5a7fd847-2a7e-4890-8fe9-32eda17696ae" />
            <name>Thrive Provider EHR</name>
            <telecom value="5555551002" />
            <addr use="HP">
              <streetAddressLine>2472 Rocky Place</streetAddressLine>
              <city>Beaverton</city>
              <state>OR</state>
              <postalCode>97006</postalCode>
            </addr>
          </representedOrganization>
        </assignedEntity>
      </performer>
      <performer typeCode="PRF">
        <functionCode codeSystem="2.16.840.1.113883.5.88" codeSystemName="ParticipationFunction" code="ATTENDING" displayName="Attending">
          <originalText>Attending</originalText>
        </functionCode>
        <assignedEntity>
          <id root="c0f476d9-a085-4d07-b02a-d27612a505e1" />
          <addr use="HP">
            <streetAddressLine>2472 ROCKY PLACE</streetAddressLine>
            <city>BEAVERTON</city>
            <state>OR</state>
            <postalCode>97006</postalCode>
          </addr>
          <telecom value="5555551002" />
          <assignedPerson>
            <name>
              <family>DAVIS ALBERT</family>
            </name>
          </assignedPerson>
          <representedOrganization>
            <id root="5a7fd847-2a7e-4890-8fe9-32eda17696ae" />
            <name>Thrive Provider EHR</name>
            <telecom value="5555551002" />
            <addr use="HP">
              <streetAddressLine>2472 Rocky Place</streetAddressLine>
              <city>Beaverton</city>
              <state>OR</state>
              <postalCode>97006</postalCode>
            </addr>
          </representedOrganization>
        </assignedEntity>
      </performer>
      <performer typeCode="PRF">
        <functionCode codeSystem="2.16.840.1.113883.5.88" codeSystemName="ParticipationFunction" displayName="Referring Provider" nullFlavor="NI">
          <originalText>Referring Provider</originalText>
        </functionCode>
        <assignedEntity>
          <id root="155fadf3-876c-4346-a8f0-bbf34511dd7b" />
          <addr use="HP">
            <streetAddressLine>2472 ROCKY PLACE</streetAddressLine>
            <city>BEAVERTON</city>
            <state>OR</state>
            <postalCode>97006</postalCode>
          </addr>
          <telecom nullFlavor="UNK" />
          <assignedPerson>
            <name>
              <family>DAVIS ALBERT</family>
            </name>
          </assignedPerson>
        </assignedEntity>
      </performer>
    </serviceEvent>
  </documentationOf>
  <componentOf>
    <encompassingEncounter>
      <id root="77693e71-5363-4832-a9b6-445856cef088" />
      <effectiveTime>
        <low value="20150722000000" />
        <high value="20150722071000" />
      </effectiveTime>
    </encompassingEncounter>
  </componentOf>
  <component>
    <structuredBody>
      <component>
        <section nullFlavor="NI">
          <templateId root="2.16.840.1.113883.10.20.22.2.14" />
          <code code="47420-5" codeSystem="2.16.840.1.113883.6.1" codeSystemName="LOINC" displayName="Functional Status" />
          <title>Functional Status</title>
          <text><table><thead><tr><td></td></tr></thead><tbody><tr><td>No Data Found</td></tr></tbody></table></text>
        </section>
      </component>
      <component>
        <section nullFlavor="NI">
          <templateId root="2.16.840.1.113883.10.20.22.2.2.1" />
          <code code="11369-6" codeSystem="2.16.840.1.113883.6.1" codeSystemName="LOINC" displayName="History of Immunization Narrative" />
          <title>Immunization</title>
          <text><table><thead><tr><td></td></tr></thead><tbody><tr><td>No Data Found</td></tr></tbody></table></text>
        </section>
      </component>
      <component>
        <section nullFlavor="NI">
          <templateId root="2.16.840.1.113883.10.20.22.2.56" />
          <code code="10190-7" codeSystem="2.16.840.1.113883.6.1" codeSystemName="LOINC" displayName="Mental Status" />
          <title>Mental Status</title>
          <text><table><thead><tr><td></td></tr></thead><tbody><tr><td>No Data Found</td></tr></tbody></table></text>
        </section>
      </component>
      <component>
        <section nullFlavor="NI">
          <templateId root="2.16.840.1.113883.10.20.22.2.3.1" extension="2015-08-01" />
          <templateId root="2.16.840.1.113883.10.20.22.2.3.1" />
          <code code="30954-2" codeSystem="2.16.840.1.113883.6.1" codeSystemName="LOINC" displayName="RELEVANT DIAGNOSTIC TESTS AND/OR LABORATORY DATA" />
          <title>Results</title>
          <text><table><thead><tr><td></td></tr></thead><tbody><tr><td>No Data Found</td></tr></tbody></table></text>
        </section>
      </component>
      <component>
        <section>
          <templateId root="2.16.840.1.113883.10.20.22.2.17" extension="2015-08-01" />
          <templateId root="2.16.840.1.113883.10.20.22.2.17" />
          <code code="29762-2" codeSystem="2.16.840.1.113883.6.1" codeSystemName="LOINC" displayName="Social History" />
          <title>Social History</title>
          <text><table>
  <thead>
    <tr>
      <th>Type</th>
      <th>Status</th>
      <th>Start Date</th>
      <th>End Date</th>
      <th>Code</th>
      <th>Code System</th>
    </tr>
  </thead>
  <tbody>
    <tr ID="socialHistory1">
      <td>Smoking History</td>
      <td>Current every day smoker</td>
      <td>07/22/2015</td>
      <td/>
      <td>449868002</td>
      <td>SNOMED-CT</td>
    </tr>
  </tbody>
</table></text>
          <entry typeCode="DRIV">
            <observation classCode="OBS" moodCode="EVN">
              <templateId root="2.16.840.1.113883.10.20.22.4.78" extension="2014-06-09" />
              <id root="eb78e933-0ef5-479d-ae14-ebbd3f77a081" />
              <code code="72166-2" codeSystem="2.16.840.1.113883.6.1" codeSystemName="LOINC" displayName="Tobacco Smoking Status" />
              <statusCode code="completed" />
              <effectiveTime value="20150722" />
              <value xmlns:xsi="http://www.w3.org/2001/XMLSchema-instance" xsi:type="CD" codeSystem="2.16.840.1.113883.6.96" code="449868002" displayName="Current every day smoker" />
            </observation>
          </entry>
        </section>
      </component>
      <component>
        <section>
          <templateId root="2.16.840.1.113883.10.20.22.2.4.1" extension="2015-08-01" />
          <templateId root="2.16.840.1.113883.10.20.22.2.4.1" />
          <code code="8716-3" codeSystem="2.16.840.1.113883.6.1" codeSystemName="LOINC" displayName="Vital Signs" />
          <title>Vital Signs</title>
          <text><table>
  <thead>
    <tr>
      <th>Vital Sign</th>
      <th>Value</th>
      <th>Unit</th>
      <th>Date/Time</th>
      <th>Recent/Initial?</th>
      <th>Code</th>
      <th>Code System</th>
    </tr>
  </thead>
  <tbody>
    <tr ID="vitalSign0">
      <td>Body Mass Index</td>
      <td>28.09</td>
      <td>kg/m2</td>
      <td>07/22/2015 02:05</td>
      <td>Inital</td>
      <td>39156-5</td>
      <td>LOINC</td>
    </tr>
    <tr ID="vitalSign1">
      <td>Systolic Blood Pressure</td>
      <td>145</td>
      <td>mm[Hg]</td>
      <td>07/22/2015 14:10</td>
      <td>Inital</td>
      <td>8480-6</td>
      <td>LOINC</td>
    </tr>
    <tr ID="vitalSign2">
      <td>Diastolic Blood Pressure</td>
      <td>88</td>
      <td>mm[Hg]</td>
      <td>07/22/2015 14:10</td>
      <td>Inital</td>
      <td>8462-4</td>
      <td>LOINC</td>
    </tr>
    <tr ID="vitalSign3">
      <td>Body Surface Area</td>
      <td>2.08</td>
      <td>m2</td>
      <td>07/22/2015 02:05</td>
      <td>Inital</td>
      <td>3140-1</td>
      <td>LOINC</td>
    </tr>
    <tr ID="vitalSign4">
      <td>Height</td>
      <td>177.0126</td>
      <td>cm</td>
      <td>07/22/2015 02:05</td>
      <td>Inital</td>
      <td>8302-2</td>
      <td>LOINC</td>
    </tr>
    <tr ID="vitalSign5">
      <td>Weight</td>
      <td>88.00</td>
      <td>kg</td>
      <td>07/22/2015 02:05</td>
      <td>Inital</td>
      <td>29463-7</td>
      <td>LOINC</td>
    </tr>
  </tbody>
</table></text>
          <entry typeCode="DRIV">
            <organizer classCode="CLUSTER" moodCode="EVN">
              <templateId root="2.16.840.1.113883.10.20.22.4.26" extension="2015-08-01" />
              <id root="2d5580f5-c743-41da-b7c8-5a729d0e8c98" />
              <code code="46680005" codeSystem="2.16.840.1.113883.6.96" codeSystemName="SNOMED CT" displayName="Vital Signs">
                <translation code="74728-7" codeSystem="2.16.840.1.113883.6.1" displayName="Vital signs, weight, height, head circumference, oximetry, BMI, and BSA panel" codeSystemName="LOINC" />
              </code>
              <statusCode code="completed" />
              <effectiveTime>
                <low value="20150722" />
                <high value="20150722" />
              </effectiveTime>
              <component>
                <observation classCode="OBS" moodCode="EVN">
                  <templateId root="2.16.840.1.113883.10.20.22.4.27" extension="2014-06-09" />
                  <templateId root="2.16.840.1.113883.10.20.22.4.27" />
                  <id root="d0d9bd45-0490-4639-84df-53cb3d8520e1" />
                  <code code="39156-5" codeSystem="2.16.840.1.113883.6.1" codeSystemName="LOINC" displayName="BMI (Body Mass Index)" />
                  <statusCode code="completed" />
                  <effectiveTime value="20150722" />
                  <value xmlns:xsi="http://www.w3.org/2001/XMLSchema-instance" xsi:type="PQ" unit="kg/m2" value="28.09" />
                </observation>
              </component>
              <component>
                <observation classCode="OBS" moodCode="EVN">
                  <templateId root="2.16.840.1.113883.10.20.22.4.27" extension="2014-06-09" />
                  <templateId root="2.16.840.1.113883.10.20.22.4.27" />
                  <id root="bb087ed0-3243-44d3-9d2b-8ad401b2ef69" />
                  <code code="8480-6" codeSystem="2.16.840.1.113883.6.1" codeSystemName="LOINC" displayName="BP Systolic" />
                  <statusCode code="completed" />
                  <effectiveTime value="20150722" />
                  <value xmlns:xsi="http://www.w3.org/2001/XMLSchema-instance" xsi:type="PQ" unit="mm[Hg]" value="145" />
                </observation>
              </component>
              <component>
                <observation classCode="OBS" moodCode="EVN">
                  <templateId root="2.16.840.1.113883.10.20.22.4.27" extension="2014-06-09" />
                  <templateId root="2.16.840.1.113883.10.20.22.4.27" />
                  <id root="79b946ee-6ba6-4fe2-99bd-3723b4ccf29a" />
                  <code code="8462-4" codeSystem="2.16.840.1.113883.6.1" codeSystemName="LOINC" displayName="BP Diastolic" />
                  <statusCode code="completed" />
                  <effectiveTime value="20150722" />
                  <value xmlns:xsi="http://www.w3.org/2001/XMLSchema-instance" xsi:type="PQ" unit="mm[Hg]" value="88" />
                </observation>
              </component>
              <component>
                <observation classCode="OBS" moodCode="EVN">
                  <templateId root="2.16.840.1.113883.10.20.22.4.27" extension="2014-06-09" />
                  <templateId root="2.16.840.1.113883.10.20.22.4.27" />
                  <id root="25b5ab42-85ef-4c1e-a2fe-fad512cf26ca" />
                  <code code="3140-1" codeSystem="2.16.840.1.113883.6.1" codeSystemName="LOINC" displayName="Body Surface" />
                  <statusCode code="completed" />
                  <effectiveTime value="20150722" />
                  <value xmlns:xsi="http://www.w3.org/2001/XMLSchema-instance" xsi:type="PQ" unit="m2" value="2.08" />
                </observation>
              </component>
              <component>
                <observation classCode="OBS" moodCode="EVN">
                  <templateId root="2.16.840.1.113883.10.20.22.4.27" extension="2014-06-09" />
                  <templateId root="2.16.840.1.113883.10.20.22.4.27" />
                  <id root="a484f630-1986-4e1f-ad24-27bcedc6b159" />
                  <code code="8302-2" codeSystem="2.16.840.1.113883.6.1" codeSystemName="LOINC" displayName="Height" />
                  <statusCode code="completed" />
                  <effectiveTime value="20150722" />
                  <value xmlns:xsi="http://www.w3.org/2001/XMLSchema-instance" xsi:type="PQ" unit="cm" value="177.0126" />
                </observation>
              </component>
              <component>
                <observation classCode="OBS" moodCode="EVN">
                  <templateId root="2.16.840.1.113883.10.20.22.4.27" extension="2014-06-09" />
                  <templateId root="2.16.840.1.113883.10.20.22.4.27" />
                  <id root="e696d542-401c-4d67-a321-42c57dccfbd9" />
                  <code code="29463-7" codeSystem="2.16.840.1.113883.6.1" codeSystemName="LOINC" displayName="Weight Measured" />
                  <statusCode code="completed" />
                  <effectiveTime value="20150722" />
                  <value xmlns:xsi="http://www.w3.org/2001/XMLSchema-instance" xsi:type="PQ" unit="kg" value="88.00" />
                </observation>
              </component>
            </organizer>
          </entry>
        </section>
      </component>
      <component>
        <section nullFlavor="NI">
          <templateId root="2.16.840.1.113883.10.20.22.2.1.1" extension="2014-06-09" />
          <templateId root="2.16.840.1.113883.10.20.22.2.1.1" />
          <templateId root="2.16.840.1.113883.10.20.34.2.1" extension="2014-06-09" />
          <templateId root="2.16.840.1.113883.10.20.34.2.1" />
          <code code="10160-0" codeSystem="2.16.840.1.113883.6.1" codeSystemName="LOINC" displayName="HISTORY OF MEDICATION USE" />
          <title>Medications</title>
          <text><table><thead><tr><td></td></tr></thead><tbody><tr><td>No Active Meds</td></tr></tbody></table></text>
        </section>
      </component>
      <component>
        <section>
          <templateId root="2.16.840.1.113883.10.20.22.2.8" />
          <code code="51848-0" codeSystem="2.16.840.1.113883.6.1" codeSystemName="LOINC" displayName="Evaluation Note" />
          <title>Assessment</title>
          <text><table>
  <tbody>
    <tr>
      <td>
        <paragraph>You had the following problems:</paragraph>
        <list>
          <item>This Patient has no active problems.</item>
        </list>
        <paragraph>Assessment<br/>i. The Patient was found to be healthy and advised to follow his current routine of exercise, work, sleep and quality of life. <br/>
        </paragraph>
      </td>
    </tr>
  </tbody>
</table></text>
        </section>
      </component>
      <component>
        <section>
          <templateId root="2.16.840.1.113883.10.20.22.2.41" />
          <code code="8653-8" codeSystem="2.16.840.1.113883.6.1" codeSystemName="LOINC" displayName="Hospital Discharge Instructions" />
          <title>Hospital Discharge Instructions</title>
          <text><table>
  <tbody>
    <tr>
      <td>
        <paragraph>Should you have any questions prior to discharge, please contact a member of your healthcare team. If you have left the hospital and have any questions, please contact your primary care physician.</paragraph>
      </td>
    </tr>
  </tbody>
</table></text>
        </section>
      </component>
      <component>
        <section>
          <templateId root="1.3.6.1.4.1.19376.1.5.3.1.3.1" extension="2014-06-09" />
          <code code="42349-1" codeSystem="2.16.840.1.113883.6.1" codeSystemName="LOINC" displayName="Reason for Referral" />
          <title>Reason For Referral</title>
          <text><table>
  <tbody>
    <tr ID="referralReason1">
      <td/>
    </tr>
  </tbody>
</table></text>
        </section>
      </component>
      <component>
        <section nullFlavor="NI">
          <templateId root="2.16.840.1.113883.10.20.22.2.7.1" />
          <code code="47519-4" codeSystem="2.16.840.1.113883.6.1" codeSystemName="LOINC" displayName="PROCEDURES" />
          <title>Procedures</title>
          <text><table><thead><tr><td></td></tr></thead><tbody><tr><td>No Data Found</td></tr></tbody></table></text>
        </section>
      </component>
      <component>
        <section>
          <templateId root="2.16.840.1.113883.10.20.22.2.5.1" />
          <templateId root="2.16.840.1.113883.10.20.22.2.5.1" extension="2015-08-01" />
          <code code="11450-4" codeSystem="2.16.840.1.113883.6.1" codeSystemName="LOINC" displayName="PROBLEM LIST" />
          <title>Problems</title>
          <text><table>
  <thead>
    <tr>
      <th>Problem</th>
      <th>Start Date</th>
      <th>Resolved Date</th>
      <th>Status</th>
      <th>Code</th>
      <th>Code System</th>
    </tr>
  </thead>
  <tbody>
    <tr ID="problem1">
      <td>No Active Problems</td>
      <td/>
      <td/>
      <td>active</td>
      <td/>
      <td>SNOMED-CT</td>
    </tr>
  </tbody>
</table></text>
          <entry>
            <act classCode="ACT" moodCode="EVN">
              <templateId root="2.16.840.1.113883.10.20.22.4.3" extension="2015-08-01" />
              <templateId root="2.16.840.1.113883.10.20.22.4.3" />
              <id root="b74e63d3-d2b9-46b3-bde2-c6b4bb76d934" />
              <code code="CONC" codeSystem="2.16.840.1.113883.5.6" displayName="Concern" />
              <statusCode code="active" />
              <effectiveTime>
                <low nullFlavor="UNK" />
              </effectiveTime>
              <entryRelationship typeCode="SUBJ">
                <observation classCode="OBS" moodCode="EVN" negationInd="true">
                  <templateId root="2.16.840.1.113883.10.20.22.4.4" extension="2015-08-01" />
                  <templateId root="2.16.840.1.113883.10.20.22.4.4" />
                  <id root="33651cfa-82bd-4123-b689-e9bce3ff826e" />
                  <code code="55607006" codeSystem="2.16.840.1.113883.6.96" codeSystemName="SNOMED CT" displayName="Problem">
                    <translation code="75326-9" codeSystem="2.16.840.1.113883.6.1" codeSystemName="LOINC" displayName="Problem" />
                  </code>
                  <statusCode code="completed" />
                  <effectiveTime>
                    <low nullFlavor="UNK" />
                  </effectiveTime>
                  <value xmlns:xsi="http://www.w3.org/2001/XMLSchema-instance" xsi:type="CD" codeSystem="2.16.840.1.113883.6.96" code="55607006" displayName="Problem" />
                </observation>
              </entryRelationship>
            </act>
          </entry>
        </section>
      </component>
      <component>
        <section>
          <templateId root="2.16.840.1.113883.10.20.22.2.6.1" />
          <templateId root="2.16.840.1.113883.10.20.22.2.6.1" extension="2015-08-01" />
          <code code="48765-2" codeSystem="2.16.840.1.113883.6.1" codeSystemName="LOINC" displayName="Allergies, adverse reactions, alerts" />
          <title>Allergies</title>
          <text><table>
  <thead>
    <tr>
      <th>Allergy Substance</th>
      <th>Reaction</th>
      <th>Severity</th>
      <th>Start Date</th>
      <th>Concern Status</th>
      <th>Code</th>
      <th>Code System</th>
    </tr>
  </thead>
  <tbody>
    <tr ID="Drug1">
      <td>No Known Drug Allergies</td>
      <td/>
      <td/>
      <td>07/22/2015</td>
      <td>Active</td>
      <td/>
      <td>RxNorm</td>
    </tr>
  </tbody>
</table></text>
          <entry typeCode="DRIV">
            <act classCode="ACT" moodCode="EVN">
              <templateId root="2.16.840.1.113883.10.20.22.4.30" />
              <templateId root="2.16.840.1.113883.10.20.22.4.30" extension="2015-08-01" />
              <id root="b3eb57e4-1318-460a-bb1e-9368b00489c5" />
              <code code="CONC" codeSystem="2.16.840.1.113883.5.6" />
              <statusCode code="active" />
              <effectiveTime>
                <low value="20170628" />
              </effectiveTime>
              <entryRelationship typeCode="SUBJ" negationInd="true">
                <observation classCode="OBS" moodCode="EVN">
                  <templateId root="2.16.840.1.113883.10.20.22.4.7" extension="2014-06-09" />
                  <templateId root="2.16.840.1.113883.10.20.22.4.7" />
                  <id root="06cdc8dd-b2e2-4b19-accd-348ef5c046aa" />
                  <code code="ASSERTION" codeSystem="2.16.840.1.113883.5.4" />
                  <statusCode code="completed" />
                  <effectiveTime>
                    <low value="20150722" />
                  </effectiveTime>
                  <value xmlns:xsi="http://www.w3.org/2001/XMLSchema-instance" xsi:type="CD" codeSystem="2.16.840.1.113883.6.96" codeSystemName="SNOMED CT" code="416098002" displayName="No known drug allergies" nullFlavor="OTH" />
                  <participant typeCode="CSM">
                    <participantRole classCode="MANU">
                      <playingEntity classCode="MMAT">
                        <code nullFlavor="UNK" />
                      </playingEntity>
                    </participantRole>
                  </participant>
                </observation>
              </entryRelationship>
            </act>
          </entry>
        </section>
      </component>
      <component>
        <section>
          <templateId root="2.16.840.1.113883.10.20.22.2.10" extension="2014-06-09" />
          <code code="18776-5" codeSystem="2.16.840.1.113883.6.1" codeSystemName="LOINC" displayName="Plan of Care Note" />
          <title>Plan of Treatment</title>
          <text><table>
  <tbody>
    <tr ID="treatmentplan1">
      <td/>
      <td colspan="2"/>
    </tr>
    <tr ID="treatmentplan2">
      <td colspan="3">
        <paragraph>Plan<br/>i. Schedule a visit for next year. <br/>
        </paragraph>
      </td>
    </tr>
  </tbody>
</table></text>
          <entry>
            <encounter classCode="ENC" moodCode="APT">
              <templateId root="2.16.840.1.113883.10.20.22.4.40" extension="2014-06-09" />
              <id root="a83fc314-cb66-4340-b0ef-c7260cbee592" />
              <code nullFlavor="NI" />
              <statusCode code="active" />
              <effectiveTime nullFlavor="UNK" />
            </encounter>
          </entry>
        </section>
      </component>
      <component>
        <section>
          <templateId root="2.16.840.1.113883.10.20.22.2.22.1" extension="2015-08-01" />
          <code code="46240-8" codeSystem="2.16.840.1.113883.6.1" codeSystemName="LOINC" displayName="History of encounters" />
          <title>Encounters</title>
          <text><table>
  <thead>
    <tr>
      <th>Encounter Diagnosis</th>
      <th>Start Date</th>
      <th>Code</th>
      <th>Code System</th>
    </tr>
  </thead>
  <tbody>
    <tr ID="encounterDiagnosis1">
      <td>Encounter for routine adult physical exam without abnormal finding</td>
      <td>07/22/2015</td>
      <td>268565007</td>
      <td>SNOMED-CT</td>
    </tr>
  </tbody>
</table></text>
          <entry typeCode="DRIV">
            <encounter classCode="ENC" moodCode="EVN">
              <templateId root="2.16.840.1.113883.10.20.22.4.49" extension="2015-08-01" />
              <id root="6cfbb89d-79e8-48a4-8373-b259d6a265be" />
              <code code="IMP" codeSystem="2.16.840.1.113883.5.4" displayName="Inpatient" />
              <effectiveTime value="20150722000000-0500" />
              <entryRelationship typeCode="REFR">
                <act classCode="ACT" moodCode="EVN">
                  <templateId root="2.16.840.1.113883.10.20.22.4.80" extension="2015-08-01" />
                  <code code="29308-4" codeSystem="2.16.840.1.113883.6.1" codeSystemName="LOINC" displayName="DIAGNOSIS" />
                  <entryRelationship typeCode="SUBJ">
                    <observation classCode="OBS" moodCode="EVN">
                      <templateId root="2.16.840.1.113883.10.20.22.4.4" extension="2015-08-01" />
                      <id root="0482b149-133d-4f72-b2ec-c5ae5b8520c7" />
                      <code code="282291009" codeSystem="2.16.840.1.113883.6.96" codeSystemName="SNOMED CT" displayName="Diagnosis">
                        <translation code="29308-4" codeSystem="2.16.840.1.113883.6.1" codeSystemName="LOINC" displayName="Diagnosis" />
                      </code>
                      <statusCode code="completed" />
                      <effectiveTime>
                        <low value="20150722" />
                      </effectiveTime>
                      <value xmlns:xsi="http://www.w3.org/2001/XMLSchema-instance" xsi:type="CD" codeSystem="2.16.840.1.113883.6.96" code="268565007" displayName="Encounter for routine adult physical exam without abnormal finding" />
                    </observation>
                  </entryRelationship>
                </act>
              </entryRelationship>
            </encounter>
          </entry>
        </section>
      </component>
      <component>
        <section nullFlavor="NI">
          <templateId root="2.16.840.1.113883.10.20.22.2.60" />
          <code code="61146-7" codeSystem="2.16.840.1.113883.6.1" codeSystemName="LOINC" displayName="Goals" />
          <title>Goals</title>
          <text><table><thead><tr><td></td></tr></thead><tbody><tr><td>No Data Found</td></tr></tbody></table></text>
        </section>
      </component>
      <component>
        <section nullFlavor="NI">
          <templateId root="2.16.840.1.113883.10.20.22.2.58" />
          <code code="75310-3" codeSystem="2.16.840.1.113883.6.1" codeSystemName="LOINC" displayName="Health Concerns Document" />
          <title>Health Concerns Section</title>
          <text><table><thead><tr><td></td></tr></thead><tbody><tr><td>No Data Found</td></tr></tbody></table></text>
        </section>
      </component>
    </structuredBody>
  </component>
</ClinicalDocument>
